{
  "depot": "KARIMNAGAR-I",
  "target_date": "2026-04-25",
  "predicted_depot_pkm": 1478801.625,
  "total_services": 108,
  "count_add_slot": 4,
  "count_cut": 0,
  "count_no_change": 104,
  "total_allocated_pkm": 1367504.717349371,
  "quadrant_counts": {
    "OVERSUPPLY": 70,
    "UNDERSUPPLY": 33,
    "INEFFICIENT": 5
  },
  "quadrant_pcts": {
    "OVERSUPPLY": 64.8,
    "UNDERSUPPLY": 30.6,
    "INEFFICIENT": 4.6
  },
  "total_revenue": 1702999.4970367583,
  "total_contribution": 565467.7370367582,
  "total_planned_kms": 47350.0,
  "depot_avg_epk": 37.803286841152456,
  "depot_avg_or": 0.607441743197726,
  "revenue_by_quadrant": {
    "INEFFICIENT": 13895.552464786339,
    "OVERSUPPLY": 1073663.335716336,
    "UNDERSUPPLY": 615440.6088556356
  },
  "contribution_by_quadrant": {
    "INEFFICIENT": -84791.98753521366,
    "OVERSUPPLY": 397958.9557163361,
    "UNDERSUPPLY": 252300.76885563563
  }
}