{
  "depot": "WARANGAL-II",
  "target_date": "2026-04-25",
  "predicted_depot_pkm": 2010745.875,
  "total_services": 158,
  "count_add_slot": 1,
  "count_cut": 0,
  "count_no_change": 157,
  "total_allocated_pkm": 1996881.3588647116,
  "quadrant_counts": {
    "INEFFICIENT": 98,
    "OVERSUPPLY": 34,
    "UNDERSUPPLY": 26
  },
  "quadrant_pcts": {
    "INEFFICIENT": 62.0,
    "OVERSUPPLY": 21.5,
    "UNDERSUPPLY": 16.5
  },
  "total_revenue": 2623568.9177324343,
  "total_contribution": -299862.04226756544,
  "total_planned_kms": 75132.0,
  "depot_avg_epk": 35.106263886988145,
  "depot_avg_or": 0.5465959226028099,
  "revenue_by_quadrant": {
    "INEFFICIENT": 1301924.6136625104,
    "OVERSUPPLY": 681413.4268598837,
    "UNDERSUPPLY": 640230.8772100403
  },
  "contribution_by_quadrant": {
    "INEFFICIENT": -532601.8463374896,
    "OVERSUPPLY": 72915.12685988378,
    "UNDERSUPPLY": 159824.67721004033
  }
}