{
  "depot": "BANSWADA",
  "target_date": "2026-04-25",
  "predicted_depot_pkm": 1401134.125,
  "total_services": 92,
  "count_add_slot": 6,
  "count_cut": 0,
  "count_no_change": 86,
  "total_allocated_pkm": 1283869.5333062024,
  "quadrant_counts": {
    "OVERSUPPLY": 52,
    "UNDERSUPPLY": 31,
    "INEFFICIENT": 9
  },
  "quadrant_pcts": {
    "OVERSUPPLY": 56.5,
    "UNDERSUPPLY": 33.7,
    "INEFFICIENT": 9.8
  },
  "total_revenue": 1532462.720040122,
  "total_contribution": 829091.530040122,
  "total_planned_kms": 37832.0,
  "depot_avg_epk": 39.571546841812854,
  "depot_avg_or": 0.5977133571662612,
  "revenue_by_quadrant": {
    "INEFFICIENT": 13038.663237009638,
    "OVERSUPPLY": 811745.619136591,
    "UNDERSUPPLY": 707678.4376665213
  },
  "contribution_by_quadrant": {
    "INEFFICIENT": -51932.93676299037,
    "OVERSUPPLY": 419374.34913659096,
    "UNDERSUPPLY": 461650.1176665213
  }
}