{
  "depot": "THORROR",
  "target_date": "2026-04-25",
  "predicted_depot_pkm": 1585399.125,
  "total_services": 94,
  "count_add_slot": 26,
  "count_cut": 0,
  "count_no_change": 68,
  "total_allocated_pkm": 1484923.4248368046,
  "quadrant_counts": {
    "UNDERSUPPLY": 59,
    "OVERSUPPLY": 28,
    "INEFFICIENT": 7
  },
  "quadrant_pcts": {
    "UNDERSUPPLY": 62.8,
    "OVERSUPPLY": 29.8,
    "INEFFICIENT": 7.4
  },
  "total_revenue": 1850331.4299848422,
  "total_contribution": 912600.6599848417,
  "total_planned_kms": 40942.0,
  "depot_avg_epk": 45.32035458471886,
  "depot_avg_or": 0.716809740469082,
  "revenue_by_quadrant": {
    "INEFFICIENT": 28267.28745661641,
    "OVERSUPPLY": 480330.45470705826,
    "UNDERSUPPLY": 1341733.687821167
  },
  "contribution_by_quadrant": {
    "INEFFICIENT": -33285.41254338359,
    "OVERSUPPLY": 201370.99470705824,
    "UNDERSUPPLY": 744515.0778211671
  }
}