{
  "depot": "NARSAMPET",
  "target_date": "2026-04-25",
  "predicted_depot_pkm": 1423156.375,
  "total_services": 94,
  "count_add_slot": 13,
  "count_cut": 0,
  "count_no_change": 81,
  "total_allocated_pkm": 1320139.0830881763,
  "quadrant_counts": {
    "UNDERSUPPLY": 49,
    "OVERSUPPLY": 39,
    "INEFFICIENT": 6
  },
  "quadrant_pcts": {
    "UNDERSUPPLY": 52.1,
    "OVERSUPPLY": 41.5,
    "INEFFICIENT": 6.4
  },
  "total_revenue": 1579420.2589232335,
  "total_contribution": 707528.0589232333,
  "total_planned_kms": 40599.0,
  "depot_avg_epk": 38.79064505748886,
  "depot_avg_or": 0.6682426266527537,
  "revenue_by_quadrant": {
    "INEFFICIENT": 9664.253496092431,
    "OVERSUPPLY": 603218.0851709112,
    "UNDERSUPPLY": 966537.9202562296
  },
  "contribution_by_quadrant": {
    "INEFFICIENT": -35199.34650390757,
    "OVERSUPPLY": 232344.88517091115,
    "UNDERSUPPLY": 510382.52025622956
  }
}