{
  "depot": "HYDERABAD-I",
  "target_date": "2026-04-25",
  "predicted_depot_pkm": 1858028.25,
  "total_services": 112,
  "count_add_slot": 33,
  "count_cut": 0,
  "count_no_change": 79,
  "total_allocated_pkm": 1664182.485022997,
  "quadrant_counts": {
    "UNDERSUPPLY": 52,
    "OVERSUPPLY": 47,
    "INEFFICIENT": 13
  },
  "quadrant_pcts": {
    "UNDERSUPPLY": 46.4,
    "OVERSUPPLY": 42.0,
    "INEFFICIENT": 11.6
  },
  "total_revenue": 2472918.340934991,
  "total_contribution": 1252197.1009349911,
  "total_planned_kms": 56941.0,
  "depot_avg_epk": 45.65256077874691,
  "depot_avg_or": 0.6557277110460706,
  "revenue_by_quadrant": {
    "INEFFICIENT": 51044.27412880477,
    "OVERSUPPLY": 1064725.8459764293,
    "UNDERSUPPLY": 1357148.220829757
  },
  "contribution_by_quadrant": {
    "INEFFICIENT": -112606.68587119524,
    "OVERSUPPLY": 433056.74597642943,
    "UNDERSUPPLY": 931747.0408297569
  }
}