{
  "depot": "MAHABOOBABAD",
  "target_date": "2026-04-25",
  "predicted_depot_pkm": 1399627.625,
  "total_services": 76,
  "count_add_slot": 35,
  "count_cut": 0,
  "count_no_change": 41,
  "total_allocated_pkm": 1302680.782345138,
  "quadrant_counts": {
    "UNDERSUPPLY": 52,
    "OVERSUPPLY": 18,
    "INEFFICIENT": 6
  },
  "quadrant_pcts": {
    "UNDERSUPPLY": 68.4,
    "OVERSUPPLY": 23.7,
    "INEFFICIENT": 7.9
  },
  "total_revenue": 1511929.6318092013,
  "total_contribution": 953441.8418092016,
  "total_planned_kms": 31066.0,
  "depot_avg_epk": 48.07570209444405,
  "depot_avg_or": 0.7758619329821023,
  "revenue_by_quadrant": {
    "INEFFICIENT": 12122.39027987653,
    "OVERSUPPLY": 256412.32337021182,
    "UNDERSUPPLY": 1243394.9181591133
  },
  "contribution_by_quadrant": {
    "INEFFICIENT": -27898.78972012347,
    "OVERSUPPLY": 119489.77337021181,
    "UNDERSUPPLY": 861850.8581591132
  }
}