{
  "depot": "ARMOOR",
  "target_date": "2026-04-25",
  "predicted_depot_pkm": 1423210.625,
  "total_services": 90,
  "count_add_slot": 28,
  "count_cut": 0,
  "count_no_change": 62,
  "total_allocated_pkm": 1267185.5171063312,
  "quadrant_counts": {
    "UNDERSUPPLY": 53,
    "OVERSUPPLY": 29,
    "INEFFICIENT": 8
  },
  "quadrant_pcts": {
    "UNDERSUPPLY": 58.9,
    "OVERSUPPLY": 32.2,
    "INEFFICIENT": 8.9
  },
  "total_revenue": 1580893.763878815,
  "total_contribution": 899924.563878815,
  "total_planned_kms": 36987.0,
  "depot_avg_epk": 42.75869593996837,
  "depot_avg_or": 0.6919090790581304,
  "revenue_by_quadrant": {
    "INEFFICIENT": 5219.611726397225,
    "OVERSUPPLY": 375322.04089825985,
    "UNDERSUPPLY": 1200352.111254158
  },
  "contribution_by_quadrant": {
    "INEFFICIENT": -54972.38827360277,
    "OVERSUPPLY": 155401.46089825983,
    "UNDERSUPPLY": 799495.491254158
  }
}