{
  "depot": "NIZAMABAD-I",
  "target_date": "2026-04-23",
  "predicted_depot_pkm": 1660712.125,
  "total_services": 125,
  "count_add_slot": 19,
  "count_cut": 0,
  "count_no_change": 106,
  "total_allocated_pkm": 1389863.3837698994,
  "quadrant_counts": {
    "OVERSUPPLY": 64,
    "UNDERSUPPLY": 46,
    "INEFFICIENT": 15
  },
  "quadrant_pcts": {
    "OVERSUPPLY": 51.2,
    "UNDERSUPPLY": 36.8,
    "INEFFICIENT": 12.0
  },
  "total_revenue": 1843878.3259806284,
  "total_contribution": 856154.3459806283,
  "total_planned_kms": 51753.0,
  "depot_avg_epk": 37.95211263548198,
  "depot_avg_or": 0.5851450854677324,
  "revenue_by_quadrant": {
    "INEFFICIENT": 8109.947444210535,
    "OVERSUPPLY": 929635.0101235717,
    "UNDERSUPPLY": 906133.368412846
  },
  "contribution_by_quadrant": {
    "INEFFICIENT": -154115.23255578947,
    "OVERSUPPLY": 439065.7301235717,
    "UNDERSUPPLY": 571203.848412846
  }
}