{
  "depot": "NARSAMPET",
  "target_date": "2026-04-23",
  "predicted_depot_pkm": 1589208.625,
  "total_services": 94,
  "count_add_slot": 38,
  "count_cut": 0,
  "count_no_change": 56,
  "total_allocated_pkm": 1479666.8071232543,
  "quadrant_counts": {
    "UNDERSUPPLY": 65,
    "OVERSUPPLY": 23,
    "INEFFICIENT": 6
  },
  "quadrant_pcts": {
    "UNDERSUPPLY": 69.1,
    "OVERSUPPLY": 24.5,
    "INEFFICIENT": 6.4
  },
  "total_revenue": 1767423.616818992,
  "total_contribution": 895531.4168189919,
  "total_planned_kms": 40599.0,
  "depot_avg_epk": 43.49187116391673,
  "depot_avg_or": 0.7500029805073049,
  "revenue_by_quadrant": {
    "INEFFICIENT": 9994.445418540166,
    "OVERSUPPLY": 387094.52148271096,
    "UNDERSUPPLY": 1370334.6499177406
  },
  "contribution_by_quadrant": {
    "INEFFICIENT": -34869.154581459836,
    "OVERSUPPLY": 153763.94148271097,
    "UNDERSUPPLY": 776636.6299177407
  }
}