{
  "depot": "CONTONMENT",
  "target_date": "2026-04-23",
  "predicted_depot_pkm": 2066800.875,
  "total_services": 280,
  "count_add_slot": 154,
  "count_cut": 0,
  "count_no_change": 126,
  "total_allocated_pkm": 1664877.8607159029,
  "quadrant_counts": {
    "UNDERSUPPLY": 168,
    "OVERSUPPLY": 64,
    "INEFFICIENT": 45,
    "SOCIAL_OBLIGATION": 3
  },
  "quadrant_pcts": {
    "UNDERSUPPLY": 60.0,
    "OVERSUPPLY": 22.9,
    "INEFFICIENT": 16.1,
    "SOCIAL_OBLIGATION": 1.1
  },
  "total_revenue": 2647312.657438532,
  "total_contribution": 1186541.5960385317,
  "total_planned_kms": 46115.74,
  "depot_avg_epk": 62.892154391153234,
  "depot_avg_or": 0.9973835227682425,
  "revenue_by_quadrant": {
    "INEFFICIENT": 78254.17612086401,
    "OVERSUPPLY": 469591.30868492584,
    "SOCIAL_OBLIGATION": 19105.986950279002,
    "UNDERSUPPLY": 2080361.185682463
  },
  "contribution_by_quadrant": {
    "INEFFICIENT": -279667.950079136,
    "OVERSUPPLY": 151707.94268492586,
    "SOCIAL_OBLIGATION": -2363.3330497209954,
    "UNDERSUPPLY": 1316864.936482463
  }
}