{
  "depot": "BHUPALAPALLAY",
  "target_date": "2026-05-27",
  "predicted_depot_pkm": 1400657.875,
  "total_services": 86,
  "count_add_slot": 16,
  "count_cut": 0,
  "count_no_change": 70,
  "total_allocated_pkm": 1356757.058041413,
  "quadrant_counts": {
    "UNDERSUPPLY": 45,
    "OVERSUPPLY": 32,
    "INEFFICIENT": 9
  },
  "quadrant_pcts": {
    "UNDERSUPPLY": 52.3,
    "OVERSUPPLY": 37.2,
    "INEFFICIENT": 10.5
  },
  "total_revenue": 1711944.4362041282,
  "total_contribution": 874893.0962041282,
  "total_planned_kms": 40104.0,
  "depot_avg_epk": 42.433492545904045,
  "depot_avg_or": 0.6590909467461032,
  "revenue_by_quadrant": {
    "INEFFICIENT": 25876.791983878495,
    "OVERSUPPLY": 583629.8725983904,
    "UNDERSUPPLY": 1102437.7716218592
  },
  "contribution_by_quadrant": {
    "INEFFICIENT": -47901.668016121504,
    "OVERSUPPLY": 264172.13259839045,
    "UNDERSUPPLY": 658622.6316218593
  }
}