{
  "depot": "RANIGUNJ-I",
  "target_date": "2026-05-27",
  "predicted_depot_pkm": 1484520.0,
  "total_services": 222,
  "count_add_slot": 163,
  "count_cut": 0,
  "count_no_change": 59,
  "total_allocated_pkm": 1424250.470452271,
  "quadrant_counts": {
    "UNDERSUPPLY": 186,
    "OVERSUPPLY": 31,
    "INEFFICIENT": 5
  },
  "quadrant_pcts": {
    "UNDERSUPPLY": 83.8,
    "OVERSUPPLY": 14.0,
    "INEFFICIENT": 2.3
  },
  "total_revenue": 2090183.7253374134,
  "total_contribution": 1201021.7253374134,
  "total_planned_kms": 35566.479999999996,
  "depot_avg_epk": 59.6504866979441,
  "depot_avg_or": 1.018498088835046,
  "revenue_by_quadrant": {
    "INEFFICIENT": 18018.46359401785,
    "OVERSUPPLY": 181428.20167256237,
    "UNDERSUPPLY": 1890737.0600708332
  },
  "contribution_by_quadrant": {
    "INEFFICIENT": -6956.536405982153,
    "OVERSUPPLY": 52378.20167256236,
    "UNDERSUPPLY": 1155600.0600708332
  }
}