{
  "depot": "JANGAON",
  "target_date": "2026-05-27",
  "predicted_depot_pkm": 1959764.625,
  "total_services": 115,
  "count_add_slot": 32,
  "count_cut": 1,
  "count_no_change": 82,
  "total_allocated_pkm": 1775659.8138459246,
  "quadrant_counts": {
    "UNDERSUPPLY": 75,
    "OVERSUPPLY": 29,
    "INEFFICIENT": 11
  },
  "quadrant_pcts": {
    "UNDERSUPPLY": 65.2,
    "OVERSUPPLY": 25.2,
    "INEFFICIENT": 9.6
  },
  "total_revenue": 2045176.2172459196,
  "total_contribution": 1260298.5372459197,
  "total_planned_kms": 49455.0,
  "depot_avg_epk": 41.64826185414851,
  "depot_avg_or": 0.7033496620090474,
  "revenue_by_quadrant": {
    "INEFFICIENT": 0.0,
    "OVERSUPPLY": 446167.1632508127,
    "UNDERSUPPLY": 1599009.0539951068
  },
  "contribution_by_quadrant": {
    "INEFFICIENT": -85977.8,
    "OVERSUPPLY": 242673.01325081266,
    "UNDERSUPPLY": 1103603.3239951069
  }
}