{
  "depot": "GWL-PRGPR",
  "target_date": "2026-05-27",
  "predicted_depot_pkm": 1472687.125,
  "total_services": 79,
  "count_add_slot": 24,
  "count_cut": 1,
  "count_no_change": 54,
  "total_allocated_pkm": 1371488.9175419102,
  "quadrant_counts": {
    "UNDERSUPPLY": 56,
    "OVERSUPPLY": 19,
    "INEFFICIENT": 4
  },
  "quadrant_pcts": {
    "UNDERSUPPLY": 70.9,
    "OVERSUPPLY": 24.1,
    "INEFFICIENT": 5.1
  },
  "total_revenue": 1565881.9077558618,
  "total_contribution": 772031.9077558614,
  "total_planned_kms": 31754.0,
  "depot_avg_epk": 49.023869624245116,
  "depot_avg_or": 0.7526473331887342,
  "revenue_by_quadrant": {
    "INEFFICIENT": 21727.295234356057,
    "OVERSUPPLY": 340194.06109273114,
    "UNDERSUPPLY": 1203960.5514287744
  },
  "contribution_by_quadrant": {
    "INEFFICIENT": -14772.704765643944,
    "OVERSUPPLY": 134944.06109273114,
    "UNDERSUPPLY": 651860.5514287745
  }
}