{
  "depot": "HAKIMPET",
  "target_date": "2026-05-27",
  "predicted_depot_pkm": 1118690.5,
  "total_services": 152,
  "count_add_slot": 66,
  "count_cut": 0,
  "count_no_change": 86,
  "total_allocated_pkm": 1095202.218212395,
  "quadrant_counts": {
    "UNDERSUPPLY": 127,
    "OVERSUPPLY": 25
  },
  "quadrant_pcts": {
    "UNDERSUPPLY": 83.6,
    "OVERSUPPLY": 16.4
  },
  "total_revenue": 1477115.720575055,
  "total_contribution": 655764.364275055,
  "total_planned_kms": 31321.69,
  "depot_avg_epk": 47.99151826581878,
  "depot_avg_or": 0.8238994512225326,
  "revenue_by_quadrant": {
    "OVERSUPPLY": 197919.34355611744,
    "UNDERSUPPLY": 1279196.3770189374
  },
  "contribution_by_quadrant": {
    "OVERSUPPLY": 61433.48555611745,
    "UNDERSUPPLY": 594330.8787189374
  }
}