{
  "depot": "HAYATHNAGAR-I",
  "target_date": "2026-05-27",
  "predicted_depot_pkm": 1289832.125,
  "total_services": 174,
  "count_add_slot": 106,
  "count_cut": 0,
  "count_no_change": 68,
  "total_allocated_pkm": 1244266.5702251534,
  "quadrant_counts": {
    "UNDERSUPPLY": 111,
    "INEFFICIENT": 55,
    "OVERSUPPLY": 8
  },
  "quadrant_pcts": {
    "UNDERSUPPLY": 63.8,
    "INEFFICIENT": 31.6,
    "OVERSUPPLY": 4.6
  },
  "total_revenue": 1631046.7806096817,
  "total_contribution": 843871.2806096817,
  "total_planned_kms": 31487.02,
  "depot_avg_epk": 48.40262874203813,
  "depot_avg_or": 0.8023008599986462,
  "revenue_by_quadrant": {
    "INEFFICIENT": 0.0,
    "OVERSUPPLY": 40161.157238050364,
    "UNDERSUPPLY": 1590885.6233716314
  },
  "contribution_by_quadrant": {
    "INEFFICIENT": -222050.0,
    "OVERSUPPLY": 9961.157238050368,
    "UNDERSUPPLY": 1055960.1233716314
  }
}