{
  "depot": "BANDLAGUDA",
  "target_date": "2026-05-27",
  "predicted_depot_pkm": 1090016.5,
  "total_services": 148,
  "count_add_slot": 106,
  "count_cut": 0,
  "count_no_change": 42,
  "total_allocated_pkm": 1062488.983957871,
  "quadrant_counts": {
    "UNDERSUPPLY": 130,
    "OVERSUPPLY": 11,
    "INEFFICIENT": 7
  },
  "quadrant_pcts": {
    "UNDERSUPPLY": 87.8,
    "OVERSUPPLY": 7.4,
    "INEFFICIENT": 4.7
  },
  "total_revenue": 1447665.850424366,
  "total_contribution": 797300.8504243661,
  "total_planned_kms": 26014.6,
  "depot_avg_epk": 57.53547676904005,
  "depot_avg_or": 0.9182315981852314,
  "revenue_by_quadrant": {
    "INEFFICIENT": 5668.689852603304,
    "OVERSUPPLY": 64356.30282472776,
    "UNDERSUPPLY": 1377640.8577470349
  },
  "contribution_by_quadrant": {
    "INEFFICIENT": -45106.310147396696,
    "OVERSUPPLY": 22231.30282472776,
    "UNDERSUPPLY": 820175.857747035
  }
}