{
  "depot": "CONTONMENT",
  "target_date": "2026-05-27",
  "predicted_depot_pkm": 1669389.25,
  "total_services": 280,
  "count_add_slot": 134,
  "count_cut": 0,
  "count_no_change": 146,
  "total_allocated_pkm": 1320528.8835565932,
  "quadrant_counts": {
    "UNDERSUPPLY": 152,
    "OVERSUPPLY": 66,
    "INEFFICIENT": 56,
    "SOCIAL_OBLIGATION": 6
  },
  "quadrant_pcts": {
    "UNDERSUPPLY": 54.3,
    "OVERSUPPLY": 23.6,
    "INEFFICIENT": 20.0,
    "SOCIAL_OBLIGATION": 2.1
  },
  "total_revenue": 2122483.9353818586,
  "total_contribution": 661712.8739818584,
  "total_planned_kms": 46115.74,
  "depot_avg_epk": 50.60575609071978,
  "depot_avg_or": 0.793853429668222,
  "revenue_by_quadrant": {
    "INEFFICIENT": 74886.8978191928,
    "OVERSUPPLY": 465336.63599777786,
    "SOCIAL_OBLIGATION": 48894.93493708833,
    "UNDERSUPPLY": 1533365.4666277994
  },
  "contribution_by_quadrant": {
    "INEFFICIENT": -348167.7551808072,
    "OVERSUPPLY": 124233.6271977779,
    "SOCIAL_OBLIGATION": -6133.225062911672,
    "UNDERSUPPLY": 891780.2270277995
  }
}