{
  "depot": "JEEDIMETLA",
  "target_date": "2026-05-27",
  "predicted_depot_pkm": 1426596.25,
  "total_services": 209,
  "count_add_slot": 90,
  "count_cut": 0,
  "count_no_change": 119,
  "total_allocated_pkm": 1392646.4938196412,
  "quadrant_counts": {
    "UNDERSUPPLY": 154,
    "OVERSUPPLY": 42,
    "INEFFICIENT": 13
  },
  "quadrant_pcts": {
    "UNDERSUPPLY": 73.7,
    "OVERSUPPLY": 20.1,
    "INEFFICIENT": 6.2
  },
  "total_revenue": 1934391.2294954867,
  "total_contribution": 964166.2294954865,
  "total_planned_kms": 38809.0,
  "depot_avg_epk": 51.59989715585281,
  "depot_avg_or": 0.8190972249184095,
  "revenue_by_quadrant": {
    "INEFFICIENT": 51295.345551375016,
    "OVERSUPPLY": 334873.6303098742,
    "UNDERSUPPLY": 1548222.2536342372
  },
  "contribution_by_quadrant": {
    "INEFFICIENT": -14004.654448624984,
    "OVERSUPPLY": 107798.6303098742,
    "UNDERSUPPLY": 870372.2536342372
  }
}