{
  "depot": "UPPAL",
  "target_date": "2026-05-27",
  "predicted_depot_pkm": 1416879.75,
  "total_services": 196,
  "count_add_slot": 127,
  "count_cut": 0,
  "count_no_change": 69,
  "total_allocated_pkm": 1369535.2006536094,
  "quadrant_counts": {
    "UNDERSUPPLY": 157,
    "INEFFICIENT": 22,
    "OVERSUPPLY": 17
  },
  "quadrant_pcts": {
    "UNDERSUPPLY": 80.1,
    "INEFFICIENT": 11.2,
    "OVERSUPPLY": 8.7
  },
  "total_revenue": 1906086.6798597113,
  "total_contribution": 993350.1798597113,
  "total_planned_kms": 36509.46,
  "depot_avg_epk": 54.98281679434901,
  "depot_avg_or": 0.9141308565204809,
  "revenue_by_quadrant": {
    "INEFFICIENT": 87885.97425661878,
    "OVERSUPPLY": 156889.08400077786,
    "UNDERSUPPLY": 1661311.6216023148
  },
  "contribution_by_quadrant": {
    "INEFFICIENT": -39414.02574338122,
    "OVERSUPPLY": 57210.58400077785,
    "UNDERSUPPLY": 975553.6216023146
  }
}