{
  "depot": "MANCHERIAL",
  "target_date": "2026-05-27",
  "predicted_depot_pkm": 2501031.75,
  "total_services": 146,
  "count_add_slot": 73,
  "count_cut": 0,
  "count_no_change": 73,
  "total_allocated_pkm": 2366396.8630565964,
  "quadrant_counts": {
    "UNDERSUPPLY": 106,
    "OVERSUPPLY": 29,
    "INEFFICIENT": 11
  },
  "quadrant_pcts": {
    "UNDERSUPPLY": 72.6,
    "OVERSUPPLY": 19.9,
    "INEFFICIENT": 7.5
  },
  "total_revenue": 3017445.2557069315,
  "total_contribution": 1473870.2557069315,
  "total_planned_kms": 61743.0,
  "depot_avg_epk": 49.14418061623358,
  "depot_avg_or": 0.8002490486419795,
  "revenue_by_quadrant": {
    "INEFFICIENT": 34045.21120100723,
    "OVERSUPPLY": 609646.9427653793,
    "UNDERSUPPLY": 2373753.1017405447
  },
  "contribution_by_quadrant": {
    "INEFFICIENT": -74979.78879899277,
    "OVERSUPPLY": 251071.94276537935,
    "UNDERSUPPLY": 1297778.101740545
  }
}