{
  "depot": "KAMAREDDY",
  "target_date": "2026-05-27",
  "predicted_depot_pkm": 1855452.625,
  "total_services": 122,
  "count_add_slot": 17,
  "count_cut": 0,
  "count_no_change": 105,
  "total_allocated_pkm": 1786504.0679775614,
  "quadrant_counts": {
    "OVERSUPPLY": 73,
    "UNDERSUPPLY": 42,
    "INEFFICIENT": 7
  },
  "quadrant_pcts": {
    "OVERSUPPLY": 59.8,
    "UNDERSUPPLY": 34.4,
    "INEFFICIENT": 5.7
  },
  "total_revenue": 2117122.95689121,
  "total_contribution": 845572.9568912102,
  "total_planned_kms": 50862.0,
  "depot_avg_epk": 41.99272497929271,
  "depot_avg_or": 0.6601009824701882,
  "revenue_by_quadrant": {
    "INEFFICIENT": 35277.410973621154,
    "OVERSUPPLY": 1197400.0675310881,
    "UNDERSUPPLY": 884445.478386501
  },
  "contribution_by_quadrant": {
    "INEFFICIENT": -33622.589026378846,
    "OVERSUPPLY": 399650.06753108813,
    "UNDERSUPPLY": 479545.4783865009
  }
}