{
  "depot": "KOLLAPUR",
  "target_date": "2026-05-27",
  "predicted_depot_pkm": 1232626.375,
  "total_services": 65,
  "count_add_slot": 28,
  "count_cut": 0,
  "count_no_change": 37,
  "total_allocated_pkm": 1203663.1986033483,
  "quadrant_counts": {
    "UNDERSUPPLY": 50,
    "OVERSUPPLY": 13,
    "INEFFICIENT": 2
  },
  "quadrant_pcts": {
    "UNDERSUPPLY": 76.9,
    "OVERSUPPLY": 20.0,
    "INEFFICIENT": 3.1
  },
  "total_revenue": 1438912.5819258618,
  "total_contribution": 702737.581925862,
  "total_planned_kms": 29447.0,
  "depot_avg_epk": 49.254573174643525,
  "depot_avg_or": 0.8016275076926761,
  "revenue_by_quadrant": {
    "INEFFICIENT": 25882.987126936147,
    "OVERSUPPLY": 224395.64297519432,
    "UNDERSUPPLY": 1188633.9518237314
  },
  "contribution_by_quadrant": {
    "INEFFICIENT": -667.0128730638517,
    "OVERSUPPLY": 63795.64297519431,
    "UNDERSUPPLY": 639608.9518237314
  }
}