{
  "depot": "BODHAN",
  "target_date": "2026-05-27",
  "predicted_depot_pkm": 1573096.625,
  "total_services": 104,
  "count_add_slot": 25,
  "count_cut": 0,
  "count_no_change": 79,
  "total_allocated_pkm": 1500966.979180355,
  "quadrant_counts": {
    "OVERSUPPLY": 50,
    "UNDERSUPPLY": 46,
    "INEFFICIENT": 8
  },
  "quadrant_pcts": {
    "OVERSUPPLY": 48.1,
    "UNDERSUPPLY": 44.2,
    "INEFFICIENT": 7.7
  },
  "total_revenue": 1939666.6005577303,
  "total_contribution": 998737.5105577303,
  "total_planned_kms": 50213.0,
  "depot_avg_epk": 39.294450030322245,
  "depot_avg_or": 0.637246271316381,
  "revenue_by_quadrant": {
    "INEFFICIENT": 17332.58189566469,
    "OVERSUPPLY": 950207.3972310801,
    "UNDERSUPPLY": 972126.6214309855
  },
  "contribution_by_quadrant": {
    "INEFFICIENT": -36523.26810433531,
    "OVERSUPPLY": 397336.3172310801,
    "UNDERSUPPLY": 637924.4614309855
  }
}