{
  "depot": "YADAGIRIGUTTA",
  "target_date": "2026-05-27",
  "predicted_depot_pkm": 1884651.75,
  "total_services": 82,
  "count_add_slot": 43,
  "count_cut": 2,
  "count_no_change": 37,
  "total_allocated_pkm": 1561334.9398364082,
  "quadrant_counts": {
    "UNDERSUPPLY": 68,
    "OVERSUPPLY": 11,
    "INEFFICIENT": 3
  },
  "quadrant_pcts": {
    "UNDERSUPPLY": 82.9,
    "OVERSUPPLY": 13.4,
    "INEFFICIENT": 3.7
  },
  "total_revenue": 1809608.4266741022,
  "total_contribution": 967883.426674102,
  "total_planned_kms": 33669.0,
  "depot_avg_epk": 53.52691528370491,
  "depot_avg_or": 0.8351094199983103,
  "revenue_by_quadrant": {
    "INEFFICIENT": 0.0,
    "OVERSUPPLY": 175590.68994198125,
    "UNDERSUPPLY": 1634017.7367321206
  },
  "contribution_by_quadrant": {
    "INEFFICIENT": -31450.0,
    "OVERSUPPLY": 62440.68994198126,
    "UNDERSUPPLY": 936892.7367321207
  }
}