{
  "depot": "FAROOQNAGAR",
  "target_date": "2026-05-23",
  "predicted_depot_pkm": 1208523.625,
  "total_services": 153,
  "count_add_slot": 110,
  "count_cut": 0,
  "count_no_change": 43,
  "total_allocated_pkm": 1124840.593275619,
  "quadrant_counts": {
    "UNDERSUPPLY": 122,
    "INEFFICIENT": 21,
    "OVERSUPPLY": 10
  },
  "quadrant_pcts": {
    "UNDERSUPPLY": 79.7,
    "INEFFICIENT": 13.7,
    "OVERSUPPLY": 6.5
  },
  "total_revenue": 1546176.3572587438,
  "total_contribution": 905376.3572587438,
  "total_planned_kms": 25632.0,
  "depot_avg_epk": 59.611218748809314,
  "depot_avg_or": 0.9467839453258052,
  "revenue_by_quadrant": {
    "INEFFICIENT": 12391.799537629187,
    "OVERSUPPLY": 50557.167594673716,
    "UNDERSUPPLY": 1483227.390126441
  },
  "contribution_by_quadrant": {
    "INEFFICIENT": -77658.20046237082,
    "OVERSUPPLY": 15632.16759467372,
    "UNDERSUPPLY": 967402.3901264409
  }
}