{
  "depot": "KACHEGUDA",
  "target_date": "2026-05-23",
  "predicted_depot_pkm": 1460602.25,
  "total_services": 177,
  "count_add_slot": 124,
  "count_cut": 0,
  "count_no_change": 53,
  "total_allocated_pkm": 1344338.6085295186,
  "quadrant_counts": {
    "UNDERSUPPLY": 130,
    "INEFFICIENT": 39,
    "OVERSUPPLY": 8
  },
  "quadrant_pcts": {
    "UNDERSUPPLY": 73.4,
    "INEFFICIENT": 22.0,
    "OVERSUPPLY": 4.5
  },
  "total_revenue": 1806018.740697173,
  "total_contribution": 1022018.7406971733,
  "total_planned_kms": 31360.0,
  "depot_avg_epk": 61.610236771015266,
  "depot_avg_or": 1.0063610715919018,
  "revenue_by_quadrant": {
    "INEFFICIENT": 5132.90288055875,
    "OVERSUPPLY": 36933.37914344423,
    "UNDERSUPPLY": 1763952.4586731703
  },
  "contribution_by_quadrant": {
    "INEFFICIENT": -199742.09711944126,
    "OVERSUPPLY": 10133.379143444234,
    "UNDERSUPPLY": 1211627.4586731703
  }
}