{
  "depot": "RANIGUNJ-I",
  "target_date": "2026-05-23",
  "predicted_depot_pkm": 1627292.75,
  "total_services": 222,
  "count_add_slot": 170,
  "count_cut": 0,
  "count_no_change": 52,
  "total_allocated_pkm": 1502332.5178234032,
  "quadrant_counts": {
    "UNDERSUPPLY": 191,
    "OVERSUPPLY": 26,
    "INEFFICIENT": 5
  },
  "quadrant_pcts": {
    "UNDERSUPPLY": 86.0,
    "OVERSUPPLY": 11.7,
    "INEFFICIENT": 2.3
  },
  "total_revenue": 2204537.32698456,
  "total_contribution": 1315375.3269845606,
  "total_planned_kms": 35566.479999999996,
  "depot_avg_epk": 62.75970792463935,
  "depot_avg_or": 1.0709855706222524,
  "revenue_by_quadrant": {
    "INEFFICIENT": 17924.044633483874,
    "OVERSUPPLY": 176101.2125543367,
    "UNDERSUPPLY": 2010512.0697967398
  },
  "contribution_by_quadrant": {
    "INEFFICIENT": -7050.955366516125,
    "OVERSUPPLY": 62451.21255433671,
    "UNDERSUPPLY": 1259975.0697967398
  }
}