{
  "depot": "MAHABOOBNAGAR",
  "target_date": "2026-05-23",
  "predicted_depot_pkm": 2331425.0,
  "total_services": 149,
  "count_add_slot": 48,
  "count_cut": 0,
  "count_no_change": 101,
  "total_allocated_pkm": 2211927.221652003,
  "quadrant_counts": {
    "UNDERSUPPLY": 103,
    "OVERSUPPLY": 31,
    "INEFFICIENT": 15
  },
  "quadrant_pcts": {
    "UNDERSUPPLY": 69.1,
    "OVERSUPPLY": 20.8,
    "INEFFICIENT": 10.1
  },
  "total_revenue": 2760552.0339595703,
  "total_contribution": 1245216.03395957,
  "total_planned_kms": 60613.44,
  "depot_avg_epk": 46.02869371123627,
  "depot_avg_or": 0.7530886040819063,
  "revenue_by_quadrant": {
    "INEFFICIENT": 49852.392996277136,
    "OVERSUPPLY": 543359.0728933313,
    "UNDERSUPPLY": 2167340.5680699614
  },
  "contribution_by_quadrant": {
    "INEFFICIENT": -110147.60700372286,
    "OVERSUPPLY": 176460.07289333132,
    "UNDERSUPPLY": 1178903.5680699616
  }
}