{
  "depot": "KARIMNAGAR-I",
  "target_date": "2026-05-23",
  "predicted_depot_pkm": 1669718.375,
  "total_services": 108,
  "count_add_slot": 16,
  "count_cut": 7,
  "count_no_change": 85,
  "total_allocated_pkm": 1533245.1007843798,
  "quadrant_counts": {
    "UNDERSUPPLY": 53,
    "OVERSUPPLY": 46,
    "INEFFICIENT": 9
  },
  "quadrant_pcts": {
    "UNDERSUPPLY": 49.1,
    "OVERSUPPLY": 42.6,
    "INEFFICIENT": 8.3
  },
  "total_revenue": 1964532.4870057448,
  "total_contribution": 827000.7270057447,
  "total_planned_kms": 47350.0,
  "depot_avg_epk": 42.014678832074274,
  "depot_avg_or": 0.6692846538784822,
  "revenue_by_quadrant": {
    "INEFFICIENT": 52508.04261771034,
    "OVERSUPPLY": 854144.508830379,
    "UNDERSUPPLY": 1057879.9355576555
  },
  "contribution_by_quadrant": {
    "INEFFICIENT": -41698.37738228965,
    "OVERSUPPLY": 371135.748830379,
    "UNDERSUPPLY": 497563.35555765545
  }
}