{
  "depot": "CONTONMENT",
  "target_date": "2026-05-23",
  "predicted_depot_pkm": 1864109.875,
  "total_services": 280,
  "count_add_slot": 143,
  "count_cut": 0,
  "count_no_change": 137,
  "total_allocated_pkm": 1437341.1815631583,
  "quadrant_counts": {
    "UNDERSUPPLY": 162,
    "OVERSUPPLY": 63,
    "INEFFICIENT": 51,
    "SOCIAL_OBLIGATION": 4
  },
  "quadrant_pcts": {
    "UNDERSUPPLY": 57.9,
    "OVERSUPPLY": 22.5,
    "INEFFICIENT": 18.2,
    "SOCIAL_OBLIGATION": 1.4
  },
  "total_revenue": 2319642.5813714825,
  "total_contribution": 858871.5199714826,
  "total_planned_kms": 46115.74,
  "depot_avg_epk": 55.053609333758764,
  "depot_avg_or": 0.8623606424681665,
  "revenue_by_quadrant": {
    "INEFFICIENT": 59961.302791793874,
    "OVERSUPPLY": 467767.82969880605,
    "SOCIAL_OBLIGATION": 34403.7275934371,
    "UNDERSUPPLY": 1757509.7212874454
  },
  "contribution_by_quadrant": {
    "INEFFICIENT": -341638.7018082061,
    "OVERSUPPLY": 151393.1948988061,
    "SOCIAL_OBLIGATION": -2281.712406562905,
    "UNDERSUPPLY": 1051398.7392874456
  }
}