{
  "depot": "WANAPARTHI",
  "target_date": "2026-05-23",
  "predicted_depot_pkm": 2237676.0,
  "total_services": 130,
  "count_add_slot": 69,
  "count_cut": 0,
  "count_no_change": 61,
  "total_allocated_pkm": 2135651.220542837,
  "quadrant_counts": {
    "UNDERSUPPLY": 97,
    "OVERSUPPLY": 29,
    "INEFFICIENT": 4
  },
  "quadrant_pcts": {
    "UNDERSUPPLY": 74.6,
    "OVERSUPPLY": 22.3,
    "INEFFICIENT": 3.1
  },
  "total_revenue": 2600305.309202669,
  "total_contribution": 1325705.3092026692,
  "total_planned_kms": 50984.0,
  "depot_avg_epk": 51.109896080939784,
  "depot_avg_or": 0.8340069133727048,
  "revenue_by_quadrant": {
    "INEFFICIENT": 3958.4864400877477,
    "OVERSUPPLY": 507889.1370660853,
    "UNDERSUPPLY": 2088457.6856964962
  },
  "contribution_by_quadrant": {
    "INEFFICIENT": -27441.51355991225,
    "OVERSUPPLY": 185164.13706608533,
    "UNDERSUPPLY": 1167982.6856964962
  }
}