{
  "depot": "BHUPALAPALLAY",
  "target_date": "2026-05-23",
  "predicted_depot_pkm": 1426852.625,
  "total_services": 86,
  "count_add_slot": 22,
  "count_cut": 0,
  "count_no_change": 64,
  "total_allocated_pkm": 1382133.3973851479,
  "quadrant_counts": {
    "UNDERSUPPLY": 51,
    "OVERSUPPLY": 26,
    "INEFFICIENT": 9
  },
  "quadrant_pcts": {
    "UNDERSUPPLY": 59.3,
    "OVERSUPPLY": 30.2,
    "INEFFICIENT": 10.5
  },
  "total_revenue": 1742925.5578309472,
  "total_contribution": 905874.2178309471,
  "total_planned_kms": 40104.0,
  "depot_avg_epk": 43.170558952910156,
  "depot_avg_or": 0.6694235852645852,
  "revenue_by_quadrant": {
    "INEFFICIENT": 11954.720248037893,
    "OVERSUPPLY": 465241.20637843857,
    "UNDERSUPPLY": 1265729.6312044705
  },
  "contribution_by_quadrant": {
    "INEFFICIENT": -61823.73975196211,
    "OVERSUPPLY": 207617.16637843856,
    "UNDERSUPPLY": 760080.7912044704
  }
}