{
  "depot": "WARANGAL-II",
  "target_date": "2026-05-23",
  "predicted_depot_pkm": 2544803.5,
  "total_services": 158,
  "count_add_slot": 35,
  "count_cut": 1,
  "count_no_change": 122,
  "total_allocated_pkm": 2508032.215350137,
  "quadrant_counts": {
    "UNDERSUPPLY": 83,
    "INEFFICIENT": 55,
    "OVERSUPPLY": 19,
    "SOCIAL_OBLIGATION": 1
  },
  "quadrant_pcts": {
    "UNDERSUPPLY": 52.5,
    "INEFFICIENT": 34.8,
    "OVERSUPPLY": 12.0,
    "SOCIAL_OBLIGATION": 0.6
  },
  "total_revenue": 3285697.909370683,
  "total_contribution": 362266.9493706828,
  "total_planned_kms": 75132.0,
  "depot_avg_epk": 44.02188127422448,
  "depot_avg_or": 0.6830893422821975,
  "revenue_by_quadrant": {
    "INEFFICIENT": 755256.1105695983,
    "OVERSUPPLY": 352079.6355124971,
    "SOCIAL_OBLIGATION": 20064.576165105023,
    "UNDERSUPPLY": 2158297.5871234825
  },
  "contribution_by_quadrant": {
    "INEFFICIENT": -345269.1694304017,
    "OVERSUPPLY": 37225.3355124971,
    "SOCIAL_OBLIGATION": -1109.0238348949752,
    "UNDERSUPPLY": 671419.8071234823
  }
}