{
  "depot": "ZAHIRABAD",
  "target_date": "2026-05-23",
  "predicted_depot_pkm": 1560700.5,
  "total_services": 93,
  "count_add_slot": 31,
  "count_cut": 2,
  "count_no_change": 60,
  "total_allocated_pkm": 1265240.8106410468,
  "quadrant_counts": {
    "UNDERSUPPLY": 42,
    "OVERSUPPLY": 27,
    "INEFFICIENT": 24
  },
  "quadrant_pcts": {
    "UNDERSUPPLY": 45.2,
    "OVERSUPPLY": 29.0,
    "INEFFICIENT": 25.8
  },
  "total_revenue": 1554064.8474121855,
  "total_contribution": 585264.8474121853,
  "total_planned_kms": 38752.0,
  "depot_avg_epk": 40.03722827557148,
  "depot_avg_or": 0.6368216436889866,
  "revenue_by_quadrant": {
    "INEFFICIENT": 89814.88310835884,
    "OVERSUPPLY": 496520.5629918466,
    "UNDERSUPPLY": 967729.4013119799
  },
  "contribution_by_quadrant": {
    "INEFFICIENT": -136585.11689164117,
    "OVERSUPPLY": 155895.5629918466,
    "UNDERSUPPLY": 565954.4013119799
  }
}