{
  "depot": "CHENGICHERLA",
  "target_date": "2026-05-23",
  "predicted_depot_pkm": 1643945.375,
  "total_services": 192,
  "count_add_slot": 148,
  "count_cut": 0,
  "count_no_change": 44,
  "total_allocated_pkm": 1499841.6674838325,
  "quadrant_counts": {
    "UNDERSUPPLY": 169,
    "OVERSUPPLY": 20,
    "INEFFICIENT": 3
  },
  "quadrant_pcts": {
    "UNDERSUPPLY": 88.0,
    "OVERSUPPLY": 10.4,
    "INEFFICIENT": 1.6
  },
  "total_revenue": 2041475.613449675,
  "total_contribution": 1134758.1134496748,
  "total_planned_kms": 36268.7,
  "depot_avg_epk": 58.12129619204158,
  "depot_avg_or": 0.9612510546753835,
  "revenue_by_quadrant": {
    "INEFFICIENT": 14030.351388477826,
    "OVERSUPPLY": 175245.41896659852,
    "UNDERSUPPLY": 1852199.8430945985
  },
  "contribution_by_quadrant": {
    "INEFFICIENT": -6869.648611522175,
    "OVERSUPPLY": 46920.41896659852,
    "UNDERSUPPLY": 1094707.3430945985
  }
}