{
  "depot": "HAYATHNAGAR-II",
  "target_date": "2026-05-23",
  "predicted_depot_pkm": 1256371.875,
  "total_services": 169,
  "count_add_slot": 152,
  "count_cut": 0,
  "count_no_change": 17,
  "total_allocated_pkm": 1155958.4727338697,
  "quadrant_counts": {
    "UNDERSUPPLY": 157,
    "OVERSUPPLY": 8,
    "INEFFICIENT": 4
  },
  "quadrant_pcts": {
    "UNDERSUPPLY": 92.9,
    "OVERSUPPLY": 4.7,
    "INEFFICIENT": 2.4
  },
  "total_revenue": 1814856.0100921635,
  "total_contribution": 1147063.5100921635,
  "total_planned_kms": 26711.699999999997,
  "depot_avg_epk": 69.12968368345251,
  "depot_avg_or": 1.2580459683481249,
  "revenue_by_quadrant": {
    "INEFFICIENT": 5606.518847187615,
    "OVERSUPPLY": 36859.42743244551,
    "UNDERSUPPLY": 1772390.0638125304
  },
  "contribution_by_quadrant": {
    "INEFFICIENT": -23793.481152812383,
    "OVERSUPPLY": 8860.927432445513,
    "UNDERSUPPLY": 1161996.0638125304
  }
}