{
  "depot": "NIZAMABAD-I",
  "target_date": "2026-04-14",
  "predicted_depot_pkm": 1549141.875,
  "total_services": 125,
  "count_add_slot": 9,
  "count_cut": 0,
  "count_no_change": 116,
  "total_allocated_pkm": 1254006.4802699396,
  "quadrant_counts": {
    "OVERSUPPLY": 77,
    "UNDERSUPPLY": 30,
    "INEFFICIENT": 18
  },
  "quadrant_pcts": {
    "OVERSUPPLY": 61.6,
    "UNDERSUPPLY": 24.0,
    "INEFFICIENT": 14.4
  },
  "total_revenue": 1670790.0062518637,
  "total_contribution": 683066.0262518632,
  "total_planned_kms": 51753.0,
  "depot_avg_epk": 34.317559804021045,
  "depot_avg_or": 0.5285298614058561,
  "revenue_by_quadrant": {
    "INEFFICIENT": 21017.71015641349,
    "OVERSUPPLY": 1077346.504711213,
    "UNDERSUPPLY": 572425.7913842367
  },
  "contribution_by_quadrant": {
    "INEFFICIENT": -164083.30984358652,
    "OVERSUPPLY": 488505.8147112131,
    "UNDERSUPPLY": 358643.5213842367
  }
}