{
  "depot": "WARANGAL-II",
  "target_date": "2026-04-14",
  "predicted_depot_pkm": 2856974.25,
  "total_services": 158,
  "count_add_slot": 60,
  "count_cut": 0,
  "count_no_change": 98,
  "total_allocated_pkm": 2834644.092142392,
  "quadrant_counts": {
    "UNDERSUPPLY": 102,
    "INEFFICIENT": 32,
    "OVERSUPPLY": 20,
    "SOCIAL_OBLIGATION": 4
  },
  "quadrant_pcts": {
    "UNDERSUPPLY": 64.6,
    "INEFFICIENT": 20.3,
    "OVERSUPPLY": 12.7,
    "SOCIAL_OBLIGATION": 2.5
  },
  "total_revenue": 3725630.502953793,
  "total_contribution": 802199.542953793,
  "total_planned_kms": 75132.0,
  "depot_avg_epk": 49.81102622770386,
  "depot_avg_or": 0.7767208737623174,
  "revenue_by_quadrant": {
    "INEFFICIENT": 498484.717490961,
    "OVERSUPPLY": 420230.6230523739,
    "SOCIAL_OBLIGATION": 81031.93131847479,
    "UNDERSUPPLY": 2725883.231091983
  },
  "contribution_by_quadrant": {
    "INEFFICIENT": -163578.382509039,
    "OVERSUPPLY": 35304.82305237392,
    "SOCIAL_OBLIGATION": -3662.468681525206,
    "UNDERSUPPLY": 934135.5710919832
  }
}