{
  "depot": "HAKIMPET",
  "target_date": "2026-04-14",
  "predicted_depot_pkm": 1099216.625,
  "total_services": 147,
  "count_add_slot": 48,
  "count_cut": 0,
  "count_no_change": 99,
  "total_allocated_pkm": 990022.7697874466,
  "quadrant_counts": {
    "UNDERSUPPLY": 103,
    "OVERSUPPLY": 36,
    "INEFFICIENT": 8
  },
  "quadrant_pcts": {
    "UNDERSUPPLY": 70.1,
    "OVERSUPPLY": 24.5,
    "INEFFICIENT": 5.4
  },
  "total_revenue": 1334595.1120143835,
  "total_contribution": 525810.7017143834,
  "total_planned_kms": 30758.690000000002,
  "depot_avg_epk": 43.398564725876824,
  "depot_avg_or": 0.7435038015036274,
  "revenue_by_quadrant": {
    "INEFFICIENT": 0.0,
    "OVERSUPPLY": 287721.1492662333,
    "UNDERSUPPLY": 1046873.9627481501
  },
  "contribution_by_quadrant": {
    "INEFFICIENT": -36393.62,
    "OVERSUPPLY": 79278.35246623334,
    "UNDERSUPPLY": 482925.9692481501
  }
}