{
  "depot": "GWL-PRGPR",
  "target_date": "2026-05-17",
  "predicted_depot_pkm": 1713088.5,
  "total_services": 79,
  "count_add_slot": 48,
  "count_cut": 1,
  "count_no_change": 30,
  "total_allocated_pkm": 1543114.1677867763,
  "quadrant_counts": {
    "UNDERSUPPLY": 65,
    "OVERSUPPLY": 12,
    "INEFFICIENT": 2
  },
  "quadrant_pcts": {
    "UNDERSUPPLY": 82.3,
    "OVERSUPPLY": 15.2,
    "INEFFICIENT": 2.5
  },
  "total_revenue": 1763269.608041181,
  "total_contribution": 969419.6080411809,
  "total_planned_kms": 31754.0,
  "depot_avg_epk": 55.194999258701,
  "depot_avg_or": 0.8469334908593795,
  "revenue_by_quadrant": {
    "INEFFICIENT": 8777.630801490526,
    "OVERSUPPLY": 168389.43792779587,
    "UNDERSUPPLY": 1586102.5393118944
  },
  "contribution_by_quadrant": {
    "INEFFICIENT": -5847.369198509474,
    "OVERSUPPLY": 47264.437927795865,
    "UNDERSUPPLY": 928002.5393118944
  }
}