{
  "depot": "SURYAPET",
  "target_date": "2026-05-17",
  "predicted_depot_pkm": 2728140.75,
  "total_services": 156,
  "count_add_slot": 13,
  "count_cut": 2,
  "count_no_change": 141,
  "total_allocated_pkm": 2593112.5965470467,
  "quadrant_counts": {
    "OVERSUPPLY": 76,
    "UNDERSUPPLY": 70,
    "INEFFICIENT": 10
  },
  "quadrant_pcts": {
    "OVERSUPPLY": 48.7,
    "UNDERSUPPLY": 44.9,
    "INEFFICIENT": 6.4
  },
  "total_revenue": 3196345.059076807,
  "total_contribution": 1450270.0590768068,
  "total_planned_kms": 69843.0,
  "depot_avg_epk": 45.3012108830172,
  "depot_avg_or": 0.6701228780591633,
  "revenue_by_quadrant": {
    "INEFFICIENT": 88130.3277814027,
    "OVERSUPPLY": 1359808.8308773148,
    "UNDERSUPPLY": 1748405.9004180895
  },
  "contribution_by_quadrant": {
    "INEFFICIENT": -29769.672218597298,
    "OVERSUPPLY": 532308.8308773148,
    "UNDERSUPPLY": 947730.9004180894
  }
}