{
  "depot": "NARSAMPET",
  "target_date": "2026-05-17",
  "predicted_depot_pkm": 1576891.0,
  "total_services": 94,
  "count_add_slot": 39,
  "count_cut": 7,
  "count_no_change": 48,
  "total_allocated_pkm": 1456072.8788758724,
  "quadrant_counts": {
    "UNDERSUPPLY": 67,
    "OVERSUPPLY": 16,
    "INEFFICIENT": 11
  },
  "quadrant_pcts": {
    "UNDERSUPPLY": 71.3,
    "OVERSUPPLY": 17.0,
    "INEFFICIENT": 11.7
  },
  "total_revenue": 1740219.8335582057,
  "total_contribution": 868327.6335582052,
  "total_planned_kms": 40599.0,
  "depot_avg_epk": 42.83356668104899,
  "depot_avg_or": 0.7377546399684815,
  "revenue_by_quadrant": {
    "INEFFICIENT": 15414.543721885708,
    "OVERSUPPLY": 279784.03075796,
    "UNDERSUPPLY": 1445021.2590783597
  },
  "contribution_by_quadrant": {
    "INEFFICIENT": -65502.8562781143,
    "OVERSUPPLY": 112370.91075795998,
    "UNDERSUPPLY": 821459.5790783598
  }
}