{
  "depot": "GADWAL",
  "target_date": "2026-05-17",
  "predicted_depot_pkm": 1988633.5,
  "total_services": 104,
  "count_add_slot": 43,
  "count_cut": 2,
  "count_no_change": 59,
  "total_allocated_pkm": 1853458.6476228274,
  "quadrant_counts": {
    "UNDERSUPPLY": 72,
    "OVERSUPPLY": 27,
    "INEFFICIENT": 5
  },
  "quadrant_pcts": {
    "UNDERSUPPLY": 69.2,
    "OVERSUPPLY": 26.0,
    "INEFFICIENT": 4.8
  },
  "total_revenue": 2196757.839495169,
  "total_contribution": 1085907.839495169,
  "total_planned_kms": 44434.0,
  "depot_avg_epk": 49.33307188034725,
  "depot_avg_or": 0.7826859565907767,
  "revenue_by_quadrant": {
    "INEFFICIENT": 20159.717419906243,
    "OVERSUPPLY": 479894.9692796595,
    "UNDERSUPPLY": 1696703.1527956033
  },
  "contribution_by_quadrant": {
    "INEFFICIENT": -30190.282580093757,
    "OVERSUPPLY": 166344.96927965953,
    "UNDERSUPPLY": 949753.1527956033
  }
}