{
  "depot": "KUSHAIGUDA",
  "target_date": "2026-05-17",
  "predicted_depot_pkm": 1755465.5,
  "total_services": 226,
  "count_add_slot": 57,
  "count_cut": 0,
  "count_no_change": 169,
  "total_allocated_pkm": 1476197.3063765122,
  "quadrant_counts": {
    "UNDERSUPPLY": 120,
    "OVERSUPPLY": 85,
    "INEFFICIENT": 21
  },
  "quadrant_pcts": {
    "UNDERSUPPLY": 53.1,
    "OVERSUPPLY": 37.6,
    "INEFFICIENT": 9.3
  },
  "total_revenue": 2038913.1470662914,
  "total_contribution": 995013.1470662912,
  "total_planned_kms": 41756.0,
  "depot_avg_epk": 52.89826417391291,
  "depot_avg_or": 0.7340173029672478,
  "revenue_by_quadrant": {
    "INEFFICIENT": 31911.099303176154,
    "OVERSUPPLY": 692526.0462909675,
    "UNDERSUPPLY": 1314476.0014721476
  },
  "contribution_by_quadrant": {
    "INEFFICIENT": -95163.90069682384,
    "OVERSUPPLY": 288701.04629096744,
    "UNDERSUPPLY": 801476.0014721476
  }
}