{
  "depot": "MUSHIRABAD",
  "target_date": "2026-05-17",
  "predicted_depot_pkm": 1487010.125,
  "total_services": 201,
  "count_add_slot": 152,
  "count_cut": 0,
  "count_no_change": 49,
  "total_allocated_pkm": 1373784.7885360075,
  "quadrant_counts": {
    "UNDERSUPPLY": 162,
    "INEFFICIENT": 31,
    "OVERSUPPLY": 8
  },
  "quadrant_pcts": {
    "UNDERSUPPLY": 80.6,
    "INEFFICIENT": 15.4,
    "OVERSUPPLY": 4.0
  },
  "total_revenue": 1952520.282510627,
  "total_contribution": 1162970.282510627,
  "total_planned_kms": 31582.0,
  "depot_avg_epk": 63.190342367184755,
  "depot_avg_or": 0.972265625410507,
  "revenue_by_quadrant": {
    "INEFFICIENT": 6109.203150352845,
    "OVERSUPPLY": 46646.77961452313,
    "UNDERSUPPLY": 1899764.299745751
  },
  "contribution_by_quadrant": {
    "INEFFICIENT": -137790.79684964716,
    "OVERSUPPLY": 18146.779614523133,
    "UNDERSUPPLY": 1282614.299745751
  }
}