{
  "depot": "NAGARKURNOOL",
  "target_date": "2026-05-17",
  "predicted_depot_pkm": 1751198.75,
  "total_services": 79,
  "count_add_slot": 58,
  "count_cut": 0,
  "count_no_change": 21,
  "total_allocated_pkm": 1636483.970185483,
  "quadrant_counts": {
    "UNDERSUPPLY": 66,
    "OVERSUPPLY": 8,
    "INEFFICIENT": 5
  },
  "quadrant_pcts": {
    "UNDERSUPPLY": 83.5,
    "OVERSUPPLY": 10.1,
    "INEFFICIENT": 6.3
  },
  "total_revenue": 1877022.740521187,
  "total_contribution": 1043622.7405211868,
  "total_planned_kms": 33336.0,
  "depot_avg_epk": 55.54849447889199,
  "depot_avg_or": 0.9279373721289308,
  "revenue_by_quadrant": {
    "INEFFICIENT": 18348.65992594026,
    "OVERSUPPLY": 101231.81724244927,
    "UNDERSUPPLY": 1757442.2633527974
  },
  "contribution_by_quadrant": {
    "INEFFICIENT": -19676.34007405974,
    "OVERSUPPLY": 32006.817242449273,
    "UNDERSUPPLY": 1031292.2633527974
  }
}