{
  "depot": "NALGONDA",
  "target_date": "2026-05-17",
  "predicted_depot_pkm": 2484307.75,
  "total_services": 163,
  "count_add_slot": 15,
  "count_cut": 1,
  "count_no_change": 147,
  "total_allocated_pkm": 2370827.2378850556,
  "quadrant_counts": {
    "OVERSUPPLY": 97,
    "UNDERSUPPLY": 61,
    "INEFFICIENT": 5
  },
  "quadrant_pcts": {
    "OVERSUPPLY": 59.5,
    "UNDERSUPPLY": 37.4,
    "INEFFICIENT": 3.1
  },
  "total_revenue": 2978129.827372695,
  "total_contribution": 1324254.8273726949,
  "total_planned_kms": 66155.0,
  "depot_avg_epk": 44.15792098739832,
  "depot_avg_or": 0.6496542030188992,
  "revenue_by_quadrant": {
    "INEFFICIENT": 19762.768801771752,
    "OVERSUPPLY": 1584671.2162823712,
    "UNDERSUPPLY": 1373695.8422885519
  },
  "contribution_by_quadrant": {
    "INEFFICIENT": -18637.231198228248,
    "OVERSUPPLY": 606521.2162823712,
    "UNDERSUPPLY": 736370.8422885517
  }
}