{
  "depot": "BARKATPURA",
  "target_date": "2026-05-17",
  "predicted_depot_pkm": 1490279.25,
  "total_services": 142,
  "count_add_slot": 97,
  "count_cut": 1,
  "count_no_change": 44,
  "total_allocated_pkm": 1413681.7692092503,
  "quadrant_counts": {
    "UNDERSUPPLY": 99,
    "INEFFICIENT": 40,
    "OVERSUPPLY": 3
  },
  "quadrant_pcts": {
    "UNDERSUPPLY": 69.7,
    "INEFFICIENT": 28.2,
    "OVERSUPPLY": 2.1
  },
  "total_revenue": 1885033.2747807447,
  "total_contribution": 1164683.2747807447,
  "total_planned_kms": 28814.0,
  "depot_avg_epk": 63.12672211880912,
  "depot_avg_or": 1.0299002904373542,
  "revenue_by_quadrant": {
    "INEFFICIENT": 0.0,
    "OVERSUPPLY": 22287.968956583005,
    "UNDERSUPPLY": 1862745.3058241617
  },
  "contribution_by_quadrant": {
    "INEFFICIENT": -201725.0,
    "OVERSUPPLY": 7987.968956583007,
    "UNDERSUPPLY": 1358420.3058241617
  }
}