{
  "depot": "CONTONMENT",
  "target_date": "2026-05-17",
  "predicted_depot_pkm": 1817096.625,
  "total_services": 280,
  "count_add_slot": 143,
  "count_cut": 0,
  "count_no_change": 137,
  "total_allocated_pkm": 1394628.7694624504,
  "quadrant_counts": {
    "UNDERSUPPLY": 164,
    "OVERSUPPLY": 58,
    "INEFFICIENT": 51,
    "SOCIAL_OBLIGATION": 7
  },
  "quadrant_pcts": {
    "UNDERSUPPLY": 58.6,
    "OVERSUPPLY": 20.7,
    "INEFFICIENT": 18.2,
    "SOCIAL_OBLIGATION": 2.5
  },
  "total_revenue": 2256715.719257243,
  "total_contribution": 795944.657857243,
  "total_planned_kms": 46115.74,
  "depot_avg_epk": 53.40324924361531,
  "depot_avg_or": 0.8358455958597684,
  "revenue_by_quadrant": {
    "INEFFICIENT": 62651.980105932525,
    "OVERSUPPLY": 412178.91327298514,
    "SOCIAL_OBLIGATION": 51823.963904943914,
    "UNDERSUPPLY": 1730060.8619733814
  },
  "contribution_by_quadrant": {
    "INEFFICIENT": -334968.55569406744,
    "OVERSUPPLY": 121826.49927298518,
    "SOCIAL_OBLIGATION": -6330.796095056091,
    "UNDERSUPPLY": 1015417.5103733813
  }
}