{
  "depot": "VEMULAWADA",
  "target_date": "2026-05-17",
  "predicted_depot_pkm": 1398958.75,
  "total_services": 74,
  "count_add_slot": 34,
  "count_cut": 0,
  "count_no_change": 40,
  "total_allocated_pkm": 1297873.1965493436,
  "quadrant_counts": {
    "UNDERSUPPLY": 53,
    "OVERSUPPLY": 17,
    "INEFFICIENT": 4
  },
  "quadrant_pcts": {
    "UNDERSUPPLY": 71.6,
    "OVERSUPPLY": 23.0,
    "INEFFICIENT": 5.4
  },
  "total_revenue": 1606525.814879469,
  "total_contribution": 778725.814879469,
  "total_planned_kms": 33112.0,
  "depot_avg_epk": 48.416292508322364,
  "depot_avg_or": 0.8060527959407751,
  "revenue_by_quadrant": {
    "INEFFICIENT": 16520.629153819493,
    "OVERSUPPLY": 313067.92894382036,
    "UNDERSUPPLY": 1276937.2567818293
  },
  "contribution_by_quadrant": {
    "INEFFICIENT": -22579.370846180507,
    "OVERSUPPLY": 105467.92894382036,
    "UNDERSUPPLY": 695837.2567818292
  }
}