{
  "depot": "MIRYALAGUDA",
  "target_date": "2026-05-17",
  "predicted_depot_pkm": 1730061.25,
  "total_services": 125,
  "count_add_slot": 20,
  "count_cut": 6,
  "count_no_change": 99,
  "total_allocated_pkm": 1313044.9431429263,
  "quadrant_counts": {
    "OVERSUPPLY": 61,
    "UNDERSUPPLY": 48,
    "INEFFICIENT": 16
  },
  "quadrant_pcts": {
    "OVERSUPPLY": 48.8,
    "UNDERSUPPLY": 38.4,
    "INEFFICIENT": 12.8
  },
  "total_revenue": 1744709.5749194752,
  "total_contribution": 664884.5749194754,
  "total_planned_kms": 43193.0,
  "depot_avg_epk": 39.89055015288955,
  "depot_avg_or": 0.634045741671481,
  "revenue_by_quadrant": {
    "INEFFICIENT": 28150.611449888318,
    "OVERSUPPLY": 802598.8332851619,
    "UNDERSUPPLY": 913960.1301844252
  },
  "contribution_by_quadrant": {
    "INEFFICIENT": -108274.38855011167,
    "OVERSUPPLY": 293323.83328516193,
    "UNDERSUPPLY": 479835.13018442516
  }
}