{
  "depot": "WARANGAL-II",
  "target_date": "2026-05-17",
  "predicted_depot_pkm": 2591970.75,
  "total_services": 158,
  "count_add_slot": 31,
  "count_cut": 1,
  "count_no_change": 126,
  "total_allocated_pkm": 2563384.246097604,
  "quadrant_counts": {
    "UNDERSUPPLY": 94,
    "INEFFICIENT": 41,
    "OVERSUPPLY": 22,
    "SOCIAL_OBLIGATION": 1
  },
  "quadrant_pcts": {
    "UNDERSUPPLY": 59.5,
    "INEFFICIENT": 25.9,
    "OVERSUPPLY": 13.9,
    "SOCIAL_OBLIGATION": 0.6
  },
  "total_revenue": 3363841.8253043033,
  "total_contribution": 440410.8653043035,
  "total_planned_kms": 75132.0,
  "depot_avg_epk": 45.0499966596576,
  "depot_avg_or": 0.7018057274397138,
  "revenue_by_quadrant": {
    "INEFFICIENT": 540018.0353011175,
    "OVERSUPPLY": 416299.09636882384,
    "SOCIAL_OBLIGATION": 19953.192442243093,
    "UNDERSUPPLY": 2387571.501192119
  },
  "contribution_by_quadrant": {
    "INEFFICIENT": -286972.1246988825,
    "OVERSUPPLY": 47567.15636882385,
    "SOCIAL_OBLIGATION": -1220.4075577569056,
    "UNDERSUPPLY": 681036.2411921191
  }
}