{
  "depot": "MIDHANI",
  "target_date": "2026-05-17",
  "predicted_depot_pkm": 1273455.25,
  "total_services": 144,
  "count_add_slot": 109,
  "count_cut": 0,
  "count_no_change": 35,
  "total_allocated_pkm": 1117938.1126106172,
  "quadrant_counts": {
    "UNDERSUPPLY": 117,
    "INEFFICIENT": 23,
    "OVERSUPPLY": 4
  },
  "quadrant_pcts": {
    "UNDERSUPPLY": 81.2,
    "INEFFICIENT": 16.0,
    "OVERSUPPLY": 2.8
  },
  "total_revenue": 1532084.0549742356,
  "total_contribution": 859602.5549742357,
  "total_planned_kms": 26899.260000000002,
  "depot_avg_epk": 60.08926267912846,
  "depot_avg_or": 0.9541267963510863,
  "revenue_by_quadrant": {
    "INEFFICIENT": 0.0,
    "OVERSUPPLY": 25149.166147402848,
    "UNDERSUPPLY": 1506934.8888268329
  },
  "contribution_by_quadrant": {
    "INEFFICIENT": -137375.0,
    "OVERSUPPLY": 10549.166147402848,
    "UNDERSUPPLY": 986428.3888268328
  }
}