{
  "depot": "HAYATHNAGAR-I",
  "target_date": "2026-05-17",
  "predicted_depot_pkm": 1448528.0,
  "total_services": 174,
  "count_add_slot": 113,
  "count_cut": 0,
  "count_no_change": 61,
  "total_allocated_pkm": 1382316.356285388,
  "quadrant_counts": {
    "UNDERSUPPLY": 116,
    "INEFFICIENT": 55,
    "OVERSUPPLY": 3
  },
  "quadrant_pcts": {
    "UNDERSUPPLY": 66.7,
    "INEFFICIENT": 31.6,
    "OVERSUPPLY": 1.7
  },
  "total_revenue": 1812095.290872712,
  "total_contribution": 1024919.7908727122,
  "total_planned_kms": 31487.02,
  "depot_avg_epk": 53.799134093650736,
  "depot_avg_or": 0.8916925825562914,
  "revenue_by_quadrant": {
    "INEFFICIENT": 0.0,
    "OVERSUPPLY": 14521.305247356897,
    "UNDERSUPPLY": 1797573.9856253553
  },
  "contribution_by_quadrant": {
    "INEFFICIENT": -222050.0,
    "OVERSUPPLY": 2871.305247356898,
    "UNDERSUPPLY": 1244098.4856253553
  }
}