{
  "depot": "MANCHERIAL",
  "target_date": "2026-05-17",
  "predicted_depot_pkm": 2287087.75,
  "total_services": 146,
  "count_add_slot": 38,
  "count_cut": 0,
  "count_no_change": 108,
  "total_allocated_pkm": 2171910.4521031557,
  "quadrant_counts": {
    "UNDERSUPPLY": 93,
    "OVERSUPPLY": 44,
    "INEFFICIENT": 9
  },
  "quadrant_pcts": {
    "UNDERSUPPLY": 63.7,
    "OVERSUPPLY": 30.1,
    "INEFFICIENT": 6.2
  },
  "total_revenue": 2789611.1264088945,
  "total_contribution": 1246036.126408894,
  "total_planned_kms": 61743.0,
  "depot_avg_epk": 44.94459325528384,
  "depot_avg_or": 0.7296623669321229,
  "revenue_by_quadrant": {
    "INEFFICIENT": 48688.43358618495,
    "OVERSUPPLY": 840936.9311322739,
    "UNDERSUPPLY": 1899985.7616904355
  },
  "contribution_by_quadrant": {
    "INEFFICIENT": -29036.566413815053,
    "OVERSUPPLY": 308561.9311322739,
    "UNDERSUPPLY": 966510.7616904353
  }
}