{
  "depot": "YADAGIRIGUTTA",
  "target_date": "2026-05-17",
  "predicted_depot_pkm": 1937938.875,
  "total_services": 82,
  "count_add_slot": 42,
  "count_cut": 2,
  "count_no_change": 38,
  "total_allocated_pkm": 1545636.2938327193,
  "quadrant_counts": {
    "UNDERSUPPLY": 68,
    "OVERSUPPLY": 10,
    "INEFFICIENT": 4
  },
  "quadrant_pcts": {
    "UNDERSUPPLY": 82.9,
    "OVERSUPPLY": 12.2,
    "INEFFICIENT": 4.9
  },
  "total_revenue": 1805011.564244564,
  "total_contribution": 963286.5642445637,
  "total_planned_kms": 33669.0,
  "depot_avg_epk": 53.1610446010953,
  "depot_avg_or": 0.8256913965754806,
  "revenue_by_quadrant": {
    "INEFFICIENT": 12827.325128249306,
    "OVERSUPPLY": 147062.22222731786,
    "UNDERSUPPLY": 1645122.0168889966
  },
  "contribution_by_quadrant": {
    "INEFFICIENT": -29872.674871750693,
    "OVERSUPPLY": 49012.22222731786,
    "UNDERSUPPLY": 944147.0168889967
  }
}