{
  "depot": "DILSHUKNAGAR",
  "target_date": "2026-05-17",
  "predicted_depot_pkm": 1308719.25,
  "total_services": 149,
  "count_add_slot": 92,
  "count_cut": 0,
  "count_no_change": 57,
  "total_allocated_pkm": 1180774.8697781605,
  "quadrant_counts": {
    "UNDERSUPPLY": 108,
    "INEFFICIENT": 31,
    "OVERSUPPLY": 10
  },
  "quadrant_pcts": {
    "UNDERSUPPLY": 72.5,
    "INEFFICIENT": 20.8,
    "OVERSUPPLY": 6.7
  },
  "total_revenue": 1584121.5818680334,
  "total_contribution": 773139.5818680335,
  "total_planned_kms": 32439.28,
  "depot_avg_epk": 50.19189287253887,
  "depot_avg_or": 0.8107826015396362,
  "revenue_by_quadrant": {
    "INEFFICIENT": 3557.9790002892987,
    "OVERSUPPLY": 49644.40669551974,
    "UNDERSUPPLY": 1530919.1961722244
  },
  "contribution_by_quadrant": {
    "INEFFICIENT": -183717.02099971072,
    "OVERSUPPLY": 13694.406695519743,
    "UNDERSUPPLY": 943162.1961722245
  }
}