{
  "depot": "NARAYANKHED",
  "target_date": "2026-05-17",
  "predicted_depot_pkm": 1128429.0,
  "total_services": 54,
  "count_add_slot": 19,
  "count_cut": 0,
  "count_no_change": 35,
  "total_allocated_pkm": 932396.51765563,
  "quadrant_counts": {
    "UNDERSUPPLY": 30,
    "INEFFICIENT": 13,
    "OVERSUPPLY": 11
  },
  "quadrant_pcts": {
    "UNDERSUPPLY": 55.6,
    "INEFFICIENT": 24.1,
    "OVERSUPPLY": 20.4
  },
  "total_revenue": 1151986.7879713392,
  "total_contribution": 538061.7879713391,
  "total_planned_kms": 24557.0,
  "depot_avg_epk": 43.50838327350962,
  "depot_avg_or": 0.6449633949034825,
  "revenue_by_quadrant": {
    "INEFFICIENT": 33037.81911670817,
    "OVERSUPPLY": 186472.61240132325,
    "UNDERSUPPLY": 932476.3564533077
  },
  "contribution_by_quadrant": {
    "INEFFICIENT": -85812.18088329183,
    "OVERSUPPLY": 65422.61240132324,
    "UNDERSUPPLY": 558451.3564533077
  }
}