{
  "depot": "ARMOOR",
  "target_date": "2026-04-28",
  "predicted_depot_pkm": 1377022.5,
  "total_services": 90,
  "count_add_slot": 24,
  "count_cut": 0,
  "count_no_change": 66,
  "total_allocated_pkm": 1191873.6372163966,
  "quadrant_counts": {
    "UNDERSUPPLY": 48,
    "OVERSUPPLY": 33,
    "INEFFICIENT": 9
  },
  "quadrant_pcts": {
    "UNDERSUPPLY": 53.3,
    "OVERSUPPLY": 36.7,
    "INEFFICIENT": 10.0
  },
  "total_revenue": 1477401.742040533,
  "total_contribution": 796432.5420405329,
  "total_planned_kms": 36987.0,
  "depot_avg_epk": 40.43485839614896,
  "depot_avg_or": 0.6551910780093605,
  "revenue_by_quadrant": {
    "INEFFICIENT": 8983.6402194568,
    "OVERSUPPLY": 503274.5488085779,
    "UNDERSUPPLY": 965143.5530124983
  },
  "contribution_by_quadrant": {
    "INEFFICIENT": -59033.3197805432,
    "OVERSUPPLY": 218034.08880857786,
    "UNDERSUPPLY": 637431.7730124984
  }
}