{
  "depot": "HAKIMPET",
  "target_date": "2026-04-28",
  "predicted_depot_pkm": 1393458.125,
  "total_services": 147,
  "count_add_slot": 92,
  "count_cut": 0,
  "count_no_change": 55,
  "total_allocated_pkm": 1040420.751047346,
  "quadrant_counts": {
    "UNDERSUPPLY": 115,
    "INEFFICIENT": 23,
    "OVERSUPPLY": 9
  },
  "quadrant_pcts": {
    "UNDERSUPPLY": 78.2,
    "INEFFICIENT": 15.6,
    "OVERSUPPLY": 6.1
  },
  "total_revenue": 1398452.5305373408,
  "total_contribution": 589668.1202373407,
  "total_planned_kms": 30758.690000000002,
  "depot_avg_epk": 47.00599518284213,
  "depot_avg_or": 0.8062446165015617,
  "revenue_by_quadrant": {
    "INEFFICIENT": 9270.891167265298,
    "OVERSUPPLY": 56982.369768925055,
    "UNDERSUPPLY": 1332199.2696011504
  },
  "contribution_by_quadrant": {
    "INEFFICIENT": -128717.07363273471,
    "OVERSUPPLY": 15482.629768925057,
    "UNDERSUPPLY": 702902.5641011503
  }
}