{
  "depot": "HANAMKONDA",
  "target_date": "2026-04-28",
  "predicted_depot_pkm": 1640843.25,
  "total_services": 169,
  "count_add_slot": 33,
  "count_cut": 0,
  "count_no_change": 136,
  "total_allocated_pkm": 1524963.240598028,
  "quadrant_counts": {
    "OVERSUPPLY": 74,
    "UNDERSUPPLY": 52,
    "INEFFICIENT": 42,
    "SOCIAL_OBLIGATION": 1
  },
  "quadrant_pcts": {
    "OVERSUPPLY": 43.8,
    "UNDERSUPPLY": 30.8,
    "INEFFICIENT": 24.9,
    "SOCIAL_OBLIGATION": 0.6
  },
  "total_revenue": 1879532.8257091707,
  "total_contribution": 386990.31570917036,
  "total_planned_kms": 53984.0,
  "depot_avg_epk": 40.00266834925762,
  "depot_avg_or": 0.6533088397632336,
  "revenue_by_quadrant": {
    "INEFFICIENT": 479097.57661899057,
    "OVERSUPPLY": 864936.5163078876,
    "SOCIAL_OBLIGATION": 11113.013822442983,
    "UNDERSUPPLY": 524385.7189598493
  },
  "contribution_by_quadrant": {
    "INEFFICIENT": -112164.19338100948,
    "OVERSUPPLY": 288180.1563078876,
    "SOCIAL_OBLIGATION": -574.2661775570177,
    "UNDERSUPPLY": 211548.61895984932
  }
}