{
  "depot": "BANSWADA",
  "target_date": "2026-03-03",
  "predicted_depot_pkm": 1152344.5,
  "total_services": 92,
  "count_add_slot": 1,
  "count_cut": 0,
  "count_no_change": 91,
  "total_allocated_pkm": 926207.425444646,
  "quadrant_counts": {
    "OVERSUPPLY": 72,
    "INEFFICIENT": 17,
    "UNDERSUPPLY": 3
  },
  "quadrant_pcts": {
    "OVERSUPPLY": 78.3,
    "INEFFICIENT": 18.5,
    "UNDERSUPPLY": 3.3
  },
  "total_revenue": 1103211.9830202705,
  "total_contribution": 399840.7930202706,
  "total_planned_kms": 37832.0,
  "depot_avg_epk": 28.719524254950063,
  "depot_avg_or": 0.46611849406795863,
  "revenue_by_quadrant": {
    "INEFFICIENT": 68726.97681582492,
    "OVERSUPPLY": 978835.8123358872,
    "UNDERSUPPLY": 55649.19386855849
  },
  "contribution_by_quadrant": {
    "INEFFICIENT": -52833.3931841751,
    "OVERSUPPLY": 419354.31233588717,
    "UNDERSUPPLY": 33319.87386855849
  }
}