{
  "depot": "BHUPALAPALLAY",
  "target_date": "2026-03-03",
  "predicted_depot_pkm": 1104589.375,
  "total_services": 86,
  "count_add_slot": 1,
  "count_cut": 1,
  "count_no_change": 84,
  "total_allocated_pkm": 1060612.354880622,
  "quadrant_counts": {
    "OVERSUPPLY": 66,
    "UNDERSUPPLY": 10,
    "INEFFICIENT": 10
  },
  "quadrant_pcts": {
    "OVERSUPPLY": 76.7,
    "UNDERSUPPLY": 11.6,
    "INEFFICIENT": 11.6
  },
  "total_revenue": 1327971.859019523,
  "total_contribution": 491255.4790195226,
  "total_planned_kms": 40068.0,
  "depot_avg_epk": 33.05456283390724,
  "depot_avg_or": 0.5305107539427869,
  "revenue_by_quadrant": {
    "INEFFICIENT": 44639.27155901783,
    "OVERSUPPLY": 1064769.328255547,
    "UNDERSUPPLY": 218563.25920495798
  },
  "contribution_by_quadrant": {
    "INEFFICIENT": -46772.00844098218,
    "OVERSUPPLY": 419039.0682555469,
    "UNDERSUPPLY": 118988.41920495796
  }
}