{
  "depot": "NIZAMABAD-I",
  "target_date": "2026-03-03",
  "predicted_depot_pkm": 1294682.375,
  "total_services": 125,
  "count_add_slot": 0,
  "count_cut": 0,
  "count_no_change": 125,
  "total_allocated_pkm": 1033597.8363202498,
  "quadrant_counts": {
    "OVERSUPPLY": 103,
    "INEFFICIENT": 22
  },
  "quadrant_pcts": {
    "OVERSUPPLY": 82.4,
    "INEFFICIENT": 17.6
  },
  "total_revenue": 1359928.102989826,
  "total_contribution": 372204.122989826,
  "total_planned_kms": 51753.0,
  "depot_avg_epk": 27.452939638079155,
  "depot_avg_or": 0.4257666833492655,
  "revenue_by_quadrant": {
    "INEFFICIENT": 149028.6274966988,
    "OVERSUPPLY": 1210899.4754931272
  },
  "contribution_by_quadrant": {
    "INEFFICIENT": -76399.47250330121,
    "OVERSUPPLY": 448603.59549312724
  }
}