{
  "depot": "CONTONMENT",
  "target_date": "2026-04-30",
  "predicted_depot_pkm": 1802075.375,
  "total_services": 280,
  "count_add_slot": 138,
  "count_cut": 0,
  "count_no_change": 142,
  "total_allocated_pkm": 1377946.573106652,
  "quadrant_counts": {
    "UNDERSUPPLY": 162,
    "INEFFICIENT": 57,
    "OVERSUPPLY": 55,
    "SOCIAL_OBLIGATION": 6
  },
  "quadrant_pcts": {
    "UNDERSUPPLY": 57.9,
    "INEFFICIENT": 20.4,
    "OVERSUPPLY": 19.6,
    "SOCIAL_OBLIGATION": 2.1
  },
  "total_revenue": 2229029.9097873424,
  "total_contribution": 768258.8483873423,
  "total_planned_kms": 46115.74,
  "depot_avg_epk": 52.93986125905858,
  "depot_avg_or": 0.8347696059423023,
  "revenue_by_quadrant": {
    "INEFFICIENT": 101991.88606042569,
    "OVERSUPPLY": 404603.572007566,
    "SOCIAL_OBLIGATION": 41452.9600868419,
    "UNDERSUPPLY": 1680981.4916325088
  },
  "contribution_by_quadrant": {
    "INEFFICIENT": -310476.6397395743,
    "OVERSUPPLY": 125264.45920756603,
    "SOCIAL_OBLIGATION": -5862.919913158101,
    "UNDERSUPPLY": 959333.9488325088
  }
}