{
  "depot": "IBRAHIMPATNAM",
  "target_date": "2026-04-30",
  "predicted_depot_pkm": 1873684.125,
  "total_services": 189,
  "count_add_slot": 113,
  "count_cut": 0,
  "count_no_change": 76,
  "total_allocated_pkm": 1682465.5744732209,
  "quadrant_counts": {
    "UNDERSUPPLY": 150,
    "OVERSUPPLY": 27,
    "INEFFICIENT": 12
  },
  "quadrant_pcts": {
    "UNDERSUPPLY": 79.4,
    "OVERSUPPLY": 14.3,
    "INEFFICIENT": 6.3
  },
  "total_revenue": 2250038.3005751995,
  "total_contribution": 1371448.1685752,
  "total_planned_kms": 44778.7,
  "depot_avg_epk": 53.11076124545478,
  "depot_avg_or": 0.8659396252660475,
  "revenue_by_quadrant": {
    "INEFFICIENT": 50621.329970095314,
    "OVERSUPPLY": 233435.59082511367,
    "UNDERSUPPLY": 1965981.379779991
  },
  "contribution_by_quadrant": {
    "INEFFICIENT": -17647.11002990468,
    "OVERSUPPLY": 75595.99082511367,
    "UNDERSUPPLY": 1313499.287779991
  }
}