{
  "depot": "NARSAMPET",
  "target_date": "2026-04-30",
  "predicted_depot_pkm": 1424736.375,
  "total_services": 94,
  "count_add_slot": 14,
  "count_cut": 0,
  "count_no_change": 80,
  "total_allocated_pkm": 1311856.7879162882,
  "quadrant_counts": {
    "UNDERSUPPLY": 50,
    "OVERSUPPLY": 36,
    "INEFFICIENT": 8
  },
  "quadrant_pcts": {
    "UNDERSUPPLY": 53.2,
    "OVERSUPPLY": 38.3,
    "INEFFICIENT": 8.5
  },
  "total_revenue": 1568890.5760212082,
  "total_contribution": 696998.3760212081,
  "total_planned_kms": 40599.0,
  "depot_avg_epk": 38.73917261952866,
  "depot_avg_or": 0.6658926143563715,
  "revenue_by_quadrant": {
    "INEFFICIENT": 28651.026970235842,
    "OVERSUPPLY": 547696.9077209913,
    "UNDERSUPPLY": 992542.641329981
  },
  "contribution_by_quadrant": {
    "INEFFICIENT": -35600.77302976416,
    "OVERSUPPLY": 215191.76772099125,
    "UNDERSUPPLY": 517407.38132998097
  }
}