{
  "depot": "NARKATPALLY",
  "target_date": "2026-05-21",
  "predicted_depot_pkm": 675975.6875,
  "total_services": 26,
  "count_add_slot": 23,
  "count_cut": 0,
  "count_no_change": 3,
  "total_allocated_pkm": 620522.8821238505,
  "quadrant_counts": {
    "UNDERSUPPLY": 24,
    "OVERSUPPLY": 2
  },
  "quadrant_pcts": {
    "UNDERSUPPLY": 92.3,
    "OVERSUPPLY": 7.7
  },
  "total_revenue": 691579.5886245933,
  "total_contribution": 432829.58862459345,
  "total_planned_kms": 10350.0,
  "depot_avg_epk": 66.4643218129095,
  "depot_avg_or": 1.0754003866690685,
  "revenue_by_quadrant": {
    "OVERSUPPLY": 25648.185029725562,
    "UNDERSUPPLY": 665931.4035948679
  },
  "contribution_by_quadrant": {
    "OVERSUPPLY": 9798.185029725562,
    "UNDERSUPPLY": 423031.40359486785
  }
}