{
  "depot": "RAJENDRANAGAR",
  "target_date": "2026-05-21",
  "predicted_depot_pkm": 1830583.0,
  "total_services": 179,
  "count_add_slot": 123,
  "count_cut": 0,
  "count_no_change": 56,
  "total_allocated_pkm": 1606607.6759929005,
  "quadrant_counts": {
    "UNDERSUPPLY": 130,
    "INEFFICIENT": 40,
    "OVERSUPPLY": 9
  },
  "quadrant_pcts": {
    "UNDERSUPPLY": 72.6,
    "INEFFICIENT": 22.3,
    "OVERSUPPLY": 5.0
  },
  "total_revenue": 2167018.067279665,
  "total_contribution": 1176286.0672796648,
  "total_planned_kms": 39629.28,
  "depot_avg_epk": 57.41006540519041,
  "depot_avg_or": 0.9257914337649877,
  "revenue_by_quadrant": {
    "INEFFICIENT": 19458.31879283638,
    "OVERSUPPLY": 78202.87478755959,
    "UNDERSUPPLY": 2069356.8736992686
  },
  "contribution_by_quadrant": {
    "INEFFICIENT": -213022.6812071636,
    "OVERSUPPLY": 27752.87478755959,
    "UNDERSUPPLY": 1361555.8736992686
  }
}