{
  "depot": "GODAVARIKHANI",
  "target_date": "2026-05-21",
  "predicted_depot_pkm": 2053708.875,
  "total_services": 120,
  "count_add_slot": 28,
  "count_cut": 0,
  "count_no_change": 92,
  "total_allocated_pkm": 1807862.0847100555,
  "quadrant_counts": {
    "UNDERSUPPLY": 64,
    "OVERSUPPLY": 47,
    "INEFFICIENT": 9
  },
  "quadrant_pcts": {
    "UNDERSUPPLY": 53.3,
    "OVERSUPPLY": 39.2,
    "INEFFICIENT": 7.5
  },
  "total_revenue": 2316763.785438646,
  "total_contribution": 985263.7854386462,
  "total_planned_kms": 53260.0,
  "depot_avg_epk": 44.555983613221436,
  "depot_avg_or": 0.7036014168055343,
  "revenue_by_quadrant": {
    "INEFFICIENT": 53090.12973080079,
    "OVERSUPPLY": 836718.3896542426,
    "UNDERSUPPLY": 1426955.2660536028
  },
  "contribution_by_quadrant": {
    "INEFFICIENT": -67334.87026919921,
    "OVERSUPPLY": 285493.3896542426,
    "UNDERSUPPLY": 767105.2660536028
  }
}