{
  "depot": "SHADNAGAR",
  "target_date": "2026-05-21",
  "predicted_depot_pkm": 1717063.875,
  "total_services": 88,
  "count_add_slot": 48,
  "count_cut": 3,
  "count_no_change": 37,
  "total_allocated_pkm": 1597149.8158110227,
  "quadrant_counts": {
    "UNDERSUPPLY": 66,
    "OVERSUPPLY": 17,
    "INEFFICIENT": 5
  },
  "quadrant_pcts": {
    "UNDERSUPPLY": 75.0,
    "OVERSUPPLY": 19.3,
    "INEFFICIENT": 5.7
  },
  "total_revenue": 1890692.8158788527,
  "total_contribution": 1012367.8158788529,
  "total_planned_kms": 35133.0,
  "depot_avg_epk": 51.95068555787995,
  "depot_avg_or": 0.8304851681605983,
  "revenue_by_quadrant": {
    "INEFFICIENT": 9536.879325375297,
    "OVERSUPPLY": 238020.6967710081,
    "UNDERSUPPLY": 1643135.2397824696
  },
  "contribution_by_quadrant": {
    "INEFFICIENT": -24163.1206746247,
    "OVERSUPPLY": 77395.69677100812,
    "UNDERSUPPLY": 959135.2397824696
  }
}