{
  "depot": "PARGI",
  "target_date": "2026-05-21",
  "predicted_depot_pkm": 1587408.5,
  "total_services": 78,
  "count_add_slot": 42,
  "count_cut": 1,
  "count_no_change": 35,
  "total_allocated_pkm": 1461379.143295241,
  "quadrant_counts": {
    "UNDERSUPPLY": 61,
    "OVERSUPPLY": 16,
    "INEFFICIENT": 1
  },
  "quadrant_pcts": {
    "UNDERSUPPLY": 78.2,
    "OVERSUPPLY": 20.5,
    "INEFFICIENT": 1.3
  },
  "total_revenue": 1685428.0482032239,
  "total_contribution": 873803.0482032243,
  "total_planned_kms": 32465.0,
  "depot_avg_epk": 52.10172729048482,
  "depot_avg_or": 0.8590056728594083,
  "revenue_by_quadrant": {
    "INEFFICIENT": 2966.807459958207,
    "OVERSUPPLY": 271800.14811458916,
    "UNDERSUPPLY": 1410661.092628677
  },
  "contribution_by_quadrant": {
    "INEFFICIENT": -5233.192540041793,
    "OVERSUPPLY": 93800.14811458917,
    "UNDERSUPPLY": 785236.0926286769
  }
}