{
  "depot": "BARKATPURA",
  "target_date": "2026-05-21",
  "predicted_depot_pkm": 1570951.0,
  "total_services": 142,
  "count_add_slot": 98,
  "count_cut": 1,
  "count_no_change": 43,
  "total_allocated_pkm": 1494718.2654608954,
  "quadrant_counts": {
    "UNDERSUPPLY": 100,
    "INEFFICIENT": 40,
    "OVERSUPPLY": 2
  },
  "quadrant_pcts": {
    "UNDERSUPPLY": 70.4,
    "INEFFICIENT": 28.2,
    "OVERSUPPLY": 1.4
  },
  "total_revenue": 1993398.534651348,
  "total_contribution": 1273048.534651348,
  "total_planned_kms": 28814.0,
  "depot_avg_epk": 66.76376569280987,
  "depot_avg_or": 1.0890859490348022,
  "revenue_by_quadrant": {
    "INEFFICIENT": 0.0,
    "OVERSUPPLY": 13836.313648820256,
    "UNDERSUPPLY": 1979562.2210025275
  },
  "contribution_by_quadrant": {
    "INEFFICIENT": -201725.0,
    "OVERSUPPLY": 3336.313648820256,
    "UNDERSUPPLY": 1471437.2210025275
  }
}