{
  "depot": "DUBBAKA",
  "target_date": "2026-05-21",
  "predicted_depot_pkm": 819231.8125,
  "total_services": 41,
  "count_add_slot": 14,
  "count_cut": 6,
  "count_no_change": 21,
  "total_allocated_pkm": 649154.359932086,
  "quadrant_counts": {
    "UNDERSUPPLY": 25,
    "INEFFICIENT": 9,
    "OVERSUPPLY": 7
  },
  "quadrant_pcts": {
    "UNDERSUPPLY": 61.0,
    "INEFFICIENT": 22.0,
    "OVERSUPPLY": 17.1
  },
  "total_revenue": 768342.7810870324,
  "total_contribution": 341742.78108703246,
  "total_planned_kms": 17064.0,
  "depot_avg_epk": 43.24136235475358,
  "depot_avg_or": 0.6680220481271181,
  "revenue_by_quadrant": {
    "INEFFICIENT": 6531.41030101302,
    "OVERSUPPLY": 114204.88865856202,
    "UNDERSUPPLY": 647606.4821274574
  },
  "contribution_by_quadrant": {
    "INEFFICIENT": -66418.58969898698,
    "OVERSUPPLY": 38654.88865856203,
    "UNDERSUPPLY": 369506.4821274574
  }
}