{
  "depot": "KUSHAIGUDA",
  "target_date": "2026-05-21",
  "predicted_depot_pkm": 1794740.875,
  "total_services": 226,
  "count_add_slot": 59,
  "count_cut": 0,
  "count_no_change": 167,
  "total_allocated_pkm": 1499872.2594257304,
  "quadrant_counts": {
    "UNDERSUPPLY": 126,
    "OVERSUPPLY": 81,
    "INEFFICIENT": 19
  },
  "quadrant_pcts": {
    "UNDERSUPPLY": 55.8,
    "OVERSUPPLY": 35.8,
    "INEFFICIENT": 8.4
  },
  "total_revenue": 2070043.3369562312,
  "total_contribution": 1026143.3369562312,
  "total_planned_kms": 41756.0,
  "depot_avg_epk": 54.047059021468925,
  "depot_avg_or": 0.7499083981340255,
  "revenue_by_quadrant": {
    "INEFFICIENT": 26642.53372314512,
    "OVERSUPPLY": 630967.9943347513,
    "UNDERSUPPLY": 1412432.8088983349
  },
  "contribution_by_quadrant": {
    "INEFFICIENT": -105332.46627685487,
    "OVERSUPPLY": 261117.99433475122,
    "UNDERSUPPLY": 870357.8088983347
  }
}