{
  "depot": "DEVARAKONDA",
  "target_date": "2026-05-21",
  "predicted_depot_pkm": 2267485.75,
  "total_services": 100,
  "count_add_slot": 55,
  "count_cut": 0,
  "count_no_change": 45,
  "total_allocated_pkm": 2059097.7769692568,
  "quadrant_counts": {
    "UNDERSUPPLY": 83,
    "OVERSUPPLY": 13,
    "INEFFICIENT": 4
  },
  "quadrant_pcts": {
    "UNDERSUPPLY": 83.0,
    "OVERSUPPLY": 13.0,
    "INEFFICIENT": 4.0
  },
  "total_revenue": 2520017.1366625293,
  "total_contribution": 1387392.1366625293,
  "total_planned_kms": 45305.0,
  "depot_avg_epk": 57.05940348676908,
  "depot_avg_or": 0.8498706971103118,
  "revenue_by_quadrant": {
    "INEFFICIENT": 50268.1920840855,
    "OVERSUPPLY": 230062.26550347044,
    "UNDERSUPPLY": 2239686.6790749733
  },
  "contribution_by_quadrant": {
    "INEFFICIENT": -36531.8079159145,
    "OVERSUPPLY": 83562.26550347044,
    "UNDERSUPPLY": 1340361.6790749733
  }
}