{
  "depot": "UTNOOR",
  "target_date": "2026-05-21",
  "predicted_depot_pkm": 830992.3125,
  "total_services": 37,
  "count_add_slot": 28,
  "count_cut": 0,
  "count_no_change": 9,
  "total_allocated_pkm": 794584.108020699,
  "quadrant_counts": {
    "UNDERSUPPLY": 32,
    "OVERSUPPLY": 5
  },
  "quadrant_pcts": {
    "UNDERSUPPLY": 86.5,
    "OVERSUPPLY": 13.5
  },
  "total_revenue": 968499.7637364204,
  "total_contribution": 579899.7637364205,
  "total_planned_kms": 15544.0,
  "depot_avg_epk": 63.13610153851121,
  "depot_avg_or": 0.9975614406117248,
  "revenue_by_quadrant": {
    "OVERSUPPLY": 95749.70338390296,
    "UNDERSUPPLY": 872750.0603525176
  },
  "contribution_by_quadrant": {
    "OVERSUPPLY": 36299.70338390296,
    "UNDERSUPPLY": 543600.0603525176
  }
}