{
  "depot": "IBRAHIMPATNAM",
  "target_date": "2026-05-21",
  "predicted_depot_pkm": 2029967.5,
  "total_services": 189,
  "count_add_slot": 131,
  "count_cut": 2,
  "count_no_change": 56,
  "total_allocated_pkm": 1835458.754317051,
  "quadrant_counts": {
    "UNDERSUPPLY": 157,
    "OVERSUPPLY": 18,
    "INEFFICIENT": 14
  },
  "quadrant_pcts": {
    "UNDERSUPPLY": 83.1,
    "OVERSUPPLY": 9.5,
    "INEFFICIENT": 7.4
  },
  "total_revenue": 2435516.4283980876,
  "total_contribution": 1556926.2963980874,
  "total_planned_kms": 44778.7,
  "depot_avg_epk": 56.65714727807309,
  "depot_avg_or": 0.9272256502765008,
  "revenue_by_quadrant": {
    "INEFFICIENT": 0.0,
    "OVERSUPPLY": 133329.0314253825,
    "UNDERSUPPLY": 2302187.3969727047
  },
  "contribution_by_quadrant": {
    "INEFFICIENT": -81041.59999999999,
    "OVERSUPPLY": 45716.887425382505,
    "UNDERSUPPLY": 1592251.0089727049
  }
}