{
  "depot": "MAHABOOBABAD",
  "target_date": "2026-05-21",
  "predicted_depot_pkm": 1333398.625,
  "total_services": 76,
  "count_add_slot": 26,
  "count_cut": 3,
  "count_no_change": 47,
  "total_allocated_pkm": 1235005.9422886658,
  "quadrant_counts": {
    "UNDERSUPPLY": 51,
    "OVERSUPPLY": 20,
    "INEFFICIENT": 5
  },
  "quadrant_pcts": {
    "UNDERSUPPLY": 67.1,
    "OVERSUPPLY": 26.3,
    "INEFFICIENT": 6.6
  },
  "total_revenue": 1435535.5865222542,
  "total_contribution": 877047.7965222542,
  "total_planned_kms": 31066.0,
  "depot_avg_epk": 45.58327554519593,
  "depot_avg_or": 0.7348800110792131,
  "revenue_by_quadrant": {
    "INEFFICIENT": 4020.4892043410955,
    "OVERSUPPLY": 282590.8684104426,
    "UNDERSUPPLY": 1148924.2289074704
  },
  "contribution_by_quadrant": {
    "INEFFICIENT": -30172.890795658903,
    "OVERSUPPLY": 131530.5184104426,
    "UNDERSUPPLY": 775690.1689074704
  }
}