{
  "depot": "HAYATHNAGAR-I",
  "target_date": "2026-05-21",
  "predicted_depot_pkm": 1551074.375,
  "total_services": 174,
  "count_add_slot": 116,
  "count_cut": 0,
  "count_no_change": 58,
  "total_allocated_pkm": 1478408.671705355,
  "quadrant_counts": {
    "UNDERSUPPLY": 118,
    "INEFFICIENT": 55,
    "OVERSUPPLY": 1
  },
  "quadrant_pcts": {
    "UNDERSUPPLY": 67.8,
    "INEFFICIENT": 31.6,
    "OVERSUPPLY": 0.6
  },
  "total_revenue": 1938150.5096594165,
  "total_contribution": 1150975.0096594165,
  "total_planned_kms": 31487.02,
  "depot_avg_epk": 57.72260162824418,
  "depot_avg_or": 0.9566674065919384,
  "revenue_by_quadrant": {
    "INEFFICIENT": 0.0,
    "OVERSUPPLY": 6051.801704610071,
    "UNDERSUPPLY": 1932098.7079548063
  },
  "contribution_by_quadrant": {
    "INEFFICIENT": -222050.0,
    "OVERSUPPLY": 2101.8017046100713,
    "UNDERSUPPLY": 1370923.2079548063
  }
}