{
  "depot": "GWL-PRGPR",
  "target_date": "2026-05-21",
  "predicted_depot_pkm": 1696782.25,
  "total_services": 79,
  "count_add_slot": 43,
  "count_cut": 1,
  "count_no_change": 35,
  "total_allocated_pkm": 1520430.305778461,
  "quadrant_counts": {
    "UNDERSUPPLY": 63,
    "OVERSUPPLY": 14,
    "INEFFICIENT": 2
  },
  "quadrant_pcts": {
    "UNDERSUPPLY": 79.7,
    "OVERSUPPLY": 17.7,
    "INEFFICIENT": 2.5
  },
  "total_revenue": 1735295.2311387055,
  "total_contribution": 941445.2311387053,
  "total_planned_kms": 31754.0,
  "depot_avg_epk": 54.35753727297108,
  "depot_avg_or": 0.8346548860243888,
  "revenue_by_quadrant": {
    "INEFFICIENT": 9031.397485977515,
    "OVERSUPPLY": 219192.49091251064,
    "UNDERSUPPLY": 1507071.342740217
  },
  "contribution_by_quadrant": {
    "INEFFICIENT": -9468.602514022485,
    "OVERSUPPLY": 76192.49091251064,
    "UNDERSUPPLY": 874721.342740217
  }
}