{
  "depot": "NIRMAL",
  "target_date": "2026-05-21",
  "predicted_depot_pkm": 2568350.0,
  "total_services": 152,
  "count_add_slot": 58,
  "count_cut": 0,
  "count_no_change": 94,
  "total_allocated_pkm": 2506167.397382139,
  "quadrant_counts": {
    "UNDERSUPPLY": 99,
    "OVERSUPPLY": 44,
    "INEFFICIENT": 9
  },
  "quadrant_pcts": {
    "UNDERSUPPLY": 65.1,
    "OVERSUPPLY": 28.9,
    "INEFFICIENT": 5.9
  },
  "total_revenue": 3204734.7997345272,
  "total_contribution": 1514609.7997345268,
  "total_planned_kms": 67605.0,
  "depot_avg_epk": 48.13170024967476,
  "depot_avg_or": 0.7577524679883494,
  "revenue_by_quadrant": {
    "INEFFICIENT": 50010.65215262511,
    "OVERSUPPLY": 965882.1466159447,
    "UNDERSUPPLY": 2188842.000965957
  },
  "contribution_by_quadrant": {
    "INEFFICIENT": -40439.3478473749,
    "OVERSUPPLY": 333732.1466159447,
    "UNDERSUPPLY": 1221317.000965957
  }
}