{
  "depot": "BANDLAGUDA",
  "target_date": "2026-05-21",
  "predicted_depot_pkm": 1376358.625,
  "total_services": 148,
  "count_add_slot": 128,
  "count_cut": 0,
  "count_no_change": 20,
  "total_allocated_pkm": 1307065.8687391349,
  "quadrant_counts": {
    "UNDERSUPPLY": 135,
    "OVERSUPPLY": 7,
    "INEFFICIENT": 6
  },
  "quadrant_pcts": {
    "UNDERSUPPLY": 91.2,
    "OVERSUPPLY": 4.7,
    "INEFFICIENT": 4.1
  },
  "total_revenue": 1778921.9076878005,
  "total_contribution": 1128556.9076878005,
  "total_planned_kms": 26014.6,
  "depot_avg_epk": 70.17290712848657,
  "depot_avg_or": 1.12046993880061,
  "revenue_by_quadrant": {
    "INEFFICIENT": 2986.125505792553,
    "OVERSUPPLY": 41456.017095827,
    "UNDERSUPPLY": 1734479.7650861808
  },
  "contribution_by_quadrant": {
    "INEFFICIENT": -41238.87449420745,
    "OVERSUPPLY": 14856.017095827,
    "UNDERSUPPLY": 1154939.7650861808
  }
}