{
  "depot": "BHAINSA",
  "target_date": "2026-05-21",
  "predicted_depot_pkm": 1504988.625,
  "total_services": 73,
  "count_add_slot": 52,
  "count_cut": 0,
  "count_no_change": 21,
  "total_allocated_pkm": 1439373.945100291,
  "quadrant_counts": {
    "UNDERSUPPLY": 63,
    "INEFFICIENT": 6,
    "OVERSUPPLY": 4
  },
  "quadrant_pcts": {
    "UNDERSUPPLY": 86.3,
    "INEFFICIENT": 8.2,
    "OVERSUPPLY": 5.5
  },
  "total_revenue": 1608827.4538301302,
  "total_contribution": 879327.4538301299,
  "total_planned_kms": 29180.0,
  "depot_avg_epk": 55.06280109027679,
  "depot_avg_or": 0.9231390025625372,
  "revenue_by_quadrant": {
    "INEFFICIENT": 16227.04162509569,
    "OVERSUPPLY": 61384.68832582803,
    "UNDERSUPPLY": 1531215.7238792062
  },
  "contribution_by_quadrant": {
    "INEFFICIENT": -39772.95837490431,
    "OVERSUPPLY": 20384.688325828032,
    "UNDERSUPPLY": 898715.7238792062
  }
}