{
  "depot": "BANSWADA",
  "target_date": "2026-05-21",
  "predicted_depot_pkm": 1740928.5,
  "total_services": 92,
  "count_add_slot": 31,
  "count_cut": 0,
  "count_no_change": 61,
  "total_allocated_pkm": 1531999.1528929037,
  "quadrant_counts": {
    "UNDERSUPPLY": 59,
    "OVERSUPPLY": 27,
    "INEFFICIENT": 6
  },
  "quadrant_pcts": {
    "UNDERSUPPLY": 64.1,
    "OVERSUPPLY": 29.3,
    "INEFFICIENT": 6.5
  },
  "total_revenue": 1830336.5353677832,
  "total_contribution": 1126965.3453677827,
  "total_planned_kms": 37832.0,
  "depot_avg_epk": 48.0223730000276,
  "depot_avg_or": 0.7274160380141942,
  "revenue_by_quadrant": {
    "INEFFICIENT": 2119.6244667718634,
    "OVERSUPPLY": 429556.241286822,
    "UNDERSUPPLY": 1398660.669614189
  },
  "contribution_by_quadrant": {
    "INEFFICIENT": -42595.02553322814,
    "OVERSUPPLY": 213174.791286822,
    "UNDERSUPPLY": 956385.5796141891
  }
}