{
  "depot": "JEEDIMETLA",
  "target_date": "2026-05-21",
  "predicted_depot_pkm": 1687147.625,
  "total_services": 209,
  "count_add_slot": 121,
  "count_cut": 0,
  "count_no_change": 88,
  "total_allocated_pkm": 1557605.5646571107,
  "quadrant_counts": {
    "UNDERSUPPLY": 169,
    "OVERSUPPLY": 33,
    "INEFFICIENT": 7
  },
  "quadrant_pcts": {
    "UNDERSUPPLY": 80.9,
    "OVERSUPPLY": 15.8,
    "INEFFICIENT": 3.3
  },
  "total_revenue": 2164207.509956819,
  "total_contribution": 1193982.509956819,
  "total_planned_kms": 38809.0,
  "depot_avg_epk": 57.33266562493956,
  "depot_avg_or": 0.9104550344329516,
  "revenue_by_quadrant": {
    "INEFFICIENT": 27034.0751880634,
    "OVERSUPPLY": 296639.64985588694,
    "UNDERSUPPLY": 1840533.7849128686
  },
  "contribution_by_quadrant": {
    "INEFFICIENT": -4115.924811936598,
    "OVERSUPPLY": 97889.64985588694,
    "UNDERSUPPLY": 1100208.7849128686
  }
}