{
  "depot": "KALVAKURTHY",
  "target_date": "2026-05-21",
  "predicted_depot_pkm": 2032980.125,
  "total_services": 98,
  "count_add_slot": 60,
  "count_cut": 1,
  "count_no_change": 37,
  "total_allocated_pkm": 1917578.1940164273,
  "quadrant_counts": {
    "UNDERSUPPLY": 73,
    "OVERSUPPLY": 20,
    "INEFFICIENT": 5
  },
  "quadrant_pcts": {
    "UNDERSUPPLY": 74.5,
    "OVERSUPPLY": 20.4,
    "INEFFICIENT": 5.1
  },
  "total_revenue": 2183777.3811839027,
  "total_contribution": 1098802.3811839025,
  "total_planned_kms": 43399.0,
  "depot_avg_epk": 50.20922343457495,
  "depot_avg_or": 0.8355113856986763,
  "revenue_by_quadrant": {
    "INEFFICIENT": 14997.967207253314,
    "OVERSUPPLY": 361140.5559402506,
    "UNDERSUPPLY": 1807638.8580363987
  },
  "contribution_by_quadrant": {
    "INEFFICIENT": -34602.032792746686,
    "OVERSUPPLY": 115690.55594025056,
    "UNDERSUPPLY": 1017713.8580363988
  }
}