{
  "depot": "YADAGIRIGUTTA",
  "target_date": "2026-05-21",
  "predicted_depot_pkm": 1846616.0,
  "total_services": 82,
  "count_add_slot": 34,
  "count_cut": 2,
  "count_no_change": 46,
  "total_allocated_pkm": 1461769.8126760714,
  "quadrant_counts": {
    "UNDERSUPPLY": 64,
    "OVERSUPPLY": 15,
    "INEFFICIENT": 3
  },
  "quadrant_pcts": {
    "UNDERSUPPLY": 78.0,
    "OVERSUPPLY": 18.3,
    "INEFFICIENT": 3.7
  },
  "total_revenue": 1704613.2175973363,
  "total_contribution": 862888.2175973363,
  "total_planned_kms": 33669.0,
  "depot_avg_epk": 50.23439093384424,
  "depot_avg_or": 0.7808650671110108,
  "revenue_by_quadrant": {
    "INEFFICIENT": 0.0,
    "OVERSUPPLY": 225520.0654476803,
    "UNDERSUPPLY": 1479093.1521496559
  },
  "contribution_by_quadrant": {
    "INEFFICIENT": -31450.0,
    "OVERSUPPLY": 76245.0654476803,
    "UNDERSUPPLY": 818093.152149656
  }
}