{
  "depot": "NARAYANKHED",
  "target_date": "2026-05-16",
  "predicted_depot_pkm": 1068367.625,
  "total_services": 54,
  "count_add_slot": 15,
  "count_cut": 0,
  "count_no_change": 39,
  "total_allocated_pkm": 886575.2814034355,
  "quadrant_counts": {
    "UNDERSUPPLY": 27,
    "OVERSUPPLY": 14,
    "INEFFICIENT": 13
  },
  "quadrant_pcts": {
    "UNDERSUPPLY": 50.0,
    "OVERSUPPLY": 25.9,
    "INEFFICIENT": 24.1
  },
  "total_revenue": 1095175.6840894024,
  "total_contribution": 481250.6840894027,
  "total_planned_kms": 24557.0,
  "depot_avg_epk": 41.39781417746276,
  "depot_avg_or": 0.6137395079560435,
  "revenue_by_quadrant": {
    "INEFFICIENT": 30792.153137932655,
    "OVERSUPPLY": 242919.33979253037,
    "UNDERSUPPLY": 821464.1911589397
  },
  "contribution_by_quadrant": {
    "INEFFICIENT": -88057.84686206734,
    "OVERSUPPLY": 84969.33979253036,
    "UNDERSUPPLY": 484339.1911589398
  }
}