{
  "depot": "JEEDIMETLA",
  "target_date": "2026-05-16",
  "predicted_depot_pkm": 1723885.0,
  "total_services": 209,
  "count_add_slot": 132,
  "count_cut": 0,
  "count_no_change": 77,
  "total_allocated_pkm": 1577352.1240205015,
  "quadrant_counts": {
    "UNDERSUPPLY": 170,
    "OVERSUPPLY": 34,
    "INEFFICIENT": 5
  },
  "quadrant_pcts": {
    "UNDERSUPPLY": 81.3,
    "OVERSUPPLY": 16.3,
    "INEFFICIENT": 2.4
  },
  "total_revenue": 2194984.2599588507,
  "total_contribution": 1224759.2599588507,
  "total_planned_kms": 38809.0,
  "depot_avg_epk": 57.73253763265089,
  "depot_avg_or": 0.9166436016138472,
  "revenue_by_quadrant": {
    "INEFFICIENT": 16659.370716575268,
    "OVERSUPPLY": 259622.78660547594,
    "UNDERSUPPLY": 1918702.1026367994
  },
  "contribution_by_quadrant": {
    "INEFFICIENT": -3015.629283424734,
    "OVERSUPPLY": 83647.78660547592,
    "UNDERSUPPLY": 1144127.1026367994
  }
}