{
  "depot": "NARAYANPET",
  "target_date": "2026-05-16",
  "predicted_depot_pkm": 1948968.5,
  "total_services": 95,
  "count_add_slot": 56,
  "count_cut": 0,
  "count_no_change": 39,
  "total_allocated_pkm": 1824586.9997201834,
  "quadrant_counts": {
    "UNDERSUPPLY": 73,
    "OVERSUPPLY": 15,
    "INEFFICIENT": 7
  },
  "quadrant_pcts": {
    "UNDERSUPPLY": 76.8,
    "OVERSUPPLY": 15.8,
    "INEFFICIENT": 7.4
  },
  "total_revenue": 2211113.0932443286,
  "total_contribution": 1170850.593244329,
  "total_planned_kms": 41610.5,
  "depot_avg_epk": 53.20840938785844,
  "depot_avg_or": 0.8578058309916266,
  "revenue_by_quadrant": {
    "INEFFICIENT": 36396.825080044706,
    "OVERSUPPLY": 239244.7419058734,
    "UNDERSUPPLY": 1935471.5262584111
  },
  "contribution_by_quadrant": {
    "INEFFICIENT": -32903.174919955294,
    "OVERSUPPLY": 75344.7419058734,
    "UNDERSUPPLY": 1128409.0262584111
  }
}