{
  "depot": "VEMULAWADA",
  "target_date": "2026-05-16",
  "predicted_depot_pkm": 1487058.875,
  "total_services": 74,
  "count_add_slot": 40,
  "count_cut": 0,
  "count_no_change": 34,
  "total_allocated_pkm": 1380227.0366548356,
  "quadrant_counts": {
    "UNDERSUPPLY": 59,
    "OVERSUPPLY": 11,
    "INEFFICIENT": 4
  },
  "quadrant_pcts": {
    "UNDERSUPPLY": 79.7,
    "OVERSUPPLY": 14.9,
    "INEFFICIENT": 5.4
  },
  "total_revenue": 1708636.4754087043,
  "total_contribution": 880836.475408704,
  "total_planned_kms": 33112.0,
  "depot_avg_epk": 51.474663580565306,
  "depot_avg_or": 0.8569446435706461,
  "revenue_by_quadrant": {
    "INEFFICIENT": 18184.724513720794,
    "OVERSUPPLY": 160314.50556658796,
    "UNDERSUPPLY": 1530137.2453283954
  },
  "contribution_by_quadrant": {
    "INEFFICIENT": -20915.275486279203,
    "OVERSUPPLY": 51164.50556658796,
    "UNDERSUPPLY": 850587.2453283953
  }
}