{
  "depot": "YADAGIRIGUTTA",
  "target_date": "2026-05-16",
  "predicted_depot_pkm": 1849759.125,
  "total_services": 82,
  "count_add_slot": 36,
  "count_cut": 4,
  "count_no_change": 42,
  "total_allocated_pkm": 1474494.6798951826,
  "quadrant_counts": {
    "UNDERSUPPLY": 66,
    "OVERSUPPLY": 11,
    "INEFFICIENT": 5
  },
  "quadrant_pcts": {
    "UNDERSUPPLY": 80.5,
    "OVERSUPPLY": 13.4,
    "INEFFICIENT": 6.1
  },
  "total_revenue": 1722849.3511624301,
  "total_contribution": 881124.3511624299,
  "total_planned_kms": 33669.0,
  "depot_avg_epk": 50.73592847919718,
  "depot_avg_or": 0.787733350494561,
  "revenue_by_quadrant": {
    "INEFFICIENT": 22060.703787595827,
    "OVERSUPPLY": 156415.620389572,
    "UNDERSUPPLY": 1544373.026985262
  },
  "contribution_by_quadrant": {
    "INEFFICIENT": -31639.296212404177,
    "OVERSUPPLY": 51440.620389571995,
    "UNDERSUPPLY": 861323.026985262
  }
}