{
  "depot": "CHENGICHERLA",
  "target_date": "2026-05-16",
  "predicted_depot_pkm": 1658770.5,
  "total_services": 192,
  "count_add_slot": 144,
  "count_cut": 0,
  "count_no_change": 48,
  "total_allocated_pkm": 1523948.1907256057,
  "quadrant_counts": {
    "UNDERSUPPLY": 162,
    "OVERSUPPLY": 29,
    "INEFFICIENT": 1
  },
  "quadrant_pcts": {
    "UNDERSUPPLY": 84.4,
    "OVERSUPPLY": 15.1,
    "INEFFICIENT": 0.5
  },
  "total_revenue": 2070806.1204794182,
  "total_contribution": 1164088.620479418,
  "total_planned_kms": 36268.7,
  "depot_avg_epk": 58.71230430691461,
  "depot_avg_or": 0.9721181506711325,
  "revenue_by_quadrant": {
    "INEFFICIENT": 6670.471102852617,
    "OVERSUPPLY": 234030.5492169159,
    "UNDERSUPPLY": 1830105.1001596495
  },
  "contribution_by_quadrant": {
    "INEFFICIENT": -1029.5288971473828,
    "OVERSUPPLY": 69030.54921691591,
    "UNDERSUPPLY": 1096087.6001596495
  }
}