{
  "depot": "CONTONMENT",
  "target_date": "2026-05-16",
  "predicted_depot_pkm": 1878113.5,
  "total_services": 280,
  "count_add_slot": 144,
  "count_cut": 0,
  "count_no_change": 136,
  "total_allocated_pkm": 1434950.4945682283,
  "quadrant_counts": {
    "UNDERSUPPLY": 166,
    "OVERSUPPLY": 58,
    "INEFFICIENT": 49,
    "SOCIAL_OBLIGATION": 7
  },
  "quadrant_pcts": {
    "UNDERSUPPLY": 59.3,
    "OVERSUPPLY": 20.7,
    "INEFFICIENT": 17.5,
    "SOCIAL_OBLIGATION": 2.5
  },
  "total_revenue": 2323506.8228145097,
  "total_contribution": 862735.7614145097,
  "total_planned_kms": 46115.74,
  "depot_avg_epk": 54.93572472067145,
  "depot_avg_or": 0.8596815232091577,
  "revenue_by_quadrant": {
    "INEFFICIENT": 54570.99956351359,
    "OVERSUPPLY": 419607.3241890738,
    "SOCIAL_OBLIGATION": 51055.887295084365,
    "UNDERSUPPLY": 1798272.611766838
  },
  "contribution_by_quadrant": {
    "INEFFICIENT": -330685.3362364864,
    "OVERSUPPLY": 129917.97258907385,
    "SOCIAL_OBLIGATION": -5431.352704915633,
    "UNDERSUPPLY": 1068934.477766838
  }
}