{
  "depot": "BANSWADA",
  "target_date": "2026-05-16",
  "predicted_depot_pkm": 1825814.75,
  "total_services": 92,
  "count_add_slot": 45,
  "count_cut": 0,
  "count_no_change": 47,
  "total_allocated_pkm": 1632178.8470896105,
  "quadrant_counts": {
    "UNDERSUPPLY": 69,
    "OVERSUPPLY": 17,
    "INEFFICIENT": 6
  },
  "quadrant_pcts": {
    "UNDERSUPPLY": 75.0,
    "OVERSUPPLY": 18.5,
    "INEFFICIENT": 6.5
  },
  "total_revenue": 1951340.6948556793,
  "total_contribution": 1247969.504855679,
  "total_planned_kms": 37832.0,
  "depot_avg_epk": 51.01433152032736,
  "depot_avg_or": 0.7724404870224402,
  "revenue_by_quadrant": {
    "INEFFICIENT": 3767.0079553493324,
    "OVERSUPPLY": 223634.50096233556,
    "UNDERSUPPLY": 1723939.1859379944
  },
  "contribution_by_quadrant": {
    "INEFFICIENT": -40947.642044650675,
    "OVERSUPPLY": 103473.31096233556,
    "UNDERSUPPLY": 1185443.8359379943
  }
}