{
  "depot": "MAHABOOBABAD",
  "target_date": "2026-05-16",
  "predicted_depot_pkm": 1440448.75,
  "total_services": 76,
  "count_add_slot": 38,
  "count_cut": 3,
  "count_no_change": 35,
  "total_allocated_pkm": 1314945.5138651067,
  "quadrant_counts": {
    "UNDERSUPPLY": 54,
    "OVERSUPPLY": 17,
    "INEFFICIENT": 5
  },
  "quadrant_pcts": {
    "UNDERSUPPLY": 71.1,
    "OVERSUPPLY": 22.4,
    "INEFFICIENT": 6.6
  },
  "total_revenue": 1525619.9417795541,
  "total_contribution": 967132.1517795544,
  "total_planned_kms": 31066.0,
  "depot_avg_epk": 48.48704141114151,
  "depot_avg_or": 0.782814509397998,
  "revenue_by_quadrant": {
    "INEFFICIENT": 2255.0847147213476,
    "OVERSUPPLY": 236131.9114703241,
    "UNDERSUPPLY": 1287232.945594509
  },
  "contribution_by_quadrant": {
    "INEFFICIENT": -31938.29528527865,
    "OVERSUPPLY": 110754.75147032409,
    "UNDERSUPPLY": 888315.6955945089
  }
}