{
  "depot": "GWL-PRGPR",
  "target_date": "2026-05-16",
  "predicted_depot_pkm": 1622000.75,
  "total_services": 79,
  "count_add_slot": 39,
  "count_cut": 1,
  "count_no_change": 39,
  "total_allocated_pkm": 1461745.1322571994,
  "quadrant_counts": {
    "UNDERSUPPLY": 60,
    "OVERSUPPLY": 17,
    "INEFFICIENT": 2
  },
  "quadrant_pcts": {
    "UNDERSUPPLY": 75.9,
    "OVERSUPPLY": 21.5,
    "INEFFICIENT": 2.5
  },
  "total_revenue": 1670666.3270664029,
  "total_contribution": 876816.3270664026,
  "total_planned_kms": 31754.0,
  "depot_avg_epk": 52.23337193138115,
  "depot_avg_or": 0.801362229034619,
  "revenue_by_quadrant": {
    "INEFFICIENT": 6595.11310165248,
    "OVERSUPPLY": 248700.47517548333,
    "UNDERSUPPLY": 1415370.738789267
  },
  "contribution_by_quadrant": {
    "INEFFICIENT": -8029.88689834752,
    "OVERSUPPLY": 75450.47517548334,
    "UNDERSUPPLY": 809395.7387892669
  }
}