{
  "depot": "MUSHIRABAD",
  "target_date": "2026-05-16",
  "predicted_depot_pkm": 1560928.0,
  "total_services": 201,
  "count_add_slot": 153,
  "count_cut": 0,
  "count_no_change": 48,
  "total_allocated_pkm": 1436400.4015127164,
  "quadrant_counts": {
    "UNDERSUPPLY": 163,
    "INEFFICIENT": 31,
    "OVERSUPPLY": 7
  },
  "quadrant_pcts": {
    "UNDERSUPPLY": 81.1,
    "INEFFICIENT": 15.4,
    "OVERSUPPLY": 3.5
  },
  "total_revenue": 2041325.8406332775,
  "total_contribution": 1251775.8406332778,
  "total_planned_kms": 31582.0,
  "depot_avg_epk": 66.04255033404878,
  "depot_avg_or": 1.0162791383381404,
  "revenue_by_quadrant": {
    "INEFFICIENT": 6461.89818303904,
    "OVERSUPPLY": 36653.94395056054,
    "UNDERSUPPLY": 1998209.998499678
  },
  "contribution_by_quadrant": {
    "INEFFICIENT": -137438.10181696096,
    "OVERSUPPLY": 12278.943950560537,
    "UNDERSUPPLY": 1376934.998499678
  }
}