{
  "depot": "HAYATHNAGAR-II",
  "target_date": "2026-05-16",
  "predicted_depot_pkm": 1250077.125,
  "total_services": 169,
  "count_add_slot": 149,
  "count_cut": 0,
  "count_no_change": 20,
  "total_allocated_pkm": 1168826.318254126,
  "quadrant_counts": {
    "UNDERSUPPLY": 153,
    "OVERSUPPLY": 11,
    "INEFFICIENT": 5
  },
  "quadrant_pcts": {
    "UNDERSUPPLY": 90.5,
    "OVERSUPPLY": 6.5,
    "INEFFICIENT": 3.0
  },
  "total_revenue": 1835057.088126892,
  "total_contribution": 1167264.588126892,
  "total_planned_kms": 26711.699999999997,
  "depot_avg_epk": 69.30895407947078,
  "depot_avg_or": 1.261309669619652,
  "revenue_by_quadrant": {
    "INEFFICIENT": 13883.288679980282,
    "OVERSUPPLY": 66892.50746398195,
    "UNDERSUPPLY": 1754281.2919829297
  },
  "contribution_by_quadrant": {
    "INEFFICIENT": -3414.4613200197177,
    "OVERSUPPLY": 12851.757463981943,
    "UNDERSUPPLY": 1157827.2919829297
  }
}