{
  "depot": "SHADNAGAR",
  "target_date": "2026-05-16",
  "predicted_depot_pkm": 1746763.625,
  "total_services": 88,
  "count_add_slot": 48,
  "count_cut": 3,
  "count_no_change": 37,
  "total_allocated_pkm": 1616474.9959923967,
  "quadrant_counts": {
    "UNDERSUPPLY": 69,
    "OVERSUPPLY": 13,
    "INEFFICIENT": 6
  },
  "quadrant_pcts": {
    "UNDERSUPPLY": 78.4,
    "OVERSUPPLY": 14.8,
    "INEFFICIENT": 6.8
  },
  "total_revenue": 1913367.6311451527,
  "total_contribution": 1035042.6311451527,
  "total_planned_kms": 35133.0,
  "depot_avg_epk": 52.65839294485779,
  "depot_avg_or": 0.8424852127723839,
  "revenue_by_quadrant": {
    "INEFFICIENT": 18606.13451198501,
    "OVERSUPPLY": 180618.07063649787,
    "UNDERSUPPLY": 1714143.4259966698
  },
  "contribution_by_quadrant": {
    "INEFFICIENT": -23993.86548801499,
    "OVERSUPPLY": 57368.07063649788,
    "UNDERSUPPLY": 1001668.4259966698
  }
}