{
  "depot": "KARIMNAGAR-I",
  "target_date": "2026-05-16",
  "predicted_depot_pkm": 1770451.25,
  "total_services": 108,
  "count_add_slot": 28,
  "count_cut": 7,
  "count_no_change": 73,
  "total_allocated_pkm": 1626217.614553866,
  "quadrant_counts": {
    "UNDERSUPPLY": 76,
    "OVERSUPPLY": 23,
    "INEFFICIENT": 9
  },
  "quadrant_pcts": {
    "UNDERSUPPLY": 70.4,
    "OVERSUPPLY": 21.3,
    "INEFFICIENT": 8.3
  },
  "total_revenue": 2046275.872729828,
  "total_contribution": 908744.1127298283,
  "total_planned_kms": 47350.0,
  "depot_avg_epk": 44.9172241960804,
  "depot_avg_or": 0.7185053556806495,
  "revenue_by_quadrant": {
    "INEFFICIENT": 19691.943080240115,
    "OVERSUPPLY": 450217.6437071498,
    "UNDERSUPPLY": 1576366.2859424383
  },
  "contribution_by_quadrant": {
    "INEFFICIENT": -102731.19691975988,
    "OVERSUPPLY": 216535.42370714978,
    "UNDERSUPPLY": 794939.8859424384
  }
}