{
  "depot": "BHUPALAPALLAY",
  "target_date": "2026-05-16",
  "predicted_depot_pkm": 1423794.125,
  "total_services": 86,
  "count_add_slot": 16,
  "count_cut": 0,
  "count_no_change": 70,
  "total_allocated_pkm": 1345781.059230511,
  "quadrant_counts": {
    "UNDERSUPPLY": 51,
    "OVERSUPPLY": 24,
    "INEFFICIENT": 11
  },
  "quadrant_pcts": {
    "UNDERSUPPLY": 59.3,
    "OVERSUPPLY": 27.9,
    "INEFFICIENT": 12.8
  },
  "total_revenue": 1697957.8011002154,
  "total_contribution": 860906.4611002154,
  "total_planned_kms": 40104.0,
  "depot_avg_epk": 42.18705517150947,
  "depot_avg_or": 0.6552696847675524,
  "revenue_by_quadrant": {
    "INEFFICIENT": 19348.230195042397,
    "OVERSUPPLY": 438440.2144287923,
    "UNDERSUPPLY": 1240169.3564763807
  },
  "contribution_by_quadrant": {
    "INEFFICIENT": -72211.9098049576,
    "OVERSUPPLY": 202427.53442879234,
    "UNDERSUPPLY": 730690.8364763807
  }
}