{
  "depot": "HAKIMPET",
  "target_date": "2026-03-03",
  "predicted_depot_pkm": 996440.625,
  "total_services": 147,
  "count_add_slot": 6,
  "count_cut": 0,
  "count_no_change": 141,
  "total_allocated_pkm": 851103.826224603,
  "quadrant_counts": {
    "OVERSUPPLY": 132,
    "INEFFICIENT": 8,
    "UNDERSUPPLY": 7
  },
  "quadrant_pcts": {
    "OVERSUPPLY": 89.8,
    "INEFFICIENT": 5.4,
    "UNDERSUPPLY": 4.8
  },
  "total_revenue": 1145814.0219857013,
  "total_contribution": 337078.71198570123,
  "total_planned_kms": 30757.0,
  "depot_avg_epk": 37.53741055894949,
  "depot_avg_or": 0.5088607202475702,
  "revenue_by_quadrant": {
    "INEFFICIENT": 31425.542626643015,
    "OVERSUPPLY": 1021500.4270114996,
    "UNDERSUPPLY": 92888.05234755854
  },
  "contribution_by_quadrant": {
    "INEFFICIENT": -11934.867373356985,
    "OVERSUPPLY": 296599.03701149963,
    "UNDERSUPPLY": 52414.542347558534
  }
}