{
  "depot": "HAKIMPET",
  "target_date": "2026-03-06",
  "predicted_depot_pkm": 1406516.75,
  "total_services": 147,
  "count_add_slot": 23,
  "count_cut": 0,
  "count_no_change": 124,
  "total_allocated_pkm": 1224510.30030143,
  "quadrant_counts": {
    "UNDERSUPPLY": 77,
    "OVERSUPPLY": 67,
    "INEFFICIENT": 3
  },
  "quadrant_pcts": {
    "UNDERSUPPLY": 52.4,
    "OVERSUPPLY": 45.6,
    "INEFFICIENT": 2.0
  },
  "total_revenue": 1649159.8968315711,
  "total_contribution": 840424.5868315711,
  "total_planned_kms": 30757.0,
  "depot_avg_epk": 53.648679534560465,
  "depot_avg_or": 0.7263566607257744,
  "revenue_by_quadrant": {
    "INEFFICIENT": 4098.908965530885,
    "OVERSUPPLY": 727980.2599661321,
    "UNDERSUPPLY": 917080.7278999081
  },
  "contribution_by_quadrant": {
    "INEFFICIENT": -6488.781034469115,
    "OVERSUPPLY": 324451.06996613217,
    "UNDERSUPPLY": 522462.29789990804
  }
}