{
  "depot": "HAKIMPET",
  "target_date": "2026-03-12",
  "predicted_depot_pkm": 1439818.625,
  "total_services": 147,
  "count_add_slot": 34,
  "count_cut": 0,
  "count_no_change": 113,
  "total_allocated_pkm": 1259325.1516908142,
  "quadrant_counts": {
    "UNDERSUPPLY": 86,
    "OVERSUPPLY": 57,
    "INEFFICIENT": 4
  },
  "quadrant_pcts": {
    "UNDERSUPPLY": 58.5,
    "OVERSUPPLY": 38.8,
    "INEFFICIENT": 2.7
  },
  "total_revenue": 1715800.8951184382,
  "total_contribution": 907065.5851184381,
  "total_planned_kms": 30757.0,
  "depot_avg_epk": 55.693590907175306,
  "depot_avg_or": 0.7515756515468452,
  "revenue_by_quadrant": {
    "INEFFICIENT": 11349.265645632422,
    "OVERSUPPLY": 656248.5083663708,
    "UNDERSUPPLY": 1048203.1211064348
  },
  "contribution_by_quadrant": {
    "INEFFICIENT": -2942.8643543675776,
    "OVERSUPPLY": 303766.4183663708,
    "UNDERSUPPLY": 606242.0311064348
  }
}