{
  "depot": "JANGAON",
  "target_date": "2026-03-12",
  "predicted_depot_pkm": 2229243.5,
  "total_services": 115,
  "count_add_slot": 47,
  "count_cut": 0,
  "count_no_change": 68,
  "total_allocated_pkm": 2100816.5118500837,
  "quadrant_counts": {
    "UNDERSUPPLY": 86,
    "OVERSUPPLY": 28,
    "INEFFICIENT": 1
  },
  "quadrant_pcts": {
    "UNDERSUPPLY": 74.8,
    "OVERSUPPLY": 24.3,
    "INEFFICIENT": 0.9
  },
  "total_revenue": 2465927.5758568724,
  "total_contribution": 1681049.895856872,
  "total_planned_kms": 49455.0,
  "depot_avg_epk": 49.77471278048757,
  "depot_avg_or": 0.8212738286324266,
  "revenue_by_quadrant": {
    "INEFFICIENT": 7366.565728605143,
    "OVERSUPPLY": 465837.897020924,
    "UNDERSUPPLY": 1992723.113107343
  },
  "contribution_by_quadrant": {
    "INEFFICIENT": -1693.4342713948572,
    "OVERSUPPLY": 259083.39702092402,
    "UNDERSUPPLY": 1423659.9331073428
  }
}