{
  "depot": "NIZAMABAD-I",
  "target_date": "2026-03-12",
  "predicted_depot_pkm": 1722410.75,
  "total_services": 125,
  "count_add_slot": 19,
  "count_cut": 0,
  "count_no_change": 106,
  "total_allocated_pkm": 1480222.7273979369,
  "quadrant_counts": {
    "OVERSUPPLY": 67,
    "UNDERSUPPLY": 51,
    "INEFFICIENT": 7
  },
  "quadrant_pcts": {
    "OVERSUPPLY": 53.6,
    "UNDERSUPPLY": 40.8,
    "INEFFICIENT": 5.6
  },
  "total_revenue": 1953277.8636198158,
  "total_contribution": 965553.8836198157,
  "total_planned_kms": 51753.0,
  "depot_avg_epk": 39.50802191527216,
  "depot_avg_or": 0.6105307580791819,
  "revenue_by_quadrant": {
    "INEFFICIENT": 17481.38066250691,
    "OVERSUPPLY": 950098.4859784541,
    "UNDERSUPPLY": 985697.9969788548
  },
  "contribution_by_quadrant": {
    "INEFFICIENT": -55663.719337493094,
    "OVERSUPPLY": 399371.7059784541,
    "UNDERSUPPLY": 621845.8969788547
  }
}