{
  "depot": "HAKIMPET",
  "target_date": "2026-03-14",
  "predicted_depot_pkm": 1422318.875,
  "total_services": 147,
  "count_add_slot": 47,
  "count_cut": 0,
  "count_no_change": 100,
  "total_allocated_pkm": 1365156.9822167573,
  "quadrant_counts": {
    "UNDERSUPPLY": 111,
    "OVERSUPPLY": 34,
    "INEFFICIENT": 2
  },
  "quadrant_pcts": {
    "UNDERSUPPLY": 75.5,
    "OVERSUPPLY": 23.1,
    "INEFFICIENT": 1.4
  },
  "total_revenue": 1860154.0054026465,
  "total_contribution": 1051418.6954026464,
  "total_planned_kms": 30757.0,
  "depot_avg_epk": 60.423230822778535,
  "depot_avg_or": 0.8152678064506242,
  "revenue_by_quadrant": {
    "INEFFICIENT": 5801.191769817885,
    "OVERSUPPLY": 392862.77151663566,
    "UNDERSUPPLY": 1461490.0421161929
  },
  "contribution_by_quadrant": {
    "INEFFICIENT": -1432.478230182115,
    "OVERSUPPLY": 188835.19151663565,
    "UNDERSUPPLY": 864015.9821161928
  }
}