{
  "depot": "THORROR",
  "target_date": "2026-03-14",
  "predicted_depot_pkm": 1973335.125,
  "total_services": 94,
  "count_add_slot": 66,
  "count_cut": 2,
  "count_no_change": 26,
  "total_allocated_pkm": 1898420.554225252,
  "quadrant_counts": {
    "UNDERSUPPLY": 80,
    "OVERSUPPLY": 11,
    "INEFFICIENT": 3
  },
  "quadrant_pcts": {
    "UNDERSUPPLY": 85.1,
    "OVERSUPPLY": 11.7,
    "INEFFICIENT": 3.2
  },
  "total_revenue": 2363574.175916084,
  "total_contribution": 1425843.4059160838,
  "total_planned_kms": 40942.0,
  "depot_avg_epk": 57.90835865340058,
  "depot_avg_or": 0.9206681247898107,
  "revenue_by_quadrant": {
    "INEFFICIENT": 10697.780133302178,
    "OVERSUPPLY": 181050.9001473827,
    "UNDERSUPPLY": 2171825.495635399
  },
  "contribution_by_quadrant": {
    "INEFFICIENT": -12465.029866697821,
    "OVERSUPPLY": 77764.9001473827,
    "UNDERSUPPLY": 1360543.5356353992
  }
}