{
  "depot": "NIZAMABAD-I",
  "target_date": "2026-03-14",
  "predicted_depot_pkm": 1755285.75,
  "total_services": 125,
  "count_add_slot": 32,
  "count_cut": 0,
  "count_no_change": 93,
  "total_allocated_pkm": 1598167.6020960042,
  "quadrant_counts": {
    "OVERSUPPLY": 59,
    "UNDERSUPPLY": 57,
    "INEFFICIENT": 9
  },
  "quadrant_pcts": {
    "OVERSUPPLY": 47.2,
    "UNDERSUPPLY": 45.6,
    "INEFFICIENT": 7.2
  },
  "total_revenue": 2110679.8196314974,
  "total_contribution": 1122955.8396314976,
  "total_planned_kms": 51753.0,
  "depot_avg_epk": 42.71567201098033,
  "depot_avg_or": 0.6595180752946034,
  "revenue_by_quadrant": {
    "INEFFICIENT": 45959.116892356076,
    "OVERSUPPLY": 885657.4450231073,
    "UNDERSUPPLY": 1179063.2577160343
  },
  "contribution_by_quadrant": {
    "INEFFICIENT": -58844.06310764393,
    "OVERSUPPLY": 409136.4250231073,
    "UNDERSUPPLY": 772663.4777160343
  }
}