{
  "depot": "HAYATHNAGAR-II",
  "target_date": "2026-06-10",
  "predicted_depot_pkm": 1355516.625,
  "total_services": 169,
  "count_add_slot": 9,
  "count_cut": 0,
  "count_add_candidates_no_spare": 102,
  "count_no_change": 58,
  "total_allocated_pkm": 1312509.9915956813,
  "quadrant_counts": {
    "UNDERSUPPLY": 165,
    "INEFFICIENT": 4
  },
  "quadrant_pcts": {
    "UNDERSUPPLY": 97.6,
    "INEFFICIENT": 2.4
  },
  "total_revenue": 2060640.3020052332,
  "total_contribution": 1392847.802005233,
  "total_planned_kms": 26711.699999999997,
  "depot_avg_epk": 78.56730970442547,
  "depot_avg_or": 1.4297967005923198,
  "revenue_by_quadrant": {
    "INEFFICIENT": 12568.724510111417,
    "UNDERSUPPLY": 2048071.5774951216
  },
  "contribution_by_quadrant": {
    "INEFFICIENT": -16831.275489888583,
    "UNDERSUPPLY": 1409679.0774951216
  },
  "maintenance_pct": 0.02,
  "pkm_90d_avg": 1063942.7548828463,
  "fleet_breakdown": {
    "EM": {
      "available": 112,
      "planned": 101.0,
      "cut": 0.0,
      "maintenance": 2,
      "spare": 9.0,
      "estimated": true,
      "added": 9,
      "to_add": 111
    }
  }
}