{
  "depot": "NARKATPALLY",
  "target_date": "2026-05-11",
  "predicted_depot_pkm": 722216.25,
  "total_services": 26,
  "count_add_slot": 23,
  "count_cut": 0,
  "count_no_change": 3,
  "total_allocated_pkm": 680700.3060755295,
  "quadrant_counts": {
    "UNDERSUPPLY": 25,
    "OVERSUPPLY": 1
  },
  "quadrant_pcts": {
    "UNDERSUPPLY": 96.2,
    "OVERSUPPLY": 3.8
  },
  "total_revenue": 759217.899105666,
  "total_contribution": 500467.899105666,
  "total_planned_kms": 10350.0,
  "depot_avg_epk": 72.68506793501157,
  "depot_avg_or": 1.1760746487559632,
  "revenue_by_quadrant": {
    "OVERSUPPLY": 8803.551745514542,
    "UNDERSUPPLY": 750414.3473601514
  },
  "contribution_by_quadrant": {
    "OVERSUPPLY": 1103.5517455145418,
    "UNDERSUPPLY": 499364.3473601514
  }
}