{
  "depot": "WARANGAL-II",
  "target_date": "2026-05-11",
  "predicted_depot_pkm": 2852617.75,
  "total_services": 158,
  "count_add_slot": 57,
  "count_cut": 1,
  "count_no_change": 100,
  "total_allocated_pkm": 2821657.422307208,
  "quadrant_counts": {
    "UNDERSUPPLY": 115,
    "INEFFICIENT": 30,
    "OVERSUPPLY": 12,
    "SOCIAL_OBLIGATION": 1
  },
  "quadrant_pcts": {
    "UNDERSUPPLY": 72.8,
    "INEFFICIENT": 19.0,
    "OVERSUPPLY": 7.6,
    "SOCIAL_OBLIGATION": 0.6
  },
  "total_revenue": 3699480.737673195,
  "total_contribution": 776049.7776731952,
  "total_planned_kms": 75132.0,
  "depot_avg_epk": 49.512996107124444,
  "depot_avg_or": 0.771056610930924,
  "revenue_by_quadrant": {
    "INEFFICIENT": 389258.485405542,
    "OVERSUPPLY": 213774.55511142086,
    "SOCIAL_OBLIGATION": 20840.86691457221,
    "UNDERSUPPLY": 3075606.83024166
  },
  "contribution_by_quadrant": {
    "INEFFICIENT": -242447.114594458,
    "OVERSUPPLY": 16238.115111420882,
    "SOCIAL_OBLIGATION": -332.7330854277898,
    "UNDERSUPPLY": 1002591.5102416602
  }
}