{
  "depot": "YADAGIRIGUTTA",
  "target_date": "2026-05-11",
  "predicted_depot_pkm": 2080892.25,
  "total_services": 82,
  "count_add_slot": 62,
  "count_cut": 1,
  "count_no_change": 19,
  "total_allocated_pkm": 1758575.957576039,
  "quadrant_counts": {
    "UNDERSUPPLY": 75,
    "INEFFICIENT": 4,
    "OVERSUPPLY": 3
  },
  "quadrant_pcts": {
    "UNDERSUPPLY": 91.5,
    "INEFFICIENT": 4.9,
    "OVERSUPPLY": 3.7
  },
  "total_revenue": 2043019.3958494533,
  "total_contribution": 1201294.3958494533,
  "total_planned_kms": 33669.0,
  "depot_avg_epk": 60.344647828777106,
  "depot_avg_or": 0.9405434725148687,
  "revenue_by_quadrant": {
    "INEFFICIENT": 39801.72102355442,
    "OVERSUPPLY": 39509.08595181519,
    "UNDERSUPPLY": 1963708.5888740837
  },
  "contribution_by_quadrant": {
    "INEFFICIENT": -2898.278976445581,
    "OVERSUPPLY": 10234.085951815192,
    "UNDERSUPPLY": 1193958.5888740837
  }
}