{
  "depot": "MIRYALAGUDA",
  "target_date": "2026-05-11",
  "predicted_depot_pkm": 1904039.875,
  "total_services": 125,
  "count_add_slot": 37,
  "count_cut": 6,
  "count_no_change": 82,
  "total_allocated_pkm": 1516717.260497408,
  "quadrant_counts": {
    "UNDERSUPPLY": 85,
    "OVERSUPPLY": 27,
    "INEFFICIENT": 13
  },
  "quadrant_pcts": {
    "UNDERSUPPLY": 68.0,
    "OVERSUPPLY": 21.6,
    "INEFFICIENT": 10.4
  },
  "total_revenue": 1997602.5929283232,
  "total_contribution": 917777.5929283233,
  "total_planned_kms": 43193.0,
  "depot_avg_epk": 45.83215336783609,
  "depot_avg_or": 0.7296038952281536,
  "revenue_by_quadrant": {
    "INEFFICIENT": 15575.961199617297,
    "OVERSUPPLY": 353919.4097615658,
    "UNDERSUPPLY": 1628107.2219671402
  },
  "contribution_by_quadrant": {
    "INEFFICIENT": -96299.0388003827,
    "OVERSUPPLY": 124919.4097615658,
    "UNDERSUPPLY": 889157.2219671402
  }
}