{
  "depot": "KORUTLA",
  "target_date": "2026-05-11",
  "predicted_depot_pkm": 1363124.875,
  "total_services": 61,
  "count_add_slot": 41,
  "count_cut": 0,
  "count_no_change": 20,
  "total_allocated_pkm": 1322985.44644411,
  "quadrant_counts": {
    "UNDERSUPPLY": 54,
    "OVERSUPPLY": 6,
    "INEFFICIENT": 1
  },
  "quadrant_pcts": {
    "UNDERSUPPLY": 88.5,
    "OVERSUPPLY": 9.8,
    "INEFFICIENT": 1.6
  },
  "total_revenue": 1657204.4696761006,
  "total_contribution": 939004.4696761006,
  "total_planned_kms": 28728.0,
  "depot_avg_epk": 60.443575616661555,
  "depot_avg_or": 0.9983213380166083,
  "revenue_by_quadrant": {
    "INEFFICIENT": 0.0,
    "OVERSUPPLY": 174063.07401974683,
    "UNDERSUPPLY": 1483141.3956563538
  },
  "contribution_by_quadrant": {
    "INEFFICIENT": -11250.0,
    "OVERSUPPLY": 66313.07401974683,
    "UNDERSUPPLY": 883941.3956563538
  }
}