{
  "depot": "VEMULAWADA",
  "target_date": "2026-05-11",
  "predicted_depot_pkm": 1527809.5,
  "total_services": 74,
  "count_add_slot": 47,
  "count_cut": 0,
  "count_no_change": 27,
  "total_allocated_pkm": 1483601.9724128505,
  "quadrant_counts": {
    "UNDERSUPPLY": 61,
    "OVERSUPPLY": 10,
    "INEFFICIENT": 3
  },
  "quadrant_pcts": {
    "UNDERSUPPLY": 82.4,
    "OVERSUPPLY": 13.5,
    "INEFFICIENT": 4.1
  },
  "total_revenue": 1834522.2144613813,
  "total_contribution": 1006722.2144613817,
  "total_planned_kms": 33112.0,
  "depot_avg_epk": 55.3536989406999,
  "depot_avg_or": 0.9211169894978003,
  "revenue_by_quadrant": {
    "INEFFICIENT": 19650.84371751849,
    "OVERSUPPLY": 190878.7681912123,
    "UNDERSUPPLY": 1623992.6025526507
  },
  "contribution_by_quadrant": {
    "INEFFICIENT": -11199.156282481506,
    "OVERSUPPLY": 65978.76819121228,
    "UNDERSUPPLY": 951942.6025526507
  }
}