{
  "depot": "MIYAPUR-II",
  "target_date": "2026-05-11",
  "predicted_depot_pkm": 1405144.5,
  "total_services": 176,
  "count_add_slot": 114,
  "count_cut": 0,
  "count_no_change": 62,
  "total_allocated_pkm": 1316033.8790006824,
  "quadrant_counts": {
    "UNDERSUPPLY": 121,
    "INEFFICIENT": 42,
    "OVERSUPPLY": 13
  },
  "quadrant_pcts": {
    "UNDERSUPPLY": 68.8,
    "INEFFICIENT": 23.9,
    "OVERSUPPLY": 7.4
  },
  "total_revenue": 2358834.893801532,
  "total_contribution": 1664561.8938015322,
  "total_planned_kms": 27770.92,
  "depot_avg_epk": 82.2147987827654,
  "depot_avg_or": 1.3348104946119508,
  "revenue_by_quadrant": {
    "INEFFICIENT": 28136.611384234748,
    "OVERSUPPLY": 153207.60866637965,
    "UNDERSUPPLY": 2177490.673750918
  },
  "contribution_by_quadrant": {
    "INEFFICIENT": -106268.88861576525,
    "OVERSUPPLY": 86797.60866637965,
    "UNDERSUPPLY": 1684033.1737509177
  }
}