{
  "depot": "WARANGAL-I",
  "target_date": "2026-05-11",
  "predicted_depot_pkm": 2316035.25,
  "total_services": 130,
  "count_add_slot": 42,
  "count_cut": 1,
  "count_no_change": 87,
  "total_allocated_pkm": 2158334.05916251,
  "quadrant_counts": {
    "UNDERSUPPLY": 94,
    "OVERSUPPLY": 34,
    "INEFFICIENT": 2
  },
  "quadrant_pcts": {
    "UNDERSUPPLY": 72.3,
    "OVERSUPPLY": 26.2,
    "INEFFICIENT": 1.5
  },
  "total_revenue": 3216759.0717543103,
  "total_contribution": 1691365.0517543103,
  "total_planned_kms": 67106.0,
  "depot_avg_epk": 48.99280556536074,
  "depot_avg_or": 0.7569995390428087,
  "revenue_by_quadrant": {
    "INEFFICIENT": 15484.286348030448,
    "OVERSUPPLY": 823702.5978427521,
    "UNDERSUPPLY": 2377572.187563528
  },
  "contribution_by_quadrant": {
    "INEFFICIENT": -2774.113651969553,
    "OVERSUPPLY": 355919.57784275216,
    "UNDERSUPPLY": 1338219.587563528
  }
}