{
  "depot": "NARSAMPET",
  "target_date": "2026-05-11",
  "predicted_depot_pkm": 1876009.75,
  "total_services": 94,
  "count_add_slot": 64,
  "count_cut": 7,
  "count_no_change": 23,
  "total_allocated_pkm": 1759540.870893595,
  "quadrant_counts": {
    "UNDERSUPPLY": 76,
    "INEFFICIENT": 10,
    "OVERSUPPLY": 8
  },
  "quadrant_pcts": {
    "UNDERSUPPLY": 80.9,
    "INEFFICIENT": 10.6,
    "OVERSUPPLY": 8.5
  },
  "total_revenue": 2103233.632411768,
  "total_contribution": 1231341.4324117687,
  "total_planned_kms": 40599.0,
  "depot_avg_epk": 51.74585512946816,
  "depot_avg_or": 0.8918658312882057,
  "revenue_by_quadrant": {
    "INEFFICIENT": 14865.006423609599,
    "OVERSUPPLY": 162339.319465498,
    "UNDERSUPPLY": 1926029.3065226607
  },
  "contribution_by_quadrant": {
    "INEFFICIENT": -57444.3935763904,
    "OVERSUPPLY": 71495.37946549802,
    "UNDERSUPPLY": 1217290.4465226606
  }
}