{
  "depot": "BADRACHALAM",
  "target_date": "2026-05-11",
  "predicted_depot_pkm": 2119873.0,
  "total_services": 102,
  "count_add_slot": 50,
  "count_cut": 4,
  "count_no_change": 48,
  "total_allocated_pkm": 1987523.0711148225,
  "quadrant_counts": {
    "UNDERSUPPLY": 76,
    "OVERSUPPLY": 17,
    "INEFFICIENT": 9
  },
  "quadrant_pcts": {
    "UNDERSUPPLY": 74.5,
    "OVERSUPPLY": 16.7,
    "INEFFICIENT": 8.8
  },
  "total_revenue": 2785781.129151093,
  "total_contribution": 1471081.1291510933,
  "total_planned_kms": 52588.0,
  "depot_avg_epk": 54.0628774446723,
  "depot_avg_or": 0.8344554567612466,
  "revenue_by_quadrant": {
    "INEFFICIENT": 49071.1045671786,
    "OVERSUPPLY": 395986.1918475367,
    "UNDERSUPPLY": 2340723.832736378
  },
  "contribution_by_quadrant": {
    "INEFFICIENT": -73128.8954328214,
    "OVERSUPPLY": 158486.1918475367,
    "UNDERSUPPLY": 1385723.8327363778
  }
}