{
  "depot": "JAGITYAL",
  "target_date": "2026-05-11",
  "predicted_depot_pkm": 2155018.25,
  "total_services": 111,
  "count_add_slot": 71,
  "count_cut": 6,
  "count_no_change": 34,
  "total_allocated_pkm": 2001437.3306433167,
  "quadrant_counts": {
    "UNDERSUPPLY": 80,
    "OVERSUPPLY": 22,
    "INEFFICIENT": 9
  },
  "quadrant_pcts": {
    "UNDERSUPPLY": 72.1,
    "OVERSUPPLY": 19.8,
    "INEFFICIENT": 8.1
  },
  "total_revenue": 2455081.3879081304,
  "total_contribution": 1274631.3879081307,
  "total_planned_kms": 47218.0,
  "depot_avg_epk": 52.46272534910929,
  "depot_avg_or": 0.8606954024345984,
  "revenue_by_quadrant": {
    "INEFFICIENT": 7526.951740919277,
    "OVERSUPPLY": 470474.8900800591,
    "UNDERSUPPLY": 1977079.546087152
  },
  "contribution_by_quadrant": {
    "INEFFICIENT": -78473.04825908072,
    "OVERSUPPLY": 162424.89008005912,
    "UNDERSUPPLY": 1190679.546087152
  }
}