{
  "depot": "KARIMNAGAR-II",
  "target_date": "2026-05-11",
  "predicted_depot_pkm": 2916728.5,
  "total_services": 208,
  "count_add_slot": 70,
  "count_cut": 2,
  "count_no_change": 136,
  "total_allocated_pkm": 2814747.1172412876,
  "quadrant_counts": {
    "UNDERSUPPLY": 108,
    "OVERSUPPLY": 80,
    "INEFFICIENT": 20
  },
  "quadrant_pcts": {
    "UNDERSUPPLY": 51.9,
    "OVERSUPPLY": 38.5,
    "INEFFICIENT": 9.6
  },
  "total_revenue": 3810225.3580496097,
  "total_contribution": 1842375.3580496097,
  "total_planned_kms": 78714.0,
  "depot_avg_epk": 47.799757958815626,
  "depot_avg_or": 0.7075361499219169,
  "revenue_by_quadrant": {
    "INEFFICIENT": 90355.74119309192,
    "OVERSUPPLY": 1113567.9151243505,
    "UNDERSUPPLY": 2606301.701732167
  },
  "contribution_by_quadrant": {
    "INEFFICIENT": -73944.25880690808,
    "OVERSUPPLY": 378717.9151243505,
    "UNDERSUPPLY": 1537601.701732167
  }
}