{
  "depot": "HAYATHNAGAR-I",
  "target_date": "2026-05-11",
  "predicted_depot_pkm": 1658343.75,
  "total_services": 174,
  "count_add_slot": 115,
  "count_cut": 0,
  "count_no_change": 59,
  "total_allocated_pkm": 1628600.8655033843,
  "quadrant_counts": {
    "UNDERSUPPLY": 118,
    "INEFFICIENT": 55,
    "OVERSUPPLY": 1
  },
  "quadrant_pcts": {
    "UNDERSUPPLY": 67.8,
    "INEFFICIENT": 31.6,
    "OVERSUPPLY": 0.6
  },
  "total_revenue": 2141304.3199326526,
  "total_contribution": 1354128.8199326526,
  "total_planned_kms": 31487.02,
  "depot_avg_epk": 64.12972580897086,
  "depot_avg_or": 1.058659182859408,
  "revenue_by_quadrant": {
    "INEFFICIENT": 26939.31634203657,
    "OVERSUPPLY": 3860.5041848956507,
    "UNDERSUPPLY": 2110504.4994057203
  },
  "contribution_by_quadrant": {
    "INEFFICIENT": -195110.68365796344,
    "OVERSUPPLY": 10.504184895650724,
    "UNDERSUPPLY": 1549228.9994057205
  }
}