{
  "depot": "BARKATPURA",
  "target_date": "2026-05-11",
  "predicted_depot_pkm": 1686238.625,
  "total_services": 142,
  "count_add_slot": 99,
  "count_cut": 1,
  "count_no_change": 42,
  "total_allocated_pkm": 1653918.8914132072,
  "quadrant_counts": {
    "UNDERSUPPLY": 101,
    "INEFFICIENT": 40,
    "OVERSUPPLY": 1
  },
  "quadrant_pcts": {
    "UNDERSUPPLY": 71.1,
    "INEFFICIENT": 28.2,
    "OVERSUPPLY": 0.7
  },
  "total_revenue": 2211351.3623283133,
  "total_contribution": 1491001.3623283133,
  "total_planned_kms": 28814.0,
  "depot_avg_epk": 74.50803235652211,
  "depot_avg_or": 1.214314211617372,
  "revenue_by_quadrant": {
    "INEFFICIENT": 30764.19701754862,
    "OVERSUPPLY": 5175.63131193422,
    "UNDERSUPPLY": 2175411.5339988307
  },
  "contribution_by_quadrant": {
    "INEFFICIENT": -170960.8029824514,
    "OVERSUPPLY": 1375.6313119342203,
    "UNDERSUPPLY": 1660586.5339988305
  }
}