{
  "depot": "IBRAHIMPATNAM",
  "target_date": "2026-05-11",
  "predicted_depot_pkm": 2183693.75,
  "total_services": 189,
  "count_add_slot": 154,
  "count_cut": 2,
  "count_no_change": 33,
  "total_allocated_pkm": 2019586.7550827276,
  "quadrant_counts": {
    "UNDERSUPPLY": 164,
    "INEFFICIENT": 14,
    "OVERSUPPLY": 11
  },
  "quadrant_pcts": {
    "UNDERSUPPLY": 86.8,
    "INEFFICIENT": 7.4,
    "OVERSUPPLY": 5.8
  },
  "total_revenue": 2681890.418492442,
  "total_contribution": 1803300.2864924418,
  "total_planned_kms": 44778.7,
  "depot_avg_epk": 61.79362175639716,
  "depot_avg_or": 1.0112793035500809,
  "revenue_by_quadrant": {
    "INEFFICIENT": 16951.457233931753,
    "OVERSUPPLY": 101785.94370873788,
    "UNDERSUPPLY": 2563153.0175497723
  },
  "contribution_by_quadrant": {
    "INEFFICIENT": -64090.142766068246,
    "OVERSUPPLY": 34577.103708737886,
    "UNDERSUPPLY": 1832813.3255497722
  }
}