{
  "depot": "HAKIMPET",
  "target_date": "2026-04-16",
  "predicted_depot_pkm": 1383763.875,
  "total_services": 147,
  "count_add_slot": 101,
  "count_cut": 0,
  "count_no_change": 46,
  "total_allocated_pkm": 1220042.4157167925,
  "quadrant_counts": {
    "UNDERSUPPLY": 116,
    "OVERSUPPLY": 23,
    "INEFFICIENT": 8
  },
  "quadrant_pcts": {
    "UNDERSUPPLY": 78.9,
    "OVERSUPPLY": 15.6,
    "INEFFICIENT": 5.4
  },
  "total_revenue": 1643442.4195820205,
  "total_contribution": 834658.0092820203,
  "total_planned_kms": 30758.690000000002,
  "depot_avg_epk": 53.47414498066204,
  "depot_avg_or": 0.9163293501496388,
  "revenue_by_quadrant": {
    "INEFFICIENT": 0.0,
    "OVERSUPPLY": 176878.61195103225,
    "UNDERSUPPLY": 1466563.807630988
  },
  "contribution_by_quadrant": {
    "INEFFICIENT": -36393.62,
    "OVERSUPPLY": 53633.317151032235,
    "UNDERSUPPLY": 817418.3121309881
  }
}