{
  "depot": "WARANGAL-II",
  "target_date": "2026-05-01",
  "predicted_depot_pkm": 2463920.75,
  "total_services": 158,
  "count_add_slot": 27,
  "count_cut": 0,
  "count_no_change": 131,
  "total_allocated_pkm": 2431512.5151959904,
  "quadrant_counts": {
    "UNDERSUPPLY": 67,
    "INEFFICIENT": 58,
    "OVERSUPPLY": 31,
    "SOCIAL_OBLIGATION": 2
  },
  "quadrant_pcts": {
    "UNDERSUPPLY": 42.4,
    "INEFFICIENT": 36.7,
    "OVERSUPPLY": 19.6,
    "SOCIAL_OBLIGATION": 1.3
  },
  "total_revenue": 3186827.1674893876,
  "total_contribution": 263396.2074893871,
  "total_planned_kms": 75132.0,
  "depot_avg_epk": 42.70588608380542,
  "depot_avg_or": 0.6633852971630884,
  "revenue_by_quadrant": {
    "INEFFICIENT": 811684.9250521214,
    "OVERSUPPLY": 593317.2582296401,
    "SOCIAL_OBLIGATION": 40907.06575388687,
    "UNDERSUPPLY": 1740917.9184537388
  },
  "contribution_by_quadrant": {
    "INEFFICIENT": -343753.7749478786,
    "OVERSUPPLY": 61466.258229640036,
    "SOCIAL_OBLIGATION": -1440.1342461131244,
    "UNDERSUPPLY": 547123.8584537389
  }
}