{
  "depot": "MAHABOOBABAD",
  "target_date": "2026-03-08",
  "predicted_depot_pkm": 1552238.625,
  "total_services": 74,
  "count_add_slot": 56,
  "count_cut": 3,
  "count_no_change": 15,
  "total_allocated_pkm": 1480083.7794923193,
  "quadrant_counts": {
    "UNDERSUPPLY": 65,
    "OVERSUPPLY": 5,
    "INEFFICIENT": 4
  },
  "quadrant_pcts": {
    "UNDERSUPPLY": 87.8,
    "OVERSUPPLY": 6.8,
    "INEFFICIENT": 5.4
  },
  "total_revenue": 1716994.6634294824,
  "total_contribution": 1176723.2334294827,
  "total_planned_kms": 30064.0,
  "depot_avg_epk": 56.424955397531605,
  "depot_avg_or": 0.9376085536130822,
  "revenue_by_quadrant": {
    "INEFFICIENT": 12862.148839081963,
    "OVERSUPPLY": 75817.80048728331,
    "UNDERSUPPLY": 1628314.7141031171
  },
  "contribution_by_quadrant": {
    "INEFFICIENT": -11540.051160918036,
    "OVERSUPPLY": 37209.41048728331,
    "UNDERSUPPLY": 1151053.874103117
  }
}