{
  "depot": "IBRAHIMPATNAM",
  "target_date": "2026-03-08",
  "predicted_depot_pkm": 1853054.125,
  "total_services": 189,
  "count_add_slot": 32,
  "count_cut": 0,
  "count_no_change": 157,
  "total_allocated_pkm": 1651973.2198143702,
  "quadrant_counts": {
    "OVERSUPPLY": 111,
    "UNDERSUPPLY": 75,
    "INEFFICIENT": 3
  },
  "quadrant_pcts": {
    "OVERSUPPLY": 58.7,
    "UNDERSUPPLY": 39.7,
    "INEFFICIENT": 1.6
  },
  "total_revenue": 2259179.3459813325,
  "total_contribution": 1380114.565981333,
  "total_planned_kms": 44803.0,
  "depot_avg_epk": 51.62551806127833,
  "depot_avg_or": 0.6801363805148471,
  "revenue_by_quadrant": {
    "INEFFICIENT": 19740.170508382336,
    "OVERSUPPLY": 1269271.4981486185,
    "UNDERSUPPLY": 970167.6773243318
  },
  "contribution_by_quadrant": {
    "INEFFICIENT": -871.3494916176633,
    "OVERSUPPLY": 715756.0581486184,
    "UNDERSUPPLY": 665229.8573243319
  }
}