{
  "depot": "HANAMKONDA",
  "target_date": "2026-03-08",
  "predicted_depot_pkm": 1919749.5,
  "total_services": 169,
  "count_add_slot": 1,
  "count_cut": 3,
  "count_no_change": 165,
  "total_allocated_pkm": 1227613.201781388,
  "quadrant_counts": {
    "OVERSUPPLY": 94,
    "INEFFICIENT": 67,
    "UNDERSUPPLY": 8
  },
  "quadrant_pcts": {
    "OVERSUPPLY": 55.6,
    "INEFFICIENT": 39.6,
    "UNDERSUPPLY": 4.7
  },
  "total_revenue": 1535266.1898482018,
  "total_contribution": 42723.679848201835,
  "total_planned_kms": 53984.0,
  "depot_avg_epk": 32.09420905348197,
  "depot_avg_or": 0.4543893527457966,
  "revenue_by_quadrant": {
    "INEFFICIENT": 653387.663272055,
    "OVERSUPPLY": 818578.4243814956,
    "UNDERSUPPLY": 63300.102194651416
  },
  "contribution_by_quadrant": {
    "INEFFICIENT": -251698.78672794512,
    "OVERSUPPLY": 266006.9443814956,
    "UNDERSUPPLY": 28415.52219465141
  }
}