{
  "depot": "BHUPALAPALLAY",
  "target_date": "2026-03-08",
  "predicted_depot_pkm": 1367282.75,
  "total_services": 86,
  "count_add_slot": 17,
  "count_cut": 1,
  "count_no_change": 68,
  "total_allocated_pkm": 1306680.9597058867,
  "quadrant_counts": {
    "UNDERSUPPLY": 40,
    "OVERSUPPLY": 39,
    "INEFFICIENT": 7
  },
  "quadrant_pcts": {
    "UNDERSUPPLY": 46.5,
    "OVERSUPPLY": 45.3,
    "INEFFICIENT": 8.1
  },
  "total_revenue": 1654867.6895896797,
  "total_contribution": 818151.30958968,
  "total_planned_kms": 40068.0,
  "depot_avg_epk": 41.09684468367493,
  "depot_avg_or": 0.6533683539189467,
  "revenue_by_quadrant": {
    "INEFFICIENT": 29571.15352232461,
    "OVERSUPPLY": 654489.0873175756,
    "UNDERSUPPLY": 970807.4487497796
  },
  "contribution_by_quadrant": {
    "INEFFICIENT": -32961.56647767539,
    "OVERSUPPLY": 269400.3673175756,
    "UNDERSUPPLY": 581712.5087497797
  }
}