{
  "depot": "WARANGAL-I",
  "target_date": "2026-04-22",
  "predicted_depot_pkm": 1967340.875,
  "total_services": 130,
  "count_add_slot": 15,
  "count_cut": 0,
  "count_no_change": 115,
  "total_allocated_pkm": 1848359.1696798746,
  "quadrant_counts": {
    "OVERSUPPLY": 75,
    "UNDERSUPPLY": 49,
    "INEFFICIENT": 6
  },
  "quadrant_pcts": {
    "OVERSUPPLY": 57.7,
    "UNDERSUPPLY": 37.7,
    "INEFFICIENT": 4.6
  },
  "total_revenue": 2734520.693966632,
  "total_contribution": 1209126.6739666313,
  "total_planned_kms": 67106.0,
  "depot_avg_epk": 42.071345982939086,
  "depot_avg_or": 0.6504403469950364,
  "revenue_by_quadrant": {
    "INEFFICIENT": 57576.955375340964,
    "OVERSUPPLY": 1634574.119919149,
    "UNDERSUPPLY": 1042369.6186721413
  },
  "contribution_by_quadrant": {
    "INEFFICIENT": -22205.544624659036,
    "OVERSUPPLY": 708421.8799191491,
    "UNDERSUPPLY": 522910.3386721413
  }
}