{
  "depot": "CONTONMENT",
  "target_date": "2026-04-22",
  "predicted_depot_pkm": 1903328.25,
  "total_services": 280,
  "count_add_slot": 145,
  "count_cut": 0,
  "count_no_change": 135,
  "total_allocated_pkm": 1539310.5228528476,
  "quadrant_counts": {
    "UNDERSUPPLY": 158,
    "OVERSUPPLY": 68,
    "INEFFICIENT": 50,
    "SOCIAL_OBLIGATION": 4
  },
  "quadrant_pcts": {
    "UNDERSUPPLY": 56.4,
    "OVERSUPPLY": 24.3,
    "INEFFICIENT": 17.9,
    "SOCIAL_OBLIGATION": 1.4
  },
  "total_revenue": 2438195.596644354,
  "total_contribution": 977424.5352443547,
  "total_planned_kms": 46115.74,
  "depot_avg_epk": 57.93978272484961,
  "depot_avg_or": 0.9204666007395904,
  "revenue_by_quadrant": {
    "INEFFICIENT": 105556.94547636739,
    "OVERSUPPLY": 492518.0050425607,
    "SOCIAL_OBLIGATION": 24521.345215860947,
    "UNDERSUPPLY": 1815599.3009095655
  },
  "contribution_by_quadrant": {
    "INEFFICIENT": -280977.6407236326,
    "OVERSUPPLY": 149976.3438425607,
    "SOCIAL_OBLIGATION": -4451.814784139052,
    "UNDERSUPPLY": 1112877.6469095657
  }
}