{
  "depot": "NIZAMABAD-I",
  "target_date": "2026-04-22",
  "predicted_depot_pkm": 1711495.625,
  "total_services": 125,
  "count_add_slot": 22,
  "count_cut": 0,
  "count_no_change": 103,
  "total_allocated_pkm": 1429754.1008999858,
  "quadrant_counts": {
    "OVERSUPPLY": 62,
    "UNDERSUPPLY": 48,
    "INEFFICIENT": 15
  },
  "quadrant_pcts": {
    "OVERSUPPLY": 49.6,
    "UNDERSUPPLY": 38.4,
    "INEFFICIENT": 12.0
  },
  "total_revenue": 1899851.6247701258,
  "total_contribution": 912127.6447701256,
  "total_planned_kms": 51753.0,
  "depot_avg_epk": 39.10245702794678,
  "depot_avg_or": 0.602467493746033,
  "revenue_by_quadrant": {
    "INEFFICIENT": 8361.47757188426,
    "OVERSUPPLY": 927148.5642685255,
    "UNDERSUPPLY": 964341.582929716
  },
  "contribution_by_quadrant": {
    "INEFFICIENT": -153863.70242811574,
    "OVERSUPPLY": 451063.62426852545,
    "UNDERSUPPLY": 614927.722929716
  }
}