{
  "depot": "JANGAON",
  "target_date": "2026-04-22",
  "predicted_depot_pkm": 2189444.0,
  "total_services": 115,
  "count_add_slot": 55,
  "count_cut": 0,
  "count_no_change": 60,
  "total_allocated_pkm": 1995379.7092151493,
  "quadrant_counts": {
    "UNDERSUPPLY": 84,
    "OVERSUPPLY": 22,
    "INEFFICIENT": 9
  },
  "quadrant_pcts": {
    "UNDERSUPPLY": 73.0,
    "OVERSUPPLY": 19.1,
    "INEFFICIENT": 7.8
  },
  "total_revenue": 2306894.177954713,
  "total_contribution": 1522016.4979547132,
  "total_planned_kms": 49455.0,
  "depot_avg_epk": 46.76175659677761,
  "depot_avg_or": 0.7871289270865017,
  "revenue_by_quadrant": {
    "INEFFICIENT": 8033.876213389946,
    "OVERSUPPLY": 361922.4062783905,
    "UNDERSUPPLY": 1936937.8954629325
  },
  "contribution_by_quadrant": {
    "INEFFICIENT": -60041.36378661006,
    "OVERSUPPLY": 176630.46627839052,
    "UNDERSUPPLY": 1405427.3954629325
  }
}