{
  "depot": "HYDERABAD-I",
  "target_date": "2026-04-22",
  "predicted_depot_pkm": 1992064.25,
  "total_services": 112,
  "count_add_slot": 47,
  "count_cut": 0,
  "count_no_change": 65,
  "total_allocated_pkm": 1785323.0300497685,
  "quadrant_counts": {
    "UNDERSUPPLY": 61,
    "OVERSUPPLY": 38,
    "INEFFICIENT": 13
  },
  "quadrant_pcts": {
    "UNDERSUPPLY": 54.5,
    "OVERSUPPLY": 33.9,
    "INEFFICIENT": 11.6
  },
  "total_revenue": 2647493.5342814447,
  "total_contribution": 1426772.2942814452,
  "total_planned_kms": 56941.0,
  "depot_avg_epk": 49.26946662704045,
  "depot_avg_or": 0.7092626498485652,
  "revenue_by_quadrant": {
    "INEFFICIENT": 39429.72920842164,
    "OVERSUPPLY": 957310.222196869,
    "UNDERSUPPLY": 1650753.5828761547
  },
  "contribution_by_quadrant": {
    "INEFFICIENT": -116523.87079157837,
    "OVERSUPPLY": 404016.00219686894,
    "UNDERSUPPLY": 1139280.1628761548
  }
}