{
  "depot": "HAKIMPET",
  "target_date": "2026-04-22",
  "predicted_depot_pkm": 1361712.625,
  "total_services": 147,
  "count_add_slot": 99,
  "count_cut": 0,
  "count_no_change": 48,
  "total_allocated_pkm": 1153791.0014665064,
  "quadrant_counts": {
    "UNDERSUPPLY": 116,
    "INEFFICIENT": 21,
    "OVERSUPPLY": 10
  },
  "quadrant_pcts": {
    "UNDERSUPPLY": 78.9,
    "INEFFICIENT": 14.3,
    "OVERSUPPLY": 6.8
  },
  "total_revenue": 1551917.55026971,
  "total_contribution": 743133.13996971,
  "total_planned_kms": 30758.690000000002,
  "depot_avg_epk": 51.408758421918506,
  "depot_avg_or": 0.8816116170021294,
  "revenue_by_quadrant": {
    "INEFFICIENT": 53766.973309415065,
    "OVERSUPPLY": 67714.44216506976,
    "UNDERSUPPLY": 1430436.1347952252
  },
  "contribution_by_quadrant": {
    "INEFFICIENT": -74058.81149058494,
    "OVERSUPPLY": 19406.542165069757,
    "UNDERSUPPLY": 797785.4092952253
  }
}