{
  "depot": "MAHABOOBABAD",
  "target_date": "2026-04-22",
  "predicted_depot_pkm": 1446753.625,
  "total_services": 76,
  "count_add_slot": 48,
  "count_cut": 0,
  "count_no_change": 28,
  "total_allocated_pkm": 1406925.9503555812,
  "quadrant_counts": {
    "UNDERSUPPLY": 56,
    "OVERSUPPLY": 14,
    "INEFFICIENT": 6
  },
  "quadrant_pcts": {
    "UNDERSUPPLY": 73.7,
    "OVERSUPPLY": 18.4,
    "INEFFICIENT": 7.9
  },
  "total_revenue": 1631978.736584741,
  "total_contribution": 1073490.946584741,
  "total_planned_kms": 31066.0,
  "depot_avg_epk": 51.78959427560553,
  "depot_avg_or": 0.8354648845915545,
  "revenue_by_quadrant": {
    "INEFFICIENT": 11028.117954216132,
    "OVERSUPPLY": 203616.20270196753,
    "UNDERSUPPLY": 1417334.415928557
  },
  "contribution_by_quadrant": {
    "INEFFICIENT": -28993.062045783867,
    "OVERSUPPLY": 99340.25270196753,
    "UNDERSUPPLY": 1003143.7559285571
  }
}