{
  "depot": "HAKIMPET",
  "target_date": "2026-04-03",
  "predicted_depot_pkm": 1121152.375,
  "total_services": 147,
  "count_add_slot": 45,
  "count_cut": 0,
  "count_no_change": 102,
  "total_allocated_pkm": 1052158.343891568,
  "quadrant_counts": {
    "UNDERSUPPLY": 113,
    "OVERSUPPLY": 33,
    "INEFFICIENT": 1
  },
  "quadrant_pcts": {
    "UNDERSUPPLY": 76.9,
    "OVERSUPPLY": 22.4,
    "INEFFICIENT": 0.7
  },
  "total_revenue": 1417592.3273490646,
  "total_contribution": 608807.9170490645,
  "total_planned_kms": 30758.690000000002,
  "depot_avg_epk": 46.34871818940466,
  "depot_avg_or": 0.7941568496406491,
  "revenue_by_quadrant": {
    "INEFFICIENT": 10817.465151606946,
    "OVERSUPPLY": 247429.08399817185,
    "UNDERSUPPLY": 1159345.7781992857
  },
  "contribution_by_quadrant": {
    "INEFFICIENT": -15.906848393055043,
    "OVERSUPPLY": 72669.62399817184,
    "UNDERSUPPLY": 536154.1998992858
  }
}