{
  "depot": "ARMOOR",
  "target_date": "2026-04-03",
  "predicted_depot_pkm": 1305451.875,
  "total_services": 90,
  "count_add_slot": 18,
  "count_cut": 0,
  "count_no_change": 72,
  "total_allocated_pkm": 1144284.3450614074,
  "quadrant_counts": {
    "OVERSUPPLY": 40,
    "UNDERSUPPLY": 40,
    "INEFFICIENT": 10
  },
  "quadrant_pcts": {
    "OVERSUPPLY": 44.4,
    "UNDERSUPPLY": 44.4,
    "INEFFICIENT": 11.1
  },
  "total_revenue": 1413920.530138271,
  "total_contribution": 732951.330138271,
  "total_planned_kms": 36987.0,
  "depot_avg_epk": 38.86314369580954,
  "depot_avg_or": 0.6311158201312493,
  "revenue_by_quadrant": {
    "INEFFICIENT": 20113.82435907688,
    "OVERSUPPLY": 592739.2230025957,
    "UNDERSUPPLY": 801067.4827765983
  },
  "contribution_by_quadrant": {
    "INEFFICIENT": -56630.97564092312,
    "OVERSUPPLY": 262778.46300259576,
    "UNDERSUPPLY": 526803.8427765983
  }
}