{
  "depot": "WARANGAL-I",
  "target_date": "2026-04-03",
  "predicted_depot_pkm": 1893297.125,
  "total_services": 130,
  "count_add_slot": 12,
  "count_cut": 0,
  "count_no_change": 118,
  "total_allocated_pkm": 1750140.8741109406,
  "quadrant_counts": {
    "OVERSUPPLY": 97,
    "UNDERSUPPLY": 33
  },
  "quadrant_pcts": {
    "OVERSUPPLY": 74.6,
    "UNDERSUPPLY": 25.4
  },
  "total_revenue": 2565660.6352992775,
  "total_contribution": 1040266.6152992779,
  "total_planned_kms": 67106.0,
  "depot_avg_epk": 39.18917163507085,
  "depot_avg_or": 0.6097304797155831,
  "revenue_by_quadrant": {
    "OVERSUPPLY": 1925563.9604624389,
    "UNDERSUPPLY": 640096.674836839
  },
  "contribution_by_quadrant": {
    "OVERSUPPLY": 740734.600462439,
    "UNDERSUPPLY": 299532.01483683893
  }
}