{
  "depot": "THORROR",
  "target_date": "2026-04-03",
  "predicted_depot_pkm": 1577961.375,
  "total_services": 94,
  "count_add_slot": 23,
  "count_cut": 0,
  "count_no_change": 71,
  "total_allocated_pkm": 1494483.0473009772,
  "quadrant_counts": {
    "UNDERSUPPLY": 62,
    "OVERSUPPLY": 26,
    "INEFFICIENT": 6
  },
  "quadrant_pcts": {
    "UNDERSUPPLY": 66.0,
    "OVERSUPPLY": 27.7,
    "INEFFICIENT": 6.4
  },
  "total_revenue": 1859545.9185091828,
  "total_contribution": 921815.1485091831,
  "total_planned_kms": 40942.0,
  "depot_avg_epk": 45.62850149004983,
  "depot_avg_or": 0.7223277937074101,
  "revenue_by_quadrant": {
    "INEFFICIENT": 25179.9581561911,
    "OVERSUPPLY": 434132.7727079752,
    "UNDERSUPPLY": 1400233.1876450167
  },
  "contribution_by_quadrant": {
    "INEFFICIENT": -24975.501843808903,
    "OVERSUPPLY": 177506.07270797517,
    "UNDERSUPPLY": 769284.5776450167
  }
}