{
  "depot": "HYDERABAD-I",
  "target_date": "2026-03-31",
  "predicted_depot_pkm": 1722795.5,
  "total_services": 112,
  "count_add_slot": 33,
  "count_cut": 2,
  "count_no_change": 77,
  "total_allocated_pkm": 1564385.4904249771,
  "quadrant_counts": {
    "UNDERSUPPLY": 52,
    "OVERSUPPLY": 50,
    "INEFFICIENT": 10
  },
  "quadrant_pcts": {
    "UNDERSUPPLY": 46.4,
    "OVERSUPPLY": 44.6,
    "INEFFICIENT": 8.9
  },
  "total_revenue": 2300456.8535464187,
  "total_contribution": 1079735.6135464187,
  "total_planned_kms": 56941.0,
  "depot_avg_epk": 43.01602400695892,
  "depot_avg_or": 0.6610627920813711,
  "revenue_by_quadrant": {
    "INEFFICIENT": 102070.90005829759,
    "OVERSUPPLY": 970326.3360418242,
    "UNDERSUPPLY": 1228059.6174462968
  },
  "contribution_by_quadrant": {
    "INEFFICIENT": -55724.279941702414,
    "OVERSUPPLY": 329356.2360418242,
    "UNDERSUPPLY": 806103.6574462969
  }
}