{
  "depot": "HAKIMPET",
  "target_date": "2026-04-18",
  "predicted_depot_pkm": 1370221.375,
  "total_services": 147,
  "count_add_slot": 102,
  "count_cut": 0,
  "count_no_change": 45,
  "total_allocated_pkm": 1190655.618855061,
  "quadrant_counts": {
    "UNDERSUPPLY": 117,
    "OVERSUPPLY": 20,
    "INEFFICIENT": 10
  },
  "quadrant_pcts": {
    "UNDERSUPPLY": 79.6,
    "OVERSUPPLY": 13.6,
    "INEFFICIENT": 6.8
  },
  "total_revenue": 1602658.848820494,
  "total_contribution": 793874.4385204939,
  "total_planned_kms": 30758.690000000002,
  "depot_avg_epk": 52.552956989380306,
  "depot_avg_or": 0.9008489566670551,
  "revenue_by_quadrant": {
    "INEFFICIENT": 15230.661357316352,
    "OVERSUPPLY": 139368.973019765,
    "UNDERSUPPLY": 1448059.2144434126
  },
  "contribution_by_quadrant": {
    "INEFFICIENT": -37029.55344268365,
    "OVERSUPPLY": 26834.093019764983,
    "UNDERSUPPLY": 804069.8989434126
  }
}