{
  "depot": "HANAMKONDA",
  "target_date": "2026-04-18",
  "predicted_depot_pkm": 2044592.625,
  "total_services": 169,
  "count_add_slot": 67,
  "count_cut": 0,
  "count_no_change": 102,
  "total_allocated_pkm": 1982872.3644226813,
  "quadrant_counts": {
    "UNDERSUPPLY": 106,
    "OVERSUPPLY": 42,
    "INEFFICIENT": 21
  },
  "quadrant_pcts": {
    "UNDERSUPPLY": 62.7,
    "OVERSUPPLY": 24.9,
    "INEFFICIENT": 12.4
  },
  "total_revenue": 2449347.52819454,
  "total_contribution": 956805.0181945395,
  "total_planned_kms": 53984.0,
  "depot_avg_epk": 52.92488496479419,
  "depot_avg_or": 0.8627440301024302,
  "revenue_by_quadrant": {
    "INEFFICIENT": 270126.6955537142,
    "OVERSUPPLY": 703888.1984876173,
    "UNDERSUPPLY": 1475332.634153208
  },
  "contribution_by_quadrant": {
    "INEFFICIENT": -50188.694446285874,
    "OVERSUPPLY": 269834.95848761726,
    "UNDERSUPPLY": 737158.754153208
  }
}