{
  "depot": "KUKATPALLY",
  "target_date": "2026-04-18",
  "predicted_depot_pkm": 1449782.25,
  "total_services": 204,
  "count_add_slot": 138,
  "count_cut": 0,
  "count_no_change": 66,
  "total_allocated_pkm": 1386350.4561967296,
  "quadrant_counts": {
    "UNDERSUPPLY": 162,
    "INEFFICIENT": 23,
    "OVERSUPPLY": 19
  },
  "quadrant_pcts": {
    "UNDERSUPPLY": 79.4,
    "INEFFICIENT": 11.3,
    "OVERSUPPLY": 9.3
  },
  "total_revenue": 1896893.2438477543,
  "total_contribution": 1105643.6038477547,
  "total_planned_kms": 38029.06,
  "depot_avg_epk": 55.930588506524465,
  "depot_avg_or": 0.9024019047672756,
  "revenue_by_quadrant": {
    "INEFFICIENT": 21198.632844710228,
    "OVERSUPPLY": 146669.57402638544,
    "UNDERSUPPLY": 1729025.036976659
  },
  "contribution_by_quadrant": {
    "INEFFICIENT": -122064.43715528976,
    "OVERSUPPLY": 55533.43402638544,
    "UNDERSUPPLY": 1172174.606976659
  }
}