{
  "depot": "BHUPALAPALLAY",
  "target_date": "2026-05-05",
  "predicted_depot_pkm": 1506497.25,
  "total_services": 86,
  "count_add_slot": 17,
  "count_cut": 0,
  "count_no_change": 69,
  "total_allocated_pkm": 1384853.4238123253,
  "quadrant_counts": {
    "UNDERSUPPLY": 48,
    "OVERSUPPLY": 30,
    "INEFFICIENT": 8
  },
  "quadrant_pcts": {
    "UNDERSUPPLY": 55.8,
    "OVERSUPPLY": 34.9,
    "INEFFICIENT": 9.3
  },
  "total_revenue": 1752244.2298553076,
  "total_contribution": 915192.8898553079,
  "total_planned_kms": 40104.0,
  "depot_avg_epk": 43.68650168629402,
  "depot_avg_or": 0.6805983472447604,
  "revenue_by_quadrant": {
    "INEFFICIENT": 19814.564145496253,
    "OVERSUPPLY": 515279.37583442684,
    "UNDERSUPPLY": 1217150.2898753847
  },
  "contribution_by_quadrant": {
    "INEFFICIENT": -49336.51585450375,
    "OVERSUPPLY": 251618.31583442684,
    "UNDERSUPPLY": 712911.0898753846
  }
}