{
  "depot": "NIZAMABAD-I",
  "target_date": "2026-05-05",
  "predicted_depot_pkm": 1735579.625,
  "total_services": 125,
  "count_add_slot": 29,
  "count_cut": 0,
  "count_no_change": 96,
  "total_allocated_pkm": 1478230.65555615,
  "quadrant_counts": {
    "OVERSUPPLY": 57,
    "UNDERSUPPLY": 53,
    "INEFFICIENT": 15
  },
  "quadrant_pcts": {
    "OVERSUPPLY": 45.6,
    "UNDERSUPPLY": 42.4,
    "INEFFICIENT": 12.0
  },
  "total_revenue": 1968239.8706197096,
  "total_contribution": 980515.8906197093,
  "total_planned_kms": 51753.0,
  "depot_avg_epk": 40.30308060838301,
  "depot_avg_or": 0.6211275365823633,
  "revenue_by_quadrant": {
    "INEFFICIENT": 4134.7606678037455,
    "OVERSUPPLY": 853877.8064772055,
    "UNDERSUPPLY": 1110227.3034747
  },
  "contribution_by_quadrant": {
    "INEFFICIENT": -155669.95933219625,
    "OVERSUPPLY": 410583.6264772055,
    "UNDERSUPPLY": 725602.2234747
  }
}