{
  "depot": "HAKIMPET",
  "target_date": "2026-05-05",
  "predicted_depot_pkm": 1351004.875,
  "total_services": 147,
  "count_add_slot": 86,
  "count_cut": 0,
  "count_no_change": 61,
  "total_allocated_pkm": 1009077.8018079649,
  "quadrant_counts": {
    "UNDERSUPPLY": 116,
    "INEFFICIENT": 22,
    "OVERSUPPLY": 9
  },
  "quadrant_pcts": {
    "UNDERSUPPLY": 78.9,
    "INEFFICIENT": 15.0,
    "OVERSUPPLY": 6.1
  },
  "total_revenue": 1355653.6714457707,
  "total_contribution": 546869.2611457707,
  "total_planned_kms": 30758.690000000002,
  "depot_avg_epk": 45.69588029288594,
  "depot_avg_or": 0.7838701114013855,
  "revenue_by_quadrant": {
    "INEFFICIENT": 5674.709386612225,
    "OVERSUPPLY": 68032.07634081395,
    "UNDERSUPPLY": 1281946.8857183445
  },
  "contribution_by_quadrant": {
    "INEFFICIENT": -128608.81541338778,
    "OVERSUPPLY": 16898.399540813953,
    "UNDERSUPPLY": 658579.6770183445
  }
}