{
  "depot": "BANSWADA",
  "target_date": "2026-05-05",
  "predicted_depot_pkm": 1715741.5,
  "total_services": 92,
  "count_add_slot": 28,
  "count_cut": 0,
  "count_no_change": 64,
  "total_allocated_pkm": 1548339.3922888485,
  "quadrant_counts": {
    "UNDERSUPPLY": 69,
    "OVERSUPPLY": 15,
    "INEFFICIENT": 8
  },
  "quadrant_pcts": {
    "UNDERSUPPLY": 75.0,
    "OVERSUPPLY": 16.3,
    "INEFFICIENT": 8.7
  },
  "total_revenue": 1844805.5659102707,
  "total_contribution": 1141434.3759102703,
  "total_planned_kms": 37832.0,
  "depot_avg_epk": 47.99794565498778,
  "depot_avg_or": 0.7262467539192571,
  "revenue_by_quadrant": {
    "INEFFICIENT": 10106.93579445711,
    "OVERSUPPLY": 187787.08914706265,
    "UNDERSUPPLY": 1646911.5409687506
  },
  "contribution_by_quadrant": {
    "INEFFICIENT": -48387.7042055429,
    "OVERSUPPLY": 81205.37914706263,
    "UNDERSUPPLY": 1108616.7009687505
  }
}