{
  "depot": "HYDERABAD-I",
  "target_date": "2026-05-05",
  "predicted_depot_pkm": 2209315.75,
  "total_services": 112,
  "count_add_slot": 47,
  "count_cut": 0,
  "count_no_change": 65,
  "total_allocated_pkm": 1943274.6095488998,
  "quadrant_counts": {
    "UNDERSUPPLY": 65,
    "OVERSUPPLY": 36,
    "INEFFICIENT": 11
  },
  "quadrant_pcts": {
    "UNDERSUPPLY": 58.0,
    "OVERSUPPLY": 32.1,
    "INEFFICIENT": 9.8
  },
  "total_revenue": 2859028.468517797,
  "total_contribution": 1638307.2285177968,
  "total_planned_kms": 56941.0,
  "depot_avg_epk": 53.255226875896106,
  "depot_avg_or": 0.7650633612323905,
  "revenue_by_quadrant": {
    "INEFFICIENT": 20962.386981181153,
    "OVERSUPPLY": 943131.1991969624,
    "UNDERSUPPLY": 1894934.8823396533
  },
  "contribution_by_quadrant": {
    "INEFFICIENT": -95317.25301881885,
    "OVERSUPPLY": 383279.73919696244,
    "UNDERSUPPLY": 1350344.7423396532
  }
}