{
  "depot": "HANAMKONDA",
  "target_date": "2026-04-08",
  "predicted_depot_pkm": 2056929.75,
  "total_services": 169,
  "count_add_slot": 65,
  "count_cut": 0,
  "count_no_change": 104,
  "total_allocated_pkm": 1989533.2792221385,
  "quadrant_counts": {
    "UNDERSUPPLY": 97,
    "OVERSUPPLY": 49,
    "INEFFICIENT": 21,
    "SOCIAL_OBLIGATION": 2
  },
  "quadrant_pcts": {
    "UNDERSUPPLY": 57.4,
    "OVERSUPPLY": 29.0,
    "INEFFICIENT": 12.4,
    "SOCIAL_OBLIGATION": 1.2
  },
  "total_revenue": 2457092.0041176295,
  "total_contribution": 964549.4941176292,
  "total_planned_kms": 53984.0,
  "depot_avg_epk": 52.35836165486957,
  "depot_avg_or": 0.8532077147041518,
  "revenue_by_quadrant": {
    "INEFFICIENT": 292757.6817458553,
    "OVERSUPPLY": 837201.6086502466,
    "SOCIAL_OBLIGATION": 29788.01724884105,
    "UNDERSUPPLY": 1297344.6964726862
  },
  "contribution_by_quadrant": {
    "INEFFICIENT": -35969.00825414473,
    "OVERSUPPLY": 343966.8286502466,
    "SOCIAL_OBLIGATION": -227.04275115895325,
    "UNDERSUPPLY": 656778.7164726863
  }
}