{
  "depot": "MAHABOOBABAD",
  "target_date": "2026-04-08",
  "predicted_depot_pkm": 1353036.75,
  "total_services": 76,
  "count_add_slot": 33,
  "count_cut": 0,
  "count_no_change": 43,
  "total_allocated_pkm": 1288774.3420686335,
  "quadrant_counts": {
    "UNDERSUPPLY": 54,
    "OVERSUPPLY": 17,
    "INEFFICIENT": 5
  },
  "quadrant_pcts": {
    "UNDERSUPPLY": 71.1,
    "OVERSUPPLY": 22.4,
    "INEFFICIENT": 6.6
  },
  "total_revenue": 1496624.9648432569,
  "total_contribution": 938137.1748432571,
  "total_planned_kms": 31066.0,
  "depot_avg_epk": 47.397272692426434,
  "depot_avg_or": 0.7639369597966059,
  "revenue_by_quadrant": {
    "INEFFICIENT": 10245.975346201254,
    "OVERSUPPLY": 237651.28076584276,
    "UNDERSUPPLY": 1248727.7087312131
  },
  "contribution_by_quadrant": {
    "INEFFICIENT": -23345.604653798742,
    "OVERSUPPLY": 110812.63076584275,
    "UNDERSUPPLY": 850670.1487312132
  }
}