{
  "depot": "BHUPALAPALLAY",
  "target_date": "2026-04-08",
  "predicted_depot_pkm": 1489596.5,
  "total_services": 86,
  "count_add_slot": 23,
  "count_cut": 0,
  "count_no_change": 63,
  "total_allocated_pkm": 1436478.9489898572,
  "quadrant_counts": {
    "UNDERSUPPLY": 46,
    "OVERSUPPLY": 34,
    "INEFFICIENT": 6
  },
  "quadrant_pcts": {
    "UNDERSUPPLY": 53.5,
    "OVERSUPPLY": 39.5,
    "INEFFICIENT": 7.0
  },
  "total_revenue": 1815345.8841700088,
  "total_contribution": 978294.544170009,
  "total_planned_kms": 40104.0,
  "depot_avg_epk": 44.929933088564624,
  "depot_avg_or": 0.6977692726258716,
  "revenue_by_quadrant": {
    "INEFFICIENT": 21012.86817748503,
    "OVERSUPPLY": 581955.9685415326,
    "UNDERSUPPLY": 1212377.0474509913
  },
  "contribution_by_quadrant": {
    "INEFFICIENT": -30635.89182251497,
    "OVERSUPPLY": 271305.28854153265,
    "UNDERSUPPLY": 737625.1474509912
  }
}