{
  "depot": "HAKIMPET",
  "target_date": "2026-04-08",
  "predicted_depot_pkm": 1392124.75,
  "total_services": 147,
  "count_add_slot": 116,
  "count_cut": 0,
  "count_no_change": 31,
  "total_allocated_pkm": 1288223.941744329,
  "quadrant_counts": {
    "UNDERSUPPLY": 137,
    "INEFFICIENT": 8,
    "OVERSUPPLY": 2
  },
  "quadrant_pcts": {
    "UNDERSUPPLY": 93.2,
    "INEFFICIENT": 5.4,
    "OVERSUPPLY": 1.4
  },
  "total_revenue": 1737251.5769271562,
  "total_contribution": 928467.1666271563,
  "total_planned_kms": 30758.690000000002,
  "depot_avg_epk": 56.456254269589955,
  "depot_avg_or": 0.9669454906842609,
  "revenue_by_quadrant": {
    "INEFFICIENT": 25162.35655606595,
    "OVERSUPPLY": 10054.283630994152,
    "UNDERSUPPLY": 1702034.9367400962
  },
  "contribution_by_quadrant": {
    "INEFFICIENT": -11231.26344393405,
    "OVERSUPPLY": 2995.823630994152,
    "UNDERSUPPLY": 936702.6064400962
  }
}