{
  "depot": "IBRAHIMPATNAM",
  "target_date": "2026-04-08",
  "predicted_depot_pkm": 2066654.875,
  "total_services": 189,
  "count_add_slot": 144,
  "count_cut": 0,
  "count_no_change": 45,
  "total_allocated_pkm": 1971131.8587435116,
  "quadrant_counts": {
    "UNDERSUPPLY": 166,
    "OVERSUPPLY": 22,
    "INEFFICIENT": 1
  },
  "quadrant_pcts": {
    "UNDERSUPPLY": 87.8,
    "OVERSUPPLY": 11.6,
    "INEFFICIENT": 0.5
  },
  "total_revenue": 2633511.736196562,
  "total_contribution": 1754921.604196562,
  "total_planned_kms": 44778.7,
  "depot_avg_epk": 60.88657223111016,
  "depot_avg_or": 0.9937043372536115,
  "revenue_by_quadrant": {
    "INEFFICIENT": 6444.458320697922,
    "OVERSUPPLY": 205461.34435031906,
    "UNDERSUPPLY": 2421605.9335255446
  },
  "contribution_by_quadrant": {
    "INEFFICIENT": -550.7416793020775,
    "OVERSUPPLY": 75573.14435031905,
    "UNDERSUPPLY": 1679899.2015255447
  }
}