{
  "depot": "KUKATPALLY",
  "target_date": "2026-04-08",
  "predicted_depot_pkm": 1482714.375,
  "total_services": 204,
  "count_add_slot": 129,
  "count_cut": 0,
  "count_no_change": 75,
  "total_allocated_pkm": 1427990.3927629206,
  "quadrant_counts": {
    "UNDERSUPPLY": 161,
    "OVERSUPPLY": 29,
    "INEFFICIENT": 14
  },
  "quadrant_pcts": {
    "UNDERSUPPLY": 78.9,
    "OVERSUPPLY": 14.2,
    "INEFFICIENT": 6.9
  },
  "total_revenue": 1947333.7488207808,
  "total_contribution": 1156084.1088207806,
  "total_planned_kms": 38029.06,
  "depot_avg_epk": 54.785550155832745,
  "depot_avg_or": 0.8844687411008122,
  "revenue_by_quadrant": {
    "INEFFICIENT": 27008.45902373176,
    "OVERSUPPLY": 241709.45177582072,
    "UNDERSUPPLY": 1678615.8380212283
  },
  "contribution_by_quadrant": {
    "INEFFICIENT": -55889.16097626824,
    "OVERSUPPLY": 106381.36177582073,
    "UNDERSUPPLY": 1105591.9080212282
  }
}