{
  "depot": "BANSWADA",
  "target_date": "2026-03-25",
  "predicted_depot_pkm": 1668077.375,
  "total_services": 92,
  "count_add_slot": 44,
  "count_cut": 0,
  "count_no_change": 48,
  "total_allocated_pkm": 1582928.6855011447,
  "quadrant_counts": {
    "UNDERSUPPLY": 67,
    "OVERSUPPLY": 19,
    "INEFFICIENT": 6
  },
  "quadrant_pcts": {
    "UNDERSUPPLY": 72.8,
    "OVERSUPPLY": 20.7,
    "INEFFICIENT": 6.5
  },
  "total_revenue": 1905893.8940467788,
  "total_contribution": 1202522.7040467788,
  "total_planned_kms": 37832.0,
  "depot_avg_epk": 49.29346200305887,
  "depot_avg_or": 0.792268186642016,
  "revenue_by_quadrant": {
    "INEFFICIENT": 1502.5463996045087,
    "OVERSUPPLY": 231012.01012130504,
    "UNDERSUPPLY": 1673379.3375258693
  },
  "contribution_by_quadrant": {
    "INEFFICIENT": -43212.103600395494,
    "OVERSUPPLY": 99631.22012130503,
    "UNDERSUPPLY": 1146103.5875258693
  }
}