{
  "depot": "IBRAHIMPATNAM",
  "target_date": "2026-03-25",
  "predicted_depot_pkm": 2062729.0,
  "total_services": 189,
  "count_add_slot": 79,
  "count_cut": 0,
  "count_no_change": 110,
  "total_allocated_pkm": 1983844.8165225657,
  "quadrant_counts": {
    "UNDERSUPPLY": 138,
    "OVERSUPPLY": 50,
    "INEFFICIENT": 1
  },
  "quadrant_pcts": {
    "UNDERSUPPLY": 73.0,
    "OVERSUPPLY": 26.5,
    "INEFFICIENT": 0.5
  },
  "total_revenue": 2654561.0999028673,
  "total_contribution": 1775496.319902867,
  "total_planned_kms": 44803.0,
  "depot_avg_epk": 60.986569595875636,
  "depot_avg_or": 0.8109036528569564,
  "revenue_by_quadrant": {
    "INEFFICIENT": 6609.367108059965,
    "OVERSUPPLY": 539053.2807865283,
    "UNDERSUPPLY": 2108898.452008279
  },
  "contribution_by_quadrant": {
    "INEFFICIENT": -385.83289194003464,
    "OVERSUPPLY": 282754.5607865283,
    "UNDERSUPPLY": 1493127.592008279
  }
}