{
  "depot": "MAHABOOBABAD",
  "target_date": "2026-03-25",
  "predicted_depot_pkm": 1364954.875,
  "total_services": 76,
  "count_add_slot": 39,
  "count_cut": 3,
  "count_no_change": 34,
  "total_allocated_pkm": 1293387.5691671662,
  "quadrant_counts": {
    "UNDERSUPPLY": 54,
    "OVERSUPPLY": 17,
    "INEFFICIENT": 5
  },
  "quadrant_pcts": {
    "UNDERSUPPLY": 71.1,
    "OVERSUPPLY": 22.4,
    "INEFFICIENT": 6.6
  },
  "total_revenue": 1500150.862096348,
  "total_contribution": 941663.0720963479,
  "total_planned_kms": 31066.0,
  "depot_avg_epk": 47.659114710707875,
  "depot_avg_or": 0.7925040459274848,
  "revenue_by_quadrant": {
    "INEFFICIENT": 10610.29062764251,
    "OVERSUPPLY": 241790.2454316404,
    "UNDERSUPPLY": 1247750.3260370651
  },
  "contribution_by_quadrant": {
    "INEFFICIENT": -23583.089372357488,
    "OVERSUPPLY": 117357.25543164038,
    "UNDERSUPPLY": 847888.9060370651
  }
}