{
  "depot": "HAYATHNAGAR-II",
  "target_date": "2026-06-01",
  "predicted_depot_pkm": 1343344.125,
  "total_services": 169,
  "count_add_slot": 13,
  "count_cut": 0,
  "count_add_candidates_no_spare": 98,
  "count_no_change": 58,
  "total_allocated_pkm": 1290286.257023135,
  "quadrant_counts": {
    "UNDERSUPPLY": 163,
    "INEFFICIENT": 4,
    "OVERSUPPLY": 2
  },
  "quadrant_pcts": {
    "UNDERSUPPLY": 96.4,
    "INEFFICIENT": 2.4,
    "OVERSUPPLY": 1.2
  },
  "total_revenue": 2025750.2958278314,
  "total_contribution": 1357957.7958278314,
  "total_planned_kms": 26711.699999999997,
  "depot_avg_epk": 77.29745854286574,
  "depot_avg_or": 1.406686565421017,
  "revenue_by_quadrant": {
    "INEFFICIENT": 0.0,
    "OVERSUPPLY": 9892.366573511696,
    "UNDERSUPPLY": 2015857.9292543198
  },
  "contribution_by_quadrant": {
    "INEFFICIENT": -29400.0,
    "OVERSUPPLY": 2878.1165735116942,
    "UNDERSUPPLY": 1384479.6792543198
  },
  "maintenance_pct": 0.02,
  "pkm_90d_avg": 1079035.561053436,
  "fleet_breakdown": {
    "EM": {
      "available": 186,
      "planned": 169.0,
      "cut": 0.0,
      "maintenance": 4,
      "spare": 13.0,
      "estimated": true,
      "added": 13,
      "to_add": 111
    }
  }
}