{
  "depot": "IBRAHIMPATNAM",
  "target_date": "2026-03-14",
  "predicted_depot_pkm": 2106552.5,
  "total_services": 189,
  "count_add_slot": 78,
  "count_cut": 0,
  "count_no_change": 111,
  "total_allocated_pkm": 2010294.5884093246,
  "quadrant_counts": {
    "UNDERSUPPLY": 140,
    "OVERSUPPLY": 49
  },
  "quadrant_pcts": {
    "UNDERSUPPLY": 74.1,
    "OVERSUPPLY": 25.9
  },
  "total_revenue": 2731341.9828310325,
  "total_contribution": 1852277.2028310327,
  "total_planned_kms": 44803.0,
  "depot_avg_epk": 62.55422181548696,
  "depot_avg_or": 0.8261492394562148,
  "revenue_by_quadrant": {
    "OVERSUPPLY": 534959.8787088996,
    "UNDERSUPPLY": 2196382.104122133
  },
  "contribution_by_quadrant": {
    "OVERSUPPLY": 284385.47870889964,
    "UNDERSUPPLY": 1567891.724122133
  }
}