{
  "depot": "MAHABOOBABAD",
  "target_date": "2026-03-14",
  "predicted_depot_pkm": 1458503.0,
  "total_services": 76,
  "count_add_slot": 45,
  "count_cut": 3,
  "count_no_change": 28,
  "total_allocated_pkm": 1404307.6304692354,
  "quadrant_counts": {
    "UNDERSUPPLY": 60,
    "OVERSUPPLY": 12,
    "INEFFICIENT": 4
  },
  "quadrant_pcts": {
    "UNDERSUPPLY": 78.9,
    "OVERSUPPLY": 15.8,
    "INEFFICIENT": 5.3
  },
  "total_revenue": 1631625.1330874374,
  "total_contribution": 1073137.3430874373,
  "total_planned_kms": 31066.0,
  "depot_avg_epk": 52.02801460775216,
  "depot_avg_or": 0.8633671343345474,
  "revenue_by_quadrant": {
    "INEFFICIENT": 12258.717619514602,
    "OVERSUPPLY": 186685.6078427542,
    "UNDERSUPPLY": 1432680.8076251685
  },
  "contribution_by_quadrant": {
    "INEFFICIENT": -15961.732380485399,
    "OVERSUPPLY": 93321.32784275418,
    "UNDERSUPPLY": 995777.7476251684
  }
}