{
  "depot": "WARANGAL-I",
  "target_date": "2026-03-14",
  "predicted_depot_pkm": 2072886.25,
  "total_services": 132,
  "count_add_slot": 26,
  "count_cut": 0,
  "count_no_change": 106,
  "total_allocated_pkm": 1971496.0848833234,
  "quadrant_counts": {
    "OVERSUPPLY": 72,
    "UNDERSUPPLY": 59,
    "INEFFICIENT": 1
  },
  "quadrant_pcts": {
    "OVERSUPPLY": 54.5,
    "UNDERSUPPLY": 44.7,
    "INEFFICIENT": 0.8
  },
  "total_revenue": 2873284.8779668454,
  "total_contribution": 1330254.2979668463,
  "total_planned_kms": 68078.0,
  "depot_avg_epk": 44.41097733984335,
  "depot_avg_or": 0.6883950519503871,
  "revenue_by_quadrant": {
    "INEFFICIENT": 8338.448360386345,
    "OVERSUPPLY": 1673504.2230827026,
    "UNDERSUPPLY": 1191442.2065237572
  },
  "contribution_by_quadrant": {
    "INEFFICIENT": -612.2916396136552,
    "OVERSUPPLY": 719486.2230827027,
    "UNDERSUPPLY": 611380.3665237572
  }
}