{
  "depot": "KARIMNAGAR-I",
  "target_date": "2026-03-14",
  "predicted_depot_pkm": 1723994.875,
  "total_services": 108,
  "count_add_slot": 33,
  "count_cut": 2,
  "count_no_change": 73,
  "total_allocated_pkm": 1651165.2839938356,
  "quadrant_counts": {
    "UNDERSUPPLY": 66,
    "OVERSUPPLY": 38,
    "INEFFICIENT": 4
  },
  "quadrant_pcts": {
    "UNDERSUPPLY": 61.1,
    "OVERSUPPLY": 35.2,
    "INEFFICIENT": 3.7
  },
  "total_revenue": 2071568.8852255598,
  "total_contribution": 934037.1252255602,
  "total_planned_kms": 47350.0,
  "depot_avg_epk": 44.83561679752098,
  "depot_avg_or": 0.723763272246692,
  "revenue_by_quadrant": {
    "INEFFICIENT": 0.0,
    "OVERSUPPLY": 701624.5684073485,
    "UNDERSUPPLY": 1369944.3168182117
  },
  "contribution_by_quadrant": {
    "INEFFICIENT": -31335.92,
    "OVERSUPPLY": 264999.0284073485,
    "UNDERSUPPLY": 700374.0168182116
  }
}