{
  "depot": "MIYAPUR-II",
  "target_date": "2026-05-14",
  "predicted_depot_pkm": 1322237.0,
  "total_services": 176,
  "count_add_slot": 109,
  "count_cut": 0,
  "count_no_change": 67,
  "total_allocated_pkm": 1205637.7297912806,
  "quadrant_counts": {
    "UNDERSUPPLY": 118,
    "INEFFICIENT": 42,
    "OVERSUPPLY": 16
  },
  "quadrant_pcts": {
    "UNDERSUPPLY": 67.0,
    "INEFFICIENT": 23.9,
    "OVERSUPPLY": 9.1
  },
  "total_revenue": 2165876.22067843,
  "total_contribution": 1471603.22067843,
  "total_planned_kms": 27770.92,
  "depot_avg_epk": 74.88421938737737,
  "depot_avg_or": 1.2122692441712328,
  "revenue_by_quadrant": {
    "INEFFICIENT": 20342.55322910984,
    "OVERSUPPLY": 178778.99260829514,
    "UNDERSUPPLY": 1966754.674841025
  },
  "contribution_by_quadrant": {
    "INEFFICIENT": -114062.94677089015,
    "OVERSUPPLY": 98598.99260829514,
    "UNDERSUPPLY": 1487067.174841025
  }
}