{
  "depot": "MIRYALAGUDA",
  "target_date": "2026-05-14",
  "predicted_depot_pkm": 1688159.5,
  "total_services": 125,
  "count_add_slot": 16,
  "count_cut": 6,
  "count_no_change": 103,
  "total_allocated_pkm": 1282400.8928312198,
  "quadrant_counts": {
    "OVERSUPPLY": 64,
    "UNDERSUPPLY": 44,
    "INEFFICIENT": 17
  },
  "quadrant_pcts": {
    "OVERSUPPLY": 51.2,
    "UNDERSUPPLY": 35.2,
    "INEFFICIENT": 13.6
  },
  "total_revenue": 1705156.8794378382,
  "total_contribution": 625331.8794378381,
  "total_planned_kms": 43193.0,
  "depot_avg_epk": 39.048362892787175,
  "depot_avg_or": 0.6211695376257115,
  "revenue_by_quadrant": {
    "INEFFICIENT": 41356.42372775046,
    "OVERSUPPLY": 825817.471086066,
    "UNDERSUPPLY": 837982.9846240216
  },
  "contribution_by_quadrant": {
    "INEFFICIENT": -105718.57627224954,
    "OVERSUPPLY": 297642.471086066,
    "UNDERSUPPLY": 433407.98462402157
  }
}