{
  "depot": "RAJENDRANAGAR",
  "target_date": "2026-05-14",
  "predicted_depot_pkm": 1823701.0,
  "total_services": 179,
  "count_add_slot": 123,
  "count_cut": 0,
  "count_no_change": 56,
  "total_allocated_pkm": 1613587.8247497831,
  "quadrant_counts": {
    "UNDERSUPPLY": 132,
    "INEFFICIENT": 41,
    "OVERSUPPLY": 6
  },
  "quadrant_pcts": {
    "UNDERSUPPLY": 73.7,
    "INEFFICIENT": 22.9,
    "OVERSUPPLY": 3.4
  },
  "total_revenue": 2175913.1709002266,
  "total_contribution": 1185181.1709002266,
  "total_planned_kms": 39629.28,
  "depot_avg_epk": 56.914123480554466,
  "depot_avg_or": 0.9180773254788612,
  "revenue_by_quadrant": {
    "INEFFICIENT": 20191.28514175897,
    "OVERSUPPLY": 51066.460502309965,
    "UNDERSUPPLY": 2104655.4252561573
  },
  "contribution_by_quadrant": {
    "INEFFICIENT": -207789.71485824103,
    "OVERSUPPLY": 17241.460502309965,
    "UNDERSUPPLY": 1375729.4252561575
  }
}