{
  "depot": "GWL-PRGPR",
  "target_date": "2026-05-14",
  "predicted_depot_pkm": 1684609.25,
  "total_services": 79,
  "count_add_slot": 49,
  "count_cut": 2,
  "count_no_change": 28,
  "total_allocated_pkm": 1526907.2736005213,
  "quadrant_counts": {
    "UNDERSUPPLY": 64,
    "OVERSUPPLY": 10,
    "INEFFICIENT": 5
  },
  "quadrant_pcts": {
    "UNDERSUPPLY": 81.0,
    "OVERSUPPLY": 12.7,
    "INEFFICIENT": 6.3
  },
  "total_revenue": 1745927.4817242203,
  "total_contribution": 952077.4817242204,
  "total_planned_kms": 31754.0,
  "depot_avg_epk": 54.55542465540683,
  "depot_avg_or": 0.8367870173417652,
  "revenue_by_quadrant": {
    "INEFFICIENT": 31373.67411637489,
    "OVERSUPPLY": 135769.58817635544,
    "UNDERSUPPLY": 1578784.2194314902
  },
  "contribution_by_quadrant": {
    "INEFFICIENT": -11751.325883625112,
    "OVERSUPPLY": 36269.58817635543,
    "UNDERSUPPLY": 927559.21943149
  }
}