{
  "depot": "MEHDIPATNAM",
  "target_date": "2026-05-14",
  "predicted_depot_pkm": 1982799.75,
  "total_services": 222,
  "count_add_slot": 161,
  "count_cut": 0,
  "count_no_change": 61,
  "total_allocated_pkm": 1854842.4435980387,
  "quadrant_counts": {
    "UNDERSUPPLY": 183,
    "INEFFICIENT": 31,
    "OVERSUPPLY": 8
  },
  "quadrant_pcts": {
    "UNDERSUPPLY": 82.4,
    "INEFFICIENT": 14.0,
    "OVERSUPPLY": 3.6
  },
  "total_revenue": 2580116.1715534623,
  "total_contribution": 1511766.1715534623,
  "total_planned_kms": 42734.0,
  "depot_avg_epk": 62.83461286152284,
  "depot_avg_or": 0.9806147307159865,
  "revenue_by_quadrant": {
    "INEFFICIENT": 9459.329062256547,
    "OVERSUPPLY": 45187.81495926162,
    "UNDERSUPPLY": 2525469.0275319437
  },
  "contribution_by_quadrant": {
    "INEFFICIENT": -159215.67093774345,
    "OVERSUPPLY": 18112.81495926162,
    "UNDERSUPPLY": 1652869.027531944
  }
}