{
  "depot": "CONTONMENT",
  "target_date": "2026-05-14",
  "predicted_depot_pkm": 1949740.125,
  "total_services": 280,
  "count_add_slot": 154,
  "count_cut": 0,
  "count_no_change": 126,
  "total_allocated_pkm": 1492850.0902636945,
  "quadrant_counts": {
    "UNDERSUPPLY": 174,
    "OVERSUPPLY": 54,
    "INEFFICIENT": 48,
    "SOCIAL_OBLIGATION": 4
  },
  "quadrant_pcts": {
    "UNDERSUPPLY": 62.1,
    "OVERSUPPLY": 19.3,
    "INEFFICIENT": 17.1,
    "SOCIAL_OBLIGATION": 1.4
  },
  "total_revenue": 2420072.00230866,
  "total_contribution": 959300.9409086608,
  "total_planned_kms": 46115.74,
  "depot_avg_epk": 57.09859784262043,
  "depot_avg_or": 0.8929253161871249,
  "revenue_by_quadrant": {
    "INEFFICIENT": 57599.28460795299,
    "OVERSUPPLY": 392501.5313311581,
    "SOCIAL_OBLIGATION": 28108.87195115314,
    "UNDERSUPPLY": 1941862.3144183964
  },
  "contribution_by_quadrant": {
    "INEFFICIENT": -322133.628792047,
    "OVERSUPPLY": 124816.27733115815,
    "SOCIAL_OBLIGATION": -2531.808048846856,
    "UNDERSUPPLY": 1159150.1004183965
  }
}