{
  "depot": "SHADNAGAR",
  "target_date": "2026-05-14",
  "predicted_depot_pkm": 1733608.25,
  "total_services": 88,
  "count_add_slot": 47,
  "count_cut": 4,
  "count_no_change": 37,
  "total_allocated_pkm": 1595953.4873461034,
  "quadrant_counts": {
    "UNDERSUPPLY": 67,
    "OVERSUPPLY": 14,
    "INEFFICIENT": 7
  },
  "quadrant_pcts": {
    "UNDERSUPPLY": 76.1,
    "OVERSUPPLY": 15.9,
    "INEFFICIENT": 8.0
  },
  "total_revenue": 1889917.561887255,
  "total_contribution": 1011592.5618872549,
  "total_planned_kms": 35133.0,
  "depot_avg_epk": 52.1183492764954,
  "depot_avg_or": 0.8343319144794085,
  "revenue_by_quadrant": {
    "INEFFICIENT": 26195.10151099787,
    "OVERSUPPLY": 207627.04379409706,
    "UNDERSUPPLY": 1656095.4165821602
  },
  "contribution_by_quadrant": {
    "INEFFICIENT": -23354.898489002135,
    "OVERSUPPLY": 70102.04379409704,
    "UNDERSUPPLY": 964845.41658216
  }
}