{
  "depot": "MAHABOOBABAD",
  "target_date": "2026-05-14",
  "predicted_depot_pkm": 1409497.875,
  "total_services": 76,
  "count_add_slot": 37,
  "count_cut": 3,
  "count_no_change": 36,
  "total_allocated_pkm": 1285652.0640872538,
  "quadrant_counts": {
    "UNDERSUPPLY": 54,
    "OVERSUPPLY": 17,
    "INEFFICIENT": 5
  },
  "quadrant_pcts": {
    "UNDERSUPPLY": 71.1,
    "OVERSUPPLY": 22.4,
    "INEFFICIENT": 6.6
  },
  "total_revenue": 1489518.3823164138,
  "total_contribution": 931030.592316414,
  "total_planned_kms": 31066.0,
  "depot_avg_epk": 47.42018194706932,
  "depot_avg_or": 0.7661567308489574,
  "revenue_by_quadrant": {
    "INEFFICIENT": 3753.5751656291604,
    "OVERSUPPLY": 237304.18660095092,
    "UNDERSUPPLY": 1248460.6205498339
  },
  "contribution_by_quadrant": {
    "INEFFICIENT": -30439.804834370836,
    "OVERSUPPLY": 107924.50660095092,
    "UNDERSUPPLY": 853545.8905498339
  }
}