{
  "depot": "KARIMNAGAR-I",
  "target_date": "2026-05-14",
  "predicted_depot_pkm": 1740474.875,
  "total_services": 108,
  "count_add_slot": 24,
  "count_cut": 7,
  "count_no_change": 77,
  "total_allocated_pkm": 1597684.8886368428,
  "quadrant_counts": {
    "UNDERSUPPLY": 74,
    "OVERSUPPLY": 25,
    "INEFFICIENT": 9
  },
  "quadrant_pcts": {
    "UNDERSUPPLY": 68.5,
    "OVERSUPPLY": 23.1,
    "INEFFICIENT": 8.3
  },
  "total_revenue": 2006426.3647667938,
  "total_contribution": 868894.604766794,
  "total_planned_kms": 47350.0,
  "depot_avg_epk": 44.20801148431074,
  "depot_avg_or": 0.7074555633823025,
  "revenue_by_quadrant": {
    "INEFFICIENT": 10491.88261835645,
    "OVERSUPPLY": 468075.4694714034,
    "UNDERSUPPLY": 1527859.0126770341
  },
  "contribution_by_quadrant": {
    "INEFFICIENT": -111931.25738164355,
    "OVERSUPPLY": 221170.2494714034,
    "UNDERSUPPLY": 759655.6126770342
  }
}