{
  "depot": "RANIGUNJ-I",
  "target_date": "2026-05-14",
  "predicted_depot_pkm": 1718571.0,
  "total_services": 222,
  "count_add_slot": 174,
  "count_cut": 0,
  "count_no_change": 48,
  "total_allocated_pkm": 1580911.8768206905,
  "quadrant_counts": {
    "UNDERSUPPLY": 193,
    "OVERSUPPLY": 23,
    "INEFFICIENT": 6
  },
  "quadrant_pcts": {
    "UNDERSUPPLY": 86.9,
    "OVERSUPPLY": 10.4,
    "INEFFICIENT": 2.7
  },
  "total_revenue": 2315984.777875747,
  "total_contribution": 1426822.7778757473,
  "total_planned_kms": 35566.479999999996,
  "depot_avg_epk": 66.18337608373206,
  "depot_avg_or": 1.1291325099015694,
  "revenue_by_quadrant": {
    "INEFFICIENT": 21316.731600016705,
    "OVERSUPPLY": 158748.78468937808,
    "UNDERSUPPLY": 2135919.2615863523
  },
  "contribution_by_quadrant": {
    "INEFFICIENT": -6708.268399983295,
    "OVERSUPPLY": 54086.28468937809,
    "UNDERSUPPLY": 1379444.7615863525
  }
}