{
  "depot": "JEEDIMETLA",
  "target_date": "2026-05-14",
  "predicted_depot_pkm": 1723006.875,
  "total_services": 209,
  "count_add_slot": 127,
  "count_cut": 0,
  "count_no_change": 82,
  "total_allocated_pkm": 1574387.588171327,
  "quadrant_counts": {
    "UNDERSUPPLY": 172,
    "OVERSUPPLY": 29,
    "INEFFICIENT": 8
  },
  "quadrant_pcts": {
    "UNDERSUPPLY": 82.3,
    "OVERSUPPLY": 13.9,
    "INEFFICIENT": 3.8
  },
  "total_revenue": 2190515.4793744595,
  "total_contribution": 1220290.4793744595,
  "total_planned_kms": 38809.0,
  "depot_avg_epk": 57.77154370345155,
  "depot_avg_or": 0.9171137230363566,
  "revenue_by_quadrant": {
    "INEFFICIENT": 28749.317820256118,
    "OVERSUPPLY": 231092.04107571862,
    "UNDERSUPPLY": 1930674.1204784848
  },
  "contribution_by_quadrant": {
    "INEFFICIENT": -5525.682179743882,
    "OVERSUPPLY": 76717.04107571862,
    "UNDERSUPPLY": 1149099.1204784848
  }
}