{
  "depot": "SURYAPET",
  "target_date": "2026-05-14",
  "predicted_depot_pkm": 2707015.75,
  "total_services": 156,
  "count_add_slot": 11,
  "count_cut": 0,
  "count_no_change": 145,
  "total_allocated_pkm": 2573106.622559134,
  "quadrant_counts": {
    "OVERSUPPLY": 75,
    "UNDERSUPPLY": 70,
    "INEFFICIENT": 11
  },
  "quadrant_pcts": {
    "OVERSUPPLY": 48.1,
    "UNDERSUPPLY": 44.9,
    "INEFFICIENT": 7.1
  },
  "total_revenue": 3172380.521477353,
  "total_contribution": 1426305.5214773524,
  "total_planned_kms": 69843.0,
  "depot_avg_epk": 44.92443010309826,
  "depot_avg_or": 0.6644321174085542,
  "revenue_by_quadrant": {
    "INEFFICIENT": 107217.03452220329,
    "OVERSUPPLY": 1317115.721362647,
    "UNDERSUPPLY": 1748047.7655925022
  },
  "contribution_by_quadrant": {
    "INEFFICIENT": -23882.96547779671,
    "OVERSUPPLY": 509615.72136264684,
    "UNDERSUPPLY": 940572.7655925022
  }
}