{
  "depot": "MAHABOOBNAGAR",
  "target_date": "2026-05-14",
  "predicted_depot_pkm": 2457458.0,
  "total_services": 149,
  "count_add_slot": 64,
  "count_cut": 0,
  "count_no_change": 85,
  "total_allocated_pkm": 2324544.893068117,
  "quadrant_counts": {
    "UNDERSUPPLY": 110,
    "OVERSUPPLY": 26,
    "INEFFICIENT": 13
  },
  "quadrant_pcts": {
    "UNDERSUPPLY": 73.8,
    "OVERSUPPLY": 17.4,
    "INEFFICIENT": 8.7
  },
  "total_revenue": 2900101.913548375,
  "total_contribution": 1384765.9135483745,
  "total_planned_kms": 60613.44,
  "depot_avg_epk": 48.260381935458774,
  "depot_avg_or": 0.7904693051943849,
  "revenue_by_quadrant": {
    "INEFFICIENT": 47888.9587314654,
    "OVERSUPPLY": 476951.7663174751,
    "UNDERSUPPLY": 2375261.1884994344
  },
  "contribution_by_quadrant": {
    "INEFFICIENT": -87111.04126853461,
    "OVERSUPPLY": 160402.76631747515,
    "UNDERSUPPLY": 1311474.1884994342
  }
}