{
  "depot": "JANGAON",
  "target_date": "2026-05-14",
  "predicted_depot_pkm": 2271945.75,
  "total_services": 115,
  "count_add_slot": 55,
  "count_cut": 1,
  "count_no_change": 59,
  "total_allocated_pkm": 1985438.3574916993,
  "quadrant_counts": {
    "UNDERSUPPLY": 84,
    "OVERSUPPLY": 21,
    "INEFFICIENT": 10
  },
  "quadrant_pcts": {
    "UNDERSUPPLY": 73.0,
    "OVERSUPPLY": 18.3,
    "INEFFICIENT": 8.7
  },
  "total_revenue": 2291294.9163068435,
  "total_contribution": 1506417.2363068436,
  "total_planned_kms": 49455.0,
  "depot_avg_epk": 46.4983299586187,
  "depot_avg_or": 0.7844868502478216,
  "revenue_by_quadrant": {
    "INEFFICIENT": 6549.615346599505,
    "OVERSUPPLY": 347151.52869297314,
    "UNDERSUPPLY": 1937593.7722672713
  },
  "contribution_by_quadrant": {
    "INEFFICIENT": -70476.9046534005,
    "OVERSUPPLY": 177824.95869297313,
    "UNDERSUPPLY": 1399069.1822672712
  }
}