{
  "depot": "KUSHAIGUDA",
  "target_date": "2026-05-14",
  "predicted_depot_pkm": 1802589.125,
  "total_services": 226,
  "count_add_slot": 62,
  "count_cut": 0,
  "count_no_change": 164,
  "total_allocated_pkm": 1545079.133688273,
  "quadrant_counts": {
    "UNDERSUPPLY": 124,
    "OVERSUPPLY": 83,
    "INEFFICIENT": 19
  },
  "quadrant_pcts": {
    "UNDERSUPPLY": 54.9,
    "OVERSUPPLY": 36.7,
    "INEFFICIENT": 8.4
  },
  "total_revenue": 2134491.0626725103,
  "total_contribution": 1090591.0626725103,
  "total_planned_kms": 41756.0,
  "depot_avg_epk": 54.662212815775476,
  "depot_avg_or": 0.7596326644566312,
  "revenue_by_quadrant": {
    "INEFFICIENT": 82035.1043079072,
    "OVERSUPPLY": 668761.350993085,
    "UNDERSUPPLY": 1383694.6073715182
  },
  "contribution_by_quadrant": {
    "INEFFICIENT": -42464.8956920928,
    "OVERSUPPLY": 280761.35099308495,
    "UNDERSUPPLY": 852294.6073715183
  }
}