{
  "depot": "NARKATPALLY",
  "target_date": "2026-05-14",
  "predicted_depot_pkm": 736444.0625,
  "total_services": 26,
  "count_add_slot": 23,
  "count_cut": 0,
  "count_no_change": 3,
  "total_allocated_pkm": 665936.5724085956,
  "quadrant_counts": {
    "UNDERSUPPLY": 25,
    "OVERSUPPLY": 1
  },
  "quadrant_pcts": {
    "UNDERSUPPLY": 96.2,
    "OVERSUPPLY": 3.8
  },
  "total_revenue": 740513.820458587,
  "total_contribution": 481763.820458587,
  "total_planned_kms": 10350.0,
  "depot_avg_epk": 71.00685987592243,
  "depot_avg_or": 1.1498617791766292,
  "revenue_by_quadrant": {
    "OVERSUPPLY": 11958.281709457307,
    "UNDERSUPPLY": 728555.5387491296
  },
  "contribution_by_quadrant": {
    "OVERSUPPLY": 4258.281709457307,
    "UNDERSUPPLY": 477505.5387491296
  }
}