{
  "depot": "FAROOQNAGAR",
  "target_date": "2026-05-14",
  "predicted_depot_pkm": 1170224.375,
  "total_services": 153,
  "count_add_slot": 100,
  "count_cut": 0,
  "count_no_change": 53,
  "total_allocated_pkm": 1074265.9114825074,
  "quadrant_counts": {
    "UNDERSUPPLY": 115,
    "INEFFICIENT": 22,
    "OVERSUPPLY": 16
  },
  "quadrant_pcts": {
    "UNDERSUPPLY": 75.2,
    "INEFFICIENT": 14.4,
    "OVERSUPPLY": 10.5
  },
  "total_revenue": 1476456.9404055164,
  "total_contribution": 835656.9404055165,
  "total_planned_kms": 25632.0,
  "depot_avg_epk": 56.67397467329522,
  "depot_avg_or": 0.9002306368299844,
  "revenue_by_quadrant": {
    "INEFFICIENT": 16054.666686924225,
    "OVERSUPPLY": 80159.7829625786,
    "UNDERSUPPLY": 1380242.4907560137
  },
  "contribution_by_quadrant": {
    "INEFFICIENT": -77645.33331307577,
    "OVERSUPPLY": 25134.782962578596,
    "UNDERSUPPLY": 888167.4907560137
  }
}