{
  "depot": "CHENGICHERLA",
  "target_date": "2026-05-14",
  "predicted_depot_pkm": 1709745.75,
  "total_services": 192,
  "count_add_slot": 148,
  "count_cut": 0,
  "count_no_change": 44,
  "total_allocated_pkm": 1582965.41022822,
  "quadrant_counts": {
    "UNDERSUPPLY": 165,
    "OVERSUPPLY": 26,
    "INEFFICIENT": 1
  },
  "quadrant_pcts": {
    "UNDERSUPPLY": 85.9,
    "OVERSUPPLY": 13.5,
    "INEFFICIENT": 0.5
  },
  "total_revenue": 2150168.481355573,
  "total_contribution": 1243450.9813555726,
  "total_planned_kms": 36268.7,
  "depot_avg_epk": 60.916206482396746,
  "depot_avg_or": 1.0088698618685623,
  "revenue_by_quadrant": {
    "INEFFICIENT": 6817.609401855231,
    "OVERSUPPLY": 208884.29183319537,
    "UNDERSUPPLY": 1934466.5801205223
  },
  "contribution_by_quadrant": {
    "INEFFICIENT": -882.3905981447688,
    "OVERSUPPLY": 61034.291833195355,
    "UNDERSUPPLY": 1183299.0801205223
  }
}