{
  "depot": "NARAYANKHED",
  "target_date": "2026-05-14",
  "predicted_depot_pkm": 1146106.875,
  "total_services": 54,
  "count_add_slot": 18,
  "count_cut": 0,
  "count_no_change": 36,
  "total_allocated_pkm": 956387.6512994899,
  "quadrant_counts": {
    "UNDERSUPPLY": 31,
    "INEFFICIENT": 13,
    "OVERSUPPLY": 10
  },
  "quadrant_pcts": {
    "UNDERSUPPLY": 57.4,
    "INEFFICIENT": 24.1,
    "OVERSUPPLY": 18.5
  },
  "total_revenue": 1181311.349599058,
  "total_contribution": 567386.3495990584,
  "total_planned_kms": 24557.0,
  "depot_avg_epk": 44.59699097161516,
  "depot_avg_or": 0.6612396918180947,
  "revenue_by_quadrant": {
    "INEFFICIENT": 45563.382499811,
    "OVERSUPPLY": 162157.53461312014,
    "UNDERSUPPLY": 973590.4324861272
  },
  "contribution_by_quadrant": {
    "INEFFICIENT": -73286.617500189,
    "OVERSUPPLY": 51557.53461312012,
    "UNDERSUPPLY": 589115.4324861272
  }
}