{
  "depot": "ARMOOR",
  "target_date": "2026-05-14",
  "predicted_depot_pkm": 1585830.125,
  "total_services": 90,
  "count_add_slot": 36,
  "count_cut": 2,
  "count_no_change": 52,
  "total_allocated_pkm": 1353752.5564967534,
  "quadrant_counts": {
    "UNDERSUPPLY": 57,
    "OVERSUPPLY": 25,
    "INEFFICIENT": 8
  },
  "quadrant_pcts": {
    "UNDERSUPPLY": 63.3,
    "OVERSUPPLY": 27.8,
    "INEFFICIENT": 8.9
  },
  "total_revenue": 1713514.291890531,
  "total_contribution": 1032545.0918905312,
  "total_planned_kms": 36987.0,
  "depot_avg_epk": 46.308077932908866,
  "depot_avg_or": 0.7485475218443683,
  "revenue_by_quadrant": {
    "INEFFICIENT": 3354.512624031537,
    "OVERSUPPLY": 316609.01344646805,
    "UNDERSUPPLY": 1393550.7658200315
  },
  "contribution_by_quadrant": {
    "INEFFICIENT": -56811.42737596846,
    "OVERSUPPLY": 141337.4334464681,
    "UNDERSUPPLY": 948019.0858200316
  }
}