{
  "depot": "JAGITYAL",
  "target_date": "2026-05-14",
  "predicted_depot_pkm": 1982853.375,
  "total_services": 111,
  "count_add_slot": 44,
  "count_cut": 8,
  "count_no_change": 59,
  "total_allocated_pkm": 1775856.9343007293,
  "quadrant_counts": {
    "UNDERSUPPLY": 74,
    "OVERSUPPLY": 26,
    "INEFFICIENT": 11
  },
  "quadrant_pcts": {
    "UNDERSUPPLY": 66.7,
    "OVERSUPPLY": 23.4,
    "INEFFICIENT": 9.9
  },
  "total_revenue": 2191491.911312466,
  "total_contribution": 1011041.9113124663,
  "total_planned_kms": 47218.0,
  "depot_avg_epk": 46.4282558284083,
  "depot_avg_or": 0.7607603454803695,
  "revenue_by_quadrant": {
    "INEFFICIENT": 14133.698911145311,
    "OVERSUPPLY": 532584.2262368861,
    "UNDERSUPPLY": 1644773.9861644348
  },
  "contribution_by_quadrant": {
    "INEFFICIENT": -86866.30108885469,
    "OVERSUPPLY": 183734.2262368861,
    "UNDERSUPPLY": 914173.9861644349
  }
}