{
  "depot": "UTNOOR",
  "target_date": "2026-05-14",
  "predicted_depot_pkm": 868011.6875,
  "total_services": 37,
  "count_add_slot": 31,
  "count_cut": 0,
  "count_no_change": 6,
  "total_allocated_pkm": 856363.2176015306,
  "quadrant_counts": {
    "UNDERSUPPLY": 34,
    "OVERSUPPLY": 3
  },
  "quadrant_pcts": {
    "UNDERSUPPLY": 91.9,
    "OVERSUPPLY": 8.1
  },
  "total_revenue": 1036075.6439905572,
  "total_contribution": 647475.6439905572,
  "total_planned_kms": 15544.0,
  "depot_avg_epk": 68.11394244143148,
  "depot_avg_or": 1.0793819900079875,
  "revenue_by_quadrant": {
    "OVERSUPPLY": 80274.51330330927,
    "UNDERSUPPLY": 955801.1306872477
  },
  "contribution_by_quadrant": {
    "OVERSUPPLY": 31974.513303309264,
    "UNDERSUPPLY": 615501.1306872477
  }
}