{
  "depot": "MANCHERIAL",
  "target_date": "2026-05-14",
  "predicted_depot_pkm": 2235797.25,
  "total_services": 146,
  "count_add_slot": 36,
  "count_cut": 0,
  "count_no_change": 110,
  "total_allocated_pkm": 2139532.6183633767,
  "quadrant_counts": {
    "UNDERSUPPLY": 90,
    "OVERSUPPLY": 49,
    "INEFFICIENT": 7
  },
  "quadrant_pcts": {
    "UNDERSUPPLY": 61.6,
    "OVERSUPPLY": 33.6,
    "INEFFICIENT": 4.8
  },
  "total_revenue": 2746395.1342948703,
  "total_contribution": 1202820.1342948698,
  "total_planned_kms": 61743.0,
  "depot_avg_epk": 44.198822442697434,
  "depot_avg_or": 0.7172220032238427,
  "revenue_by_quadrant": {
    "INEFFICIENT": 25426.95814505151,
    "OVERSUPPLY": 888588.6788949007,
    "UNDERSUPPLY": 1832379.4972549176
  },
  "contribution_by_quadrant": {
    "INEFFICIENT": -31148.04185494849,
    "OVERSUPPLY": 315813.6788949007,
    "UNDERSUPPLY": 918154.4972549177
  }
}