{
  "depot": "BHEL",
  "target_date": "2026-05-14",
  "predicted_depot_pkm": 1300415.125,
  "total_services": 78,
  "count_add_slot": 0,
  "count_cut": 0,
  "count_no_change": 78,
  "total_allocated_pkm": 1094902.6051748588,
  "quadrant_counts": {
    "OVERSUPPLY": 69,
    "INEFFICIENT": 7,
    "UNDERSUPPLY": 2
  },
  "quadrant_pcts": {
    "OVERSUPPLY": 88.5,
    "INEFFICIENT": 9.0,
    "UNDERSUPPLY": 2.6
  },
  "total_revenue": 2288240.9855191135,
  "total_contribution": 867465.9855191135,
  "total_planned_kms": 56831.0,
  "depot_avg_epk": 39.12838360520848,
  "depot_avg_or": 0.5332746411137043,
  "revenue_by_quadrant": {
    "INEFFICIENT": 24197.88995778269,
    "OVERSUPPLY": 2212826.541931949,
    "UNDERSUPPLY": 51216.55362938187
  },
  "contribution_by_quadrant": {
    "INEFFICIENT": -90627.1100422173,
    "OVERSUPPLY": 932026.541931949,
    "UNDERSUPPLY": 26066.55362938187
  }
}