{
  "depot": "KALVAKURTHY",
  "target_date": "2026-05-14",
  "predicted_depot_pkm": 1988568.25,
  "total_services": 98,
  "count_add_slot": 50,
  "count_cut": 1,
  "count_no_change": 47,
  "total_allocated_pkm": 1860881.4896301515,
  "quadrant_counts": {
    "UNDERSUPPLY": 68,
    "OVERSUPPLY": 24,
    "INEFFICIENT": 6
  },
  "quadrant_pcts": {
    "UNDERSUPPLY": 69.4,
    "OVERSUPPLY": 24.5,
    "INEFFICIENT": 6.1
  },
  "total_revenue": 2119085.6075358926,
  "total_contribution": 1034110.6075358926,
  "total_planned_kms": 43399.0,
  "depot_avg_epk": 48.771147545997884,
  "depot_avg_or": 0.811670818543813,
  "revenue_by_quadrant": {
    "INEFFICIENT": 28413.275361373824,
    "OVERSUPPLY": 431278.54079713114,
    "UNDERSUPPLY": 1659393.7913773877
  },
  "contribution_by_quadrant": {
    "INEFFICIENT": -28686.724638626176,
    "OVERSUPPLY": 136878.54079713117,
    "UNDERSUPPLY": 925918.7913773877
  }
}