{
  "depot": "WARANGAL-I",
  "target_date": "2026-03-21",
  "predicted_depot_pkm": 1979117.375,
  "total_services": 132,
  "count_add_slot": 15,
  "count_cut": 1,
  "count_no_change": 116,
  "total_allocated_pkm": 1821453.6881798569,
  "quadrant_counts": {
    "OVERSUPPLY": 70,
    "UNDERSUPPLY": 55,
    "INEFFICIENT": 7
  },
  "quadrant_pcts": {
    "OVERSUPPLY": 53.0,
    "UNDERSUPPLY": 41.7,
    "INEFFICIENT": 5.3
  },
  "total_revenue": 2689612.5108450297,
  "total_contribution": 1146581.93084503,
  "total_planned_kms": 68078.0,
  "depot_avg_epk": 41.114724810706676,
  "depot_avg_or": 0.6359467256033606,
  "revenue_by_quadrant": {
    "INEFFICIENT": 40986.48132858603,
    "OVERSUPPLY": 1647540.2569515938,
    "UNDERSUPPLY": 1001085.7725648502
  },
  "contribution_by_quadrant": {
    "INEFFICIENT": -22708.61867141398,
    "OVERSUPPLY": 701007.2369515939,
    "UNDERSUPPLY": 468283.3125648501
  }
}