{
  "depot": "JANGAON",
  "target_date": "2026-03-21",
  "predicted_depot_pkm": 2190989.5,
  "total_services": 115,
  "count_add_slot": 48,
  "count_cut": 1,
  "count_no_change": 66,
  "total_allocated_pkm": 2040714.2284363676,
  "quadrant_counts": {
    "UNDERSUPPLY": 85,
    "OVERSUPPLY": 26,
    "INEFFICIENT": 4
  },
  "quadrant_pcts": {
    "UNDERSUPPLY": 73.9,
    "OVERSUPPLY": 22.6,
    "INEFFICIENT": 3.5
  },
  "total_revenue": 2392685.9830265017,
  "total_contribution": 1607808.3030265013,
  "total_planned_kms": 49455.0,
  "depot_avg_epk": 48.3607357015816,
  "depot_avg_or": 0.7982971849654159,
  "revenue_by_quadrant": {
    "INEFFICIENT": 23046.555008410443,
    "OVERSUPPLY": 457089.58943367045,
    "UNDERSUPPLY": 1912549.8385844205
  },
  "contribution_by_quadrant": {
    "INEFFICIENT": -6564.724991589557,
    "OVERSUPPLY": 243709.34943367043,
    "UNDERSUPPLY": 1370663.6785844204
  }
}