{
  "depot": "CONTONMENT",
  "target_date": "2026-03-21",
  "predicted_depot_pkm": 1467798.0,
  "total_services": 280,
  "count_add_slot": 74,
  "count_cut": 0,
  "count_no_change": 206,
  "total_allocated_pkm": 1313442.250194692,
  "quadrant_counts": {
    "UNDERSUPPLY": 119,
    "OVERSUPPLY": 85,
    "INEFFICIENT": 63,
    "SOCIAL_OBLIGATION": 13
  },
  "quadrant_pcts": {
    "UNDERSUPPLY": 42.5,
    "OVERSUPPLY": 30.4,
    "INEFFICIENT": 22.5,
    "SOCIAL_OBLIGATION": 4.6
  },
  "total_revenue": 2057940.686964145,
  "total_contribution": 596742.0019641451,
  "total_planned_kms": 46119.0,
  "depot_avg_epk": 47.0442849040116,
  "depot_avg_or": 0.6871797685783037,
  "revenue_by_quadrant": {
    "INEFFICIENT": 229723.5748330874,
    "OVERSUPPLY": 636781.0338703297,
    "SOCIAL_OBLIGATION": 96952.5115061998,
    "UNDERSUPPLY": 1094483.566754528
  },
  "contribution_by_quadrant": {
    "INEFFICIENT": -224228.25016691262,
    "OVERSUPPLY": 245861.8238703297,
    "SOCIAL_OBLIGATION": -8020.188493800196,
    "UNDERSUPPLY": 583128.6167545281
  }
}