{
  "depot": "ARMOOR",
  "target_date": "2026-04-27",
  "predicted_depot_pkm": 1437120.5,
  "total_services": 90,
  "count_add_slot": 27,
  "count_cut": 0,
  "count_no_change": 63,
  "total_allocated_pkm": 1244488.8968173482,
  "quadrant_counts": {
    "UNDERSUPPLY": 52,
    "OVERSUPPLY": 28,
    "INEFFICIENT": 10
  },
  "quadrant_pcts": {
    "UNDERSUPPLY": 57.8,
    "OVERSUPPLY": 31.1,
    "INEFFICIENT": 11.1
  },
  "total_revenue": 1547126.2600372229,
  "total_contribution": 866157.0600372227,
  "total_planned_kms": 36987.0,
  "depot_avg_epk": 42.035214017478665,
  "depot_avg_or": 0.6809457347219744,
  "revenue_by_quadrant": {
    "INEFFICIENT": 17169.992366359733,
    "OVERSUPPLY": 370053.9605568156,
    "UNDERSUPPLY": 1159902.3071140475
  },
  "contribution_by_quadrant": {
    "INEFFICIENT": -57392.84763364027,
    "OVERSUPPLY": 156679.2605568156,
    "UNDERSUPPLY": 766870.6471140474
  }
}