{
  "depot": "BHUPALAPALLAY",
  "target_date": "2026-04-27",
  "predicted_depot_pkm": 1471536.625,
  "total_services": 86,
  "count_add_slot": 18,
  "count_cut": 0,
  "count_no_change": 68,
  "total_allocated_pkm": 1335433.6087234258,
  "quadrant_counts": {
    "UNDERSUPPLY": 45,
    "OVERSUPPLY": 34,
    "INEFFICIENT": 7
  },
  "quadrant_pcts": {
    "UNDERSUPPLY": 52.3,
    "OVERSUPPLY": 39.5,
    "INEFFICIENT": 8.1
  },
  "total_revenue": 1688822.2799204646,
  "total_contribution": 851770.9399204645,
  "total_planned_kms": 40104.0,
  "depot_avg_epk": 42.097933055827234,
  "depot_avg_or": 0.6548263901380627,
  "revenue_by_quadrant": {
    "INEFFICIENT": 13089.499220222157,
    "OVERSUPPLY": 554561.780380782,
    "UNDERSUPPLY": 1121171.0003194604
  },
  "contribution_by_quadrant": {
    "INEFFICIENT": -49362.180779777846,
    "OVERSUPPLY": 242707.52038078193,
    "UNDERSUPPLY": 658425.6003194604
  }
}