{
  "depot": "IBRAHIMPATNAM",
  "target_date": "2026-04-27",
  "predicted_depot_pkm": 1921372.0,
  "total_services": 189,
  "count_add_slot": 123,
  "count_cut": 0,
  "count_no_change": 66,
  "total_allocated_pkm": 1731928.5522926345,
  "quadrant_counts": {
    "UNDERSUPPLY": 151,
    "OVERSUPPLY": 28,
    "INEFFICIENT": 10
  },
  "quadrant_pcts": {
    "UNDERSUPPLY": 79.9,
    "OVERSUPPLY": 14.8,
    "INEFFICIENT": 5.3
  },
  "total_revenue": 2316250.630212022,
  "total_contribution": 1437660.4982120222,
  "total_planned_kms": 44778.7,
  "depot_avg_epk": 54.72173782494076,
  "depot_avg_or": 0.8922871768358751,
  "revenue_by_quadrant": {
    "INEFFICIENT": 36235.200715329745,
    "OVERSUPPLY": 215625.09799590253,
    "UNDERSUPPLY": 2064390.3315007898
  },
  "contribution_by_quadrant": {
    "INEFFICIENT": -18097.27928467025,
    "OVERSUPPLY": 51864.577995902546,
    "UNDERSUPPLY": 1403893.1995007899
  }
}