{
  "depot": "MAHABOOBABAD",
  "target_date": "2026-04-27",
  "predicted_depot_pkm": 1391373.875,
  "total_services": 76,
  "count_add_slot": 31,
  "count_cut": 0,
  "count_no_change": 45,
  "total_allocated_pkm": 1284509.679009338,
  "quadrant_counts": {
    "UNDERSUPPLY": 52,
    "OVERSUPPLY": 18,
    "INEFFICIENT": 6
  },
  "quadrant_pcts": {
    "UNDERSUPPLY": 68.4,
    "OVERSUPPLY": 23.7,
    "INEFFICIENT": 7.9
  },
  "total_revenue": 1489839.1073656518,
  "total_contribution": 931351.3173656511,
  "total_planned_kms": 31066.0,
  "depot_avg_epk": 47.42304399285822,
  "depot_avg_or": 0.7655761522057553,
  "revenue_by_quadrant": {
    "INEFFICIENT": 14775.324003760934,
    "OVERSUPPLY": 247874.80691390557,
    "UNDERSUPPLY": 1227188.9764479846
  },
  "contribution_by_quadrant": {
    "INEFFICIENT": -25245.855996239065,
    "OVERSUPPLY": 114347.30691390557,
    "UNDERSUPPLY": 842249.8664479847
  }
}