{
  "depot": "JANGAON",
  "target_date": "2026-03-01",
  "predicted_depot_pkm": 2258326.5,
  "total_services": 115,
  "count_add_slot": 60,
  "count_cut": 0,
  "count_no_change": 55,
  "total_allocated_pkm": 2135288.8914677165,
  "quadrant_counts": {
    "UNDERSUPPLY": 91,
    "OVERSUPPLY": 20,
    "INEFFICIENT": 4
  },
  "quadrant_pcts": {
    "UNDERSUPPLY": 79.1,
    "OVERSUPPLY": 17.4,
    "INEFFICIENT": 3.5
  },
  "total_revenue": 2449574.598748655,
  "total_contribution": 1664696.9187486551,
  "total_planned_kms": 49455.0,
  "depot_avg_epk": 49.66498073705443,
  "depot_avg_or": 0.8371413065211069,
  "revenue_by_quadrant": {
    "INEFFICIENT": 14118.38756914752,
    "OVERSUPPLY": 351049.95066125726,
    "UNDERSUPPLY": 2084406.26051825
  },
  "contribution_by_quadrant": {
    "INEFFICIENT": -11836.652430852482,
    "OVERSUPPLY": 186678.81066125727,
    "UNDERSUPPLY": 1489854.76051825
  }
}