{
  "depot": "MAHABOOBABAD",
  "target_date": "2026-03-30",
  "predicted_depot_pkm": 1486871.75,
  "total_services": 76,
  "count_add_slot": 47,
  "count_cut": 2,
  "count_no_change": 27,
  "total_allocated_pkm": 1392744.7172447601,
  "quadrant_counts": {
    "UNDERSUPPLY": 57,
    "OVERSUPPLY": 14,
    "INEFFICIENT": 5
  },
  "quadrant_pcts": {
    "UNDERSUPPLY": 75.0,
    "OVERSUPPLY": 18.4,
    "INEFFICIENT": 6.6
  },
  "total_revenue": 1618644.1435828558,
  "total_contribution": 1060156.3535828558,
  "total_planned_kms": 31066.0,
  "depot_avg_epk": 51.2667104309877,
  "depot_avg_or": 0.8514153471537718,
  "revenue_by_quadrant": {
    "INEFFICIENT": 12597.553981621255,
    "OVERSUPPLY": 202310.57992601453,
    "UNDERSUPPLY": 1403736.00967522
  },
  "contribution_by_quadrant": {
    "INEFFICIENT": -21595.826018378742,
    "OVERSUPPLY": 99463.74992601453,
    "UNDERSUPPLY": 982288.4296752198
  }
}