{
  "depot": "HAKIMPET",
  "target_date": "2026-03-30",
  "predicted_depot_pkm": 1522614.5,
  "total_services": 147,
  "count_add_slot": 57,
  "count_cut": 0,
  "count_no_change": 90,
  "total_allocated_pkm": 1438151.2066313603,
  "quadrant_counts": {
    "UNDERSUPPLY": 128,
    "OVERSUPPLY": 19
  },
  "quadrant_pcts": {
    "UNDERSUPPLY": 87.1,
    "OVERSUPPLY": 12.9
  },
  "total_revenue": 1936072.629547507,
  "total_contribution": 1127337.319547507,
  "total_planned_kms": 30757.0,
  "depot_avg_epk": 63.45760311604644,
  "depot_avg_or": 0.85844219608191,
  "revenue_by_quadrant": {
    "OVERSUPPLY": 210667.87348043703,
    "UNDERSUPPLY": 1725404.75606707
  },
  "contribution_by_quadrant": {
    "OVERSUPPLY": 98003.31348043702,
    "UNDERSUPPLY": 1029334.0060670698
  }
}