{
  "depot": "HANAMKONDA",
  "target_date": "2026-03-30",
  "predicted_depot_pkm": 2489548.25,
  "total_services": 169,
  "count_add_slot": 85,
  "count_cut": 0,
  "count_no_change": 84,
  "total_allocated_pkm": 2301380.059240176,
  "quadrant_counts": {
    "UNDERSUPPLY": 116,
    "OVERSUPPLY": 46,
    "INEFFICIENT": 5,
    "SOCIAL_OBLIGATION": 2
  },
  "quadrant_pcts": {
    "UNDERSUPPLY": 68.6,
    "OVERSUPPLY": 27.2,
    "INEFFICIENT": 3.0,
    "SOCIAL_OBLIGATION": 1.2
  },
  "total_revenue": 2840763.2043409543,
  "total_contribution": 1348220.694340954,
  "total_planned_kms": 53984.0,
  "depot_avg_epk": 58.526240129217314,
  "depot_avg_or": 0.8354796829552213,
  "revenue_by_quadrant": {
    "INEFFICIENT": 60592.26099213713,
    "OVERSUPPLY": 698582.4839395626,
    "SOCIAL_OBLIGATION": 24002.118845399866,
    "UNDERSUPPLY": 2057586.3405638547
  },
  "contribution_by_quadrant": {
    "INEFFICIENT": -9332.009007862873,
    "OVERSUPPLY": 360760.4039395626,
    "SOCIAL_OBLIGATION": -1364.5911546001353,
    "UNDERSUPPLY": 998156.8905638546
  }
}