{
  "depot": "THORROR",
  "target_date": "2026-03-30",
  "predicted_depot_pkm": 2138621.25,
  "total_services": 94,
  "count_add_slot": 70,
  "count_cut": 1,
  "count_no_change": 23,
  "total_allocated_pkm": 2029994.1776996157,
  "quadrant_counts": {
    "UNDERSUPPLY": 83,
    "OVERSUPPLY": 10,
    "INEFFICIENT": 1
  },
  "quadrant_pcts": {
    "UNDERSUPPLY": 88.3,
    "OVERSUPPLY": 10.6,
    "INEFFICIENT": 1.1
  },
  "total_revenue": 2523469.4728315608,
  "total_contribution": 1585738.7028315607,
  "total_planned_kms": 40942.0,
  "depot_avg_epk": 61.78318467606903,
  "depot_avg_or": 0.9836278330784894,
  "revenue_by_quadrant": {
    "INEFFICIENT": 0.0,
    "OVERSUPPLY": 144475.74183303257,
    "UNDERSUPPLY": 2378993.730998528
  },
  "contribution_by_quadrant": {
    "INEFFICIENT": -10353.57,
    "OVERSUPPLY": 61573.16183303256,
    "UNDERSUPPLY": 1534519.1109985283
  }
}