{
  "depot": "ARMOOR",
  "target_date": "2026-03-30",
  "predicted_depot_pkm": 1592434.625,
  "total_services": 90,
  "count_add_slot": 44,
  "count_cut": 2,
  "count_no_change": 44,
  "total_allocated_pkm": 1399489.5095571284,
  "quadrant_counts": {
    "UNDERSUPPLY": 57,
    "OVERSUPPLY": 24,
    "INEFFICIENT": 9
  },
  "quadrant_pcts": {
    "UNDERSUPPLY": 63.3,
    "OVERSUPPLY": 26.7,
    "INEFFICIENT": 10.0
  },
  "total_revenue": 1729399.2178635395,
  "total_contribution": 1048430.0178635392,
  "total_planned_kms": 36987.0,
  "depot_avg_epk": 47.723770805660365,
  "depot_avg_or": 0.7775234039456447,
  "revenue_by_quadrant": {
    "INEFFICIENT": 18368.614924104735,
    "OVERSUPPLY": 423217.6287118387,
    "UNDERSUPPLY": 1287812.9742275958
  },
  "contribution_by_quadrant": {
    "INEFFICIENT": -51792.685075895264,
    "OVERSUPPLY": 202864.98871183867,
    "UNDERSUPPLY": 897357.7142275958
  }
}