{
  "depot": "CONTONMENT",
  "target_date": "2026-04-14",
  "predicted_depot_pkm": 1691352.625,
  "total_services": 280,
  "count_add_slot": 140,
  "count_cut": 0,
  "count_no_change": 140,
  "total_allocated_pkm": 1397065.9346382732,
  "quadrant_counts": {
    "UNDERSUPPLY": 161,
    "INEFFICIENT": 62,
    "OVERSUPPLY": 54,
    "SOCIAL_OBLIGATION": 3
  },
  "quadrant_pcts": {
    "UNDERSUPPLY": 57.5,
    "INEFFICIENT": 22.1,
    "OVERSUPPLY": 19.3,
    "SOCIAL_OBLIGATION": 1.1
  },
  "total_revenue": 2196130.499166218,
  "total_contribution": 735359.437766218,
  "total_planned_kms": 46115.74,
  "depot_avg_epk": 51.961591572054026,
  "depot_avg_or": 0.8294821566113689,
  "revenue_by_quadrant": {
    "INEFFICIENT": 163252.07458341448,
    "OVERSUPPLY": 368199.1848131263,
    "SOCIAL_OBLIGATION": 22821.754776839276,
    "UNDERSUPPLY": 1641857.4849928378
  },
  "contribution_by_quadrant": {
    "INEFFICIENT": -286767.70881658554,
    "OVERSUPPLY": 97964.0472131263,
    "SOCIAL_OBLIGATION": -836.1852231607254,
    "UNDERSUPPLY": 924999.2845928378
  }
}