{
  "depot": "JANGAON",
  "target_date": "2026-04-14",
  "predicted_depot_pkm": 2103990.25,
  "total_services": 115,
  "count_add_slot": 49,
  "count_cut": 0,
  "count_no_change": 66,
  "total_allocated_pkm": 1914383.874694755,
  "quadrant_counts": {
    "UNDERSUPPLY": 77,
    "OVERSUPPLY": 30,
    "INEFFICIENT": 8
  },
  "quadrant_pcts": {
    "UNDERSUPPLY": 67.0,
    "OVERSUPPLY": 26.1,
    "INEFFICIENT": 7.0
  },
  "total_revenue": 2210887.1931503774,
  "total_contribution": 1426009.5131503774,
  "total_planned_kms": 49455.0,
  "depot_avg_epk": 44.86710707648971,
  "depot_avg_or": 0.7562980991370724,
  "revenue_by_quadrant": {
    "INEFFICIENT": 9046.235992045378,
    "OVERSUPPLY": 467563.80143452686,
    "UNDERSUPPLY": 1734277.1557238053
  },
  "contribution_by_quadrant": {
    "INEFFICIENT": -48427.764007954625,
    "OVERSUPPLY": 225065.61143452683,
    "UNDERSUPPLY": 1249371.6657238053
  }
}