{
  "depot": "MAHABOOBABAD",
  "target_date": "2026-04-14",
  "predicted_depot_pkm": 1046038.875,
  "total_services": 76,
  "count_add_slot": 1,
  "count_cut": 0,
  "count_no_change": 75,
  "total_allocated_pkm": 1011499.5992879489,
  "quadrant_counts": {
    "OVERSUPPLY": 42,
    "UNDERSUPPLY": 27,
    "INEFFICIENT": 7
  },
  "quadrant_pcts": {
    "OVERSUPPLY": 55.3,
    "UNDERSUPPLY": 35.5,
    "INEFFICIENT": 9.2
  },
  "total_revenue": 1172899.4351076724,
  "total_contribution": 614411.6451076723,
  "total_planned_kms": 31066.0,
  "depot_avg_epk": 37.21912482274042,
  "depot_avg_or": 0.6001984639944716,
  "revenue_by_quadrant": {
    "INEFFICIENT": 19155.466294662925,
    "OVERSUPPLY": 611892.4596614991,
    "UNDERSUPPLY": 541851.5091515103
  },
  "contribution_by_quadrant": {
    "INEFFICIENT": -29806.993705337074,
    "OVERSUPPLY": 303854.6296614991,
    "UNDERSUPPLY": 340364.0091515103
  }
}