{
  "depot": "KARIMNAGAR-I",
  "target_date": "2026-04-14",
  "predicted_depot_pkm": 1621495.75,
  "total_services": 108,
  "count_add_slot": 14,
  "count_cut": 0,
  "count_no_change": 94,
  "total_allocated_pkm": 1533440.5250523656,
  "quadrant_counts": {
    "UNDERSUPPLY": 54,
    "OVERSUPPLY": 52,
    "INEFFICIENT": 2
  },
  "quadrant_pcts": {
    "UNDERSUPPLY": 50.0,
    "OVERSUPPLY": 48.1,
    "INEFFICIENT": 1.9
  },
  "total_revenue": 1893593.4794122004,
  "total_contribution": 756061.7194122004,
  "total_planned_kms": 47350.0,
  "depot_avg_epk": 42.06751587552163,
  "depot_avg_or": 0.6787271853605333,
  "revenue_by_quadrant": {
    "INEFFICIENT": 14253.00296527219,
    "OVERSUPPLY": 815482.3418743843,
    "UNDERSUPPLY": 1063858.134572544
  },
  "contribution_by_quadrant": {
    "INEFFICIENT": -68298.83703472781,
    "OVERSUPPLY": 330041.0418743844,
    "UNDERSUPPLY": 494319.5145725438
  }
}