{
  "depot": "WARANGAL-I",
  "target_date": "2026-04-14",
  "predicted_depot_pkm": 2058297.375,
  "total_services": 130,
  "count_add_slot": 19,
  "count_cut": 0,
  "count_no_change": 111,
  "total_allocated_pkm": 1966418.7642673657,
  "quadrant_counts": {
    "OVERSUPPLY": 71,
    "UNDERSUPPLY": 59
  },
  "quadrant_pcts": {
    "OVERSUPPLY": 54.6,
    "UNDERSUPPLY": 45.4
  },
  "total_revenue": 2881311.7128943945,
  "total_contribution": 1355917.6928943947,
  "total_planned_kms": 67106.0,
  "depot_avg_epk": 44.218327403815174,
  "depot_avg_or": 0.6866742977293431,
  "revenue_by_quadrant": {
    "OVERSUPPLY": 1637022.5793855991,
    "UNDERSUPPLY": 1244289.1335087956
  },
  "contribution_by_quadrant": {
    "OVERSUPPLY": 717272.6593855991,
    "UNDERSUPPLY": 638645.0335087955
  }
}