{
  "depot": "HYDERABAD-I",
  "target_date": "2026-04-14",
  "predicted_depot_pkm": 2306743.5,
  "total_services": 112,
  "count_add_slot": 60,
  "count_cut": 0,
  "count_no_change": 52,
  "total_allocated_pkm": 2059431.1831146686,
  "quadrant_counts": {
    "UNDERSUPPLY": 80,
    "OVERSUPPLY": 20,
    "INEFFICIENT": 12
  },
  "quadrant_pcts": {
    "UNDERSUPPLY": 71.4,
    "OVERSUPPLY": 17.9,
    "INEFFICIENT": 10.7
  },
  "total_revenue": 3047608.4723192905,
  "total_contribution": 1826887.2323192903,
  "total_planned_kms": 56941.0,
  "depot_avg_epk": 56.85590183675957,
  "depot_avg_or": 0.8201761142269491,
  "revenue_by_quadrant": {
    "INEFFICIENT": 23377.33652513315,
    "OVERSUPPLY": 623519.012525476,
    "UNDERSUPPLY": 2400712.123268681
  },
  "contribution_by_quadrant": {
    "INEFFICIENT": -124354.20347486685,
    "OVERSUPPLY": 269433.712525476,
    "UNDERSUPPLY": 1681807.7232686812
  }
}