{
  "depot": "BHUPALAPALLAY",
  "target_date": "2026-04-14",
  "predicted_depot_pkm": 1396491.25,
  "total_services": 86,
  "count_add_slot": 16,
  "count_cut": 0,
  "count_no_change": 70,
  "total_allocated_pkm": 1352992.7258141155,
  "quadrant_counts": {
    "UNDERSUPPLY": 44,
    "OVERSUPPLY": 35,
    "INEFFICIENT": 7
  },
  "quadrant_pcts": {
    "UNDERSUPPLY": 51.2,
    "OVERSUPPLY": 40.7,
    "INEFFICIENT": 8.1
  },
  "total_revenue": 1705548.7545366315,
  "total_contribution": 868497.4145366313,
  "total_planned_kms": 40104.0,
  "depot_avg_epk": 42.33452536580769,
  "depot_avg_or": 0.6577800921718067,
  "revenue_by_quadrant": {
    "INEFFICIENT": 32408.96493856343,
    "OVERSUPPLY": 573755.4292158893,
    "UNDERSUPPLY": 1099384.3603821786
  },
  "contribution_by_quadrant": {
    "INEFFICIENT": -30939.43506143657,
    "OVERSUPPLY": 244446.9092158893,
    "UNDERSUPPLY": 654989.9403821785
  }
}