{
  "depot": "BHUPALAPALLAY",
  "target_date": "2026-04-28",
  "predicted_depot_pkm": 1425185.5,
  "total_services": 86,
  "count_add_slot": 14,
  "count_cut": 0,
  "count_no_change": 72,
  "total_allocated_pkm": 1293423.3841920046,
  "quadrant_counts": {
    "UNDERSUPPLY": 40,
    "OVERSUPPLY": 38,
    "INEFFICIENT": 8
  },
  "quadrant_pcts": {
    "UNDERSUPPLY": 46.5,
    "OVERSUPPLY": 44.2,
    "INEFFICIENT": 9.3
  },
  "total_revenue": 1636041.6123406796,
  "total_contribution": 798990.2723406802,
  "total_planned_kms": 40104.0,
  "depot_avg_epk": 40.80581892153356,
  "depot_avg_or": 0.6351123988621512,
  "revenue_by_quadrant": {
    "INEFFICIENT": 23430.461766480057,
    "OVERSUPPLY": 635234.9375220707,
    "UNDERSUPPLY": 977376.2130521295
  },
  "contribution_by_quadrant": {
    "INEFFICIENT": -48500.61823351994,
    "OVERSUPPLY": 287265.9975220708,
    "UNDERSUPPLY": 560224.8930521294
  }
}