{
  "depot": "BANSWADA",
  "target_date": "2026-04-28",
  "predicted_depot_pkm": 1470985.0,
  "total_services": 92,
  "count_add_slot": 7,
  "count_cut": 0,
  "count_no_change": 85,
  "total_allocated_pkm": 1326255.6466187,
  "quadrant_counts": {
    "OVERSUPPLY": 45,
    "UNDERSUPPLY": 39,
    "INEFFICIENT": 8
  },
  "quadrant_pcts": {
    "OVERSUPPLY": 48.9,
    "UNDERSUPPLY": 42.4,
    "INEFFICIENT": 8.7
  },
  "total_revenue": 1582268.3432996157,
  "total_contribution": 878897.1532996157,
  "total_planned_kms": 37832.0,
  "depot_avg_epk": 40.90767056841676,
  "depot_avg_or": 0.6184859737630299,
  "revenue_by_quadrant": {
    "INEFFICIENT": 6160.546338168969,
    "OVERSUPPLY": 670483.8415752406,
    "UNDERSUPPLY": 905623.9553862062
  },
  "contribution_by_quadrant": {
    "INEFFICIENT": -52593.943661831036,
    "OVERSUPPLY": 340010.5115752406,
    "UNDERSUPPLY": 591480.5853862062
  }
}