{
  "depot": "NIZAMABAD-I",
  "target_date": "2026-04-28",
  "predicted_depot_pkm": 1451773.25,
  "total_services": 125,
  "count_add_slot": 8,
  "count_cut": 0,
  "count_no_change": 117,
  "total_allocated_pkm": 1222112.3127117737,
  "quadrant_counts": {
    "OVERSUPPLY": 80,
    "UNDERSUPPLY": 26,
    "INEFFICIENT": 19
  },
  "quadrant_pcts": {
    "OVERSUPPLY": 64.0,
    "UNDERSUPPLY": 20.8,
    "INEFFICIENT": 15.2
  },
  "total_revenue": 1618194.4856426604,
  "total_contribution": 630470.5056426604,
  "total_planned_kms": 51753.0,
  "depot_avg_epk": 33.2806611619046,
  "depot_avg_or": 0.5138115976429786,
  "revenue_by_quadrant": {
    "INEFFICIENT": 29933.752445722337,
    "OVERSUPPLY": 1080533.2150085245,
    "UNDERSUPPLY": 507727.5181884138
  },
  "contribution_by_quadrant": {
    "INEFFICIENT": -157889.80755427765,
    "OVERSUPPLY": 468597.81500852446,
    "UNDERSUPPLY": 319762.4981884138
  }
}