{
  "depot": "MAHABOOBABAD",
  "target_date": "2026-04-28",
  "predicted_depot_pkm": 1268915.25,
  "total_services": 76,
  "count_add_slot": 22,
  "count_cut": 0,
  "count_no_change": 54,
  "total_allocated_pkm": 1173335.5130625328,
  "quadrant_counts": {
    "UNDERSUPPLY": 43,
    "OVERSUPPLY": 27,
    "INEFFICIENT": 6
  },
  "quadrant_pcts": {
    "UNDERSUPPLY": 56.6,
    "OVERSUPPLY": 35.5,
    "INEFFICIENT": 7.9
  },
  "total_revenue": 1360458.230476762,
  "total_contribution": 801970.4404767618,
  "total_planned_kms": 31066.0,
  "depot_avg_epk": 43.32849256228008,
  "depot_avg_or": 0.6997121073745681,
  "revenue_by_quadrant": {
    "INEFFICIENT": 13588.21578366261,
    "OVERSUPPLY": 408973.5768601054,
    "UNDERSUPPLY": 937896.4378329938
  },
  "contribution_by_quadrant": {
    "INEFFICIENT": -26432.964216337386,
    "OVERSUPPLY": 202575.32686010542,
    "UNDERSUPPLY": 625828.0778329938
  }
}