{
  "depot": "JANGAON",
  "target_date": "2026-04-28",
  "predicted_depot_pkm": 1788802.75,
  "total_services": 115,
  "count_add_slot": 6,
  "count_cut": 0,
  "count_no_change": 109,
  "total_allocated_pkm": 1494606.5910677565,
  "quadrant_counts": {
    "OVERSUPPLY": 63,
    "UNDERSUPPLY": 41,
    "INEFFICIENT": 11
  },
  "quadrant_pcts": {
    "OVERSUPPLY": 54.8,
    "UNDERSUPPLY": 35.7,
    "INEFFICIENT": 9.6
  },
  "total_revenue": 1732654.6928494172,
  "total_contribution": 947777.0128494174,
  "total_planned_kms": 49455.0,
  "depot_avg_epk": 35.29052231363155,
  "depot_avg_or": 0.5917527340986817,
  "revenue_by_quadrant": {
    "INEFFICIENT": 17874.328180941997,
    "OVERSUPPLY": 899345.1670186183,
    "UNDERSUPPLY": 815435.1976498571
  },
  "contribution_by_quadrant": {
    "INEFFICIENT": -68103.471819058,
    "OVERSUPPLY": 465211.96701861825,
    "UNDERSUPPLY": 550668.5176498571
  }
}