{
  "depot": "WARANGAL-II",
  "target_date": "2026-04-28",
  "predicted_depot_pkm": 2507462.75,
  "total_services": 158,
  "count_add_slot": 29,
  "count_cut": 0,
  "count_no_change": 129,
  "total_allocated_pkm": 2479079.316938203,
  "quadrant_counts": {
    "UNDERSUPPLY": 75,
    "INEFFICIENT": 58,
    "OVERSUPPLY": 25
  },
  "quadrant_pcts": {
    "UNDERSUPPLY": 47.5,
    "INEFFICIENT": 36.7,
    "OVERSUPPLY": 15.8
  },
  "total_revenue": 3253378.2902236013,
  "total_contribution": 329947.3302236013,
  "total_planned_kms": 75132.0,
  "depot_avg_epk": 43.58185875552115,
  "depot_avg_or": 0.6771453430001128,
  "revenue_by_quadrant": {
    "INEFFICIENT": 849719.0507316218,
    "OVERSUPPLY": 460469.3001938813,
    "UNDERSUPPLY": 1943189.9392980982
  },
  "contribution_by_quadrant": {
    "INEFFICIENT": -325629.78926837817,
    "OVERSUPPLY": 41020.10019388133,
    "UNDERSUPPLY": 614557.0192980982
  }
}