{
  "depot": "HAKIMPET",
  "target_date": "2026-04-06",
  "predicted_depot_pkm": 1492217.75,
  "total_services": 147,
  "count_add_slot": 125,
  "count_cut": 0,
  "count_no_change": 22,
  "total_allocated_pkm": 1380730.553153202,
  "quadrant_counts": {
    "UNDERSUPPLY": 138,
    "OVERSUPPLY": 6,
    "INEFFICIENT": 3
  },
  "quadrant_pcts": {
    "UNDERSUPPLY": 93.9,
    "OVERSUPPLY": 4.1,
    "INEFFICIENT": 2.0
  },
  "total_revenue": 1861565.9437298714,
  "total_contribution": 1052781.5334298713,
  "total_planned_kms": 30758.690000000002,
  "depot_avg_epk": 60.58841532205426,
  "depot_avg_or": 1.0378293009113024,
  "revenue_by_quadrant": {
    "INEFFICIENT": 9198.610299687229,
    "OVERSUPPLY": 36198.651199943095,
    "UNDERSUPPLY": 1816168.6822302411
  },
  "contribution_by_quadrant": {
    "INEFFICIENT": -112.54970031277253,
    "OVERSUPPLY": 5762.171199943097,
    "UNDERSUPPLY": 1047131.9119302412
  }
}