{
  "depot": "WARANGAL-II",
  "target_date": "2026-04-06",
  "predicted_depot_pkm": 2872076.0,
  "total_services": 158,
  "count_add_slot": 56,
  "count_cut": 0,
  "count_no_change": 102,
  "total_allocated_pkm": 2850626.3739426816,
  "quadrant_counts": {
    "UNDERSUPPLY": 99,
    "INEFFICIENT": 34,
    "OVERSUPPLY": 18,
    "SOCIAL_OBLIGATION": 7
  },
  "quadrant_pcts": {
    "UNDERSUPPLY": 62.7,
    "INEFFICIENT": 21.5,
    "OVERSUPPLY": 11.4,
    "SOCIAL_OBLIGATION": 4.4
  },
  "total_revenue": 3747942.571621948,
  "total_contribution": 824511.6116219482,
  "total_planned_kms": 75132.0,
  "depot_avg_epk": 50.04968094984795,
  "depot_avg_or": 0.7797742789983557,
  "revenue_by_quadrant": {
    "INEFFICIENT": 547323.4119706535,
    "OVERSUPPLY": 380800.60583496996,
    "SOCIAL_OBLIGATION": 143245.4040983483,
    "UNDERSUPPLY": 2676573.1497179763
  },
  "contribution_by_quadrant": {
    "INEFFICIENT": -143382.48802934648,
    "OVERSUPPLY": 35814.52583496997,
    "SOCIAL_OBLIGATION": -4969.795901651669,
    "UNDERSUPPLY": 937049.3697179764
  }
}