{
  "depot": "HYDERABAD-II",
  "target_date": "2026-04-06",
  "predicted_depot_pkm": 1757593.0,
  "total_services": 94,
  "count_add_slot": 47,
  "count_cut": 0,
  "count_no_change": 47,
  "total_allocated_pkm": 1706698.8105162238,
  "quadrant_counts": {
    "UNDERSUPPLY": 67,
    "OVERSUPPLY": 27
  },
  "quadrant_pcts": {
    "UNDERSUPPLY": 71.3,
    "OVERSUPPLY": 28.7
  },
  "total_revenue": 2346245.711801428,
  "total_contribution": 1522544.2118014274,
  "total_planned_kms": 44645.0,
  "depot_avg_epk": 55.24025685517969,
  "depot_avg_or": 0.8756092040921597,
  "revenue_by_quadrant": {
    "OVERSUPPLY": 596264.4729900287,
    "UNDERSUPPLY": 1749981.2388113989
  },
  "contribution_by_quadrant": {
    "OVERSUPPLY": 292070.2729900287,
    "UNDERSUPPLY": 1230473.9388113988
  }
}