{
  "depot": "HYDERABAD-I",
  "target_date": "2026-03-16",
  "predicted_depot_pkm": 1908190.25,
  "total_services": 112,
  "count_add_slot": 48,
  "count_cut": 2,
  "count_no_change": 62,
  "total_allocated_pkm": 1848616.709274359,
  "quadrant_counts": {
    "UNDERSUPPLY": 64,
    "OVERSUPPLY": 44,
    "INEFFICIENT": 4
  },
  "quadrant_pcts": {
    "UNDERSUPPLY": 57.1,
    "OVERSUPPLY": 39.3,
    "INEFFICIENT": 3.6
  },
  "total_revenue": 2712838.4419784984,
  "total_contribution": 1492117.2019784981,
  "total_planned_kms": 56941.0,
  "depot_avg_epk": 51.148878187677795,
  "depot_avg_or": 0.7850111773981434,
  "revenue_by_quadrant": {
    "INEFFICIENT": 48368.00701257154,
    "OVERSUPPLY": 1000404.8097345327,
    "UNDERSUPPLY": 1664065.6252313938
  },
  "contribution_by_quadrant": {
    "INEFFICIENT": -26464.732987428455,
    "OVERSUPPLY": 377221.3097345327,
    "UNDERSUPPLY": 1141360.6252313938
  }
}