{
  "depot": "NIZAMABAD-I",
  "target_date": "2026-03-16",
  "predicted_depot_pkm": 1997899.75,
  "total_services": 125,
  "count_add_slot": 51,
  "count_cut": 0,
  "count_no_change": 74,
  "total_allocated_pkm": 1800247.335474211,
  "quadrant_counts": {
    "UNDERSUPPLY": 69,
    "OVERSUPPLY": 48,
    "INEFFICIENT": 8
  },
  "quadrant_pcts": {
    "UNDERSUPPLY": 55.2,
    "OVERSUPPLY": 38.4,
    "INEFFICIENT": 6.4
  },
  "total_revenue": 2379776.9515250325,
  "total_contribution": 1392052.9715250323,
  "total_planned_kms": 51753.0,
  "depot_avg_epk": 48.28031490906372,
  "depot_avg_or": 0.7452348686986404,
  "revenue_by_quadrant": {
    "INEFFICIENT": 35442.54298626214,
    "OVERSUPPLY": 809248.0919049123,
    "UNDERSUPPLY": 1535086.3166338583
  },
  "contribution_by_quadrant": {
    "INEFFICIENT": -62944.49701373787,
    "OVERSUPPLY": 413891.8519049122,
    "UNDERSUPPLY": 1041105.6166338582
  }
}