{
  "depot": "THORROR",
  "target_date": "2026-03-16",
  "predicted_depot_pkm": 2160614.75,
  "total_services": 94,
  "count_add_slot": 74,
  "count_cut": 3,
  "count_no_change": 17,
  "total_allocated_pkm": 2077197.4027507638,
  "quadrant_counts": {
    "UNDERSUPPLY": 84,
    "OVERSUPPLY": 7,
    "INEFFICIENT": 3
  },
  "quadrant_pcts": {
    "UNDERSUPPLY": 89.4,
    "OVERSUPPLY": 7.4,
    "INEFFICIENT": 3.2
  },
  "total_revenue": 2587463.0127105247,
  "total_contribution": 1649732.2427105238,
  "total_planned_kms": 40942.0,
  "depot_avg_epk": 63.35727984105905,
  "depot_avg_or": 1.007461772258295,
  "revenue_by_quadrant": {
    "INEFFICIENT": 10384.201672589825,
    "OVERSUPPLY": 107494.1812450587,
    "UNDERSUPPLY": 2469584.6297928756
  },
  "contribution_by_quadrant": {
    "INEFFICIENT": -12778.608327410177,
    "OVERSUPPLY": 46965.92124505869,
    "UNDERSUPPLY": 1615544.9297928757
  }
}