{
  "depot": "HYDERABAD-II",
  "target_date": "2026-03-16",
  "predicted_depot_pkm": 1673002.625,
  "total_services": 94,
  "count_add_slot": 49,
  "count_cut": 0,
  "count_no_change": 45,
  "total_allocated_pkm": 1641913.3599659228,
  "quadrant_counts": {
    "UNDERSUPPLY": 63,
    "OVERSUPPLY": 31
  },
  "quadrant_pcts": {
    "UNDERSUPPLY": 67.0,
    "OVERSUPPLY": 33.0
  },
  "total_revenue": 2250862.829387497,
  "total_contribution": 1427161.3293874972,
  "total_planned_kms": 44645.0,
  "depot_avg_epk": 53.86639421451778,
  "depot_avg_or": 0.8580277020377325,
  "revenue_by_quadrant": {
    "OVERSUPPLY": 633671.4610948111,
    "UNDERSUPPLY": 1617191.368292686
  },
  "contribution_by_quadrant": {
    "OVERSUPPLY": 287053.9610948111,
    "UNDERSUPPLY": 1140107.368292686
  }
}