{
  "depot": "IBRAHIMPATNAM",
  "target_date": "2026-03-16",
  "predicted_depot_pkm": 2203505.75,
  "total_services": 189,
  "count_add_slot": 92,
  "count_cut": 0,
  "count_no_change": 97,
  "total_allocated_pkm": 2102469.6050548535,
  "quadrant_counts": {
    "UNDERSUPPLY": 151,
    "OVERSUPPLY": 38
  },
  "quadrant_pcts": {
    "UNDERSUPPLY": 79.9,
    "OVERSUPPLY": 20.1
  },
  "total_revenue": 2856143.113892678,
  "total_contribution": 1977078.3338926777,
  "total_planned_kms": 44803.0,
  "depot_avg_epk": 65.40821534298051,
  "depot_avg_or": 0.8636144245084251,
  "revenue_by_quadrant": {
    "OVERSUPPLY": 421408.59821040777,
    "UNDERSUPPLY": 2434734.5156822703
  },
  "contribution_by_quadrant": {
    "OVERSUPPLY": 218053.23821040776,
    "UNDERSUPPLY": 1759025.0956822701
  }
}