{
  "depot": "CONTONMENT",
  "target_date": "2026-03-16",
  "predicted_depot_pkm": 1999036.5,
  "total_services": 280,
  "count_add_slot": 158,
  "count_cut": 0,
  "count_no_change": 122,
  "total_allocated_pkm": 1839482.9021617677,
  "quadrant_counts": {
    "UNDERSUPPLY": 182,
    "OVERSUPPLY": 75,
    "INEFFICIENT": 23
  },
  "quadrant_pcts": {
    "UNDERSUPPLY": 65.0,
    "OVERSUPPLY": 26.8,
    "INEFFICIENT": 8.2
  },
  "total_revenue": 2870592.989229831,
  "total_contribution": 1409394.3042298309,
  "total_planned_kms": 46119.0,
  "depot_avg_epk": 65.46140740507175,
  "depot_avg_or": 0.9589227959172844,
  "revenue_by_quadrant": {
    "INEFFICIENT": 66201.5630183803,
    "OVERSUPPLY": 545632.7991555051,
    "UNDERSUPPLY": 2258758.6270559453
  },
  "contribution_by_quadrant": {
    "INEFFICIENT": -174601.1019816197,
    "OVERSUPPLY": 161313.9791555052,
    "UNDERSUPPLY": 1422681.4270559454
  }
}