{
  "depot": "BHUPALAPALLAY",
  "target_date": "2026-03-16",
  "predicted_depot_pkm": 1725522.75,
  "total_services": 86,
  "count_add_slot": 51,
  "count_cut": 0,
  "count_no_change": 35,
  "total_allocated_pkm": 1669611.1810736384,
  "quadrant_counts": {
    "UNDERSUPPLY": 62,
    "OVERSUPPLY": 18,
    "INEFFICIENT": 6
  },
  "quadrant_pcts": {
    "UNDERSUPPLY": 72.1,
    "OVERSUPPLY": 20.9,
    "INEFFICIENT": 7.0
  },
  "total_revenue": 2108139.674142356,
  "total_contribution": 1271423.2941423561,
  "total_planned_kms": 40068.0,
  "depot_avg_epk": 52.456038509936334,
  "depot_avg_or": 0.8337262397374534,
  "revenue_by_quadrant": {
    "INEFFICIENT": 24775.73133130645,
    "OVERSUPPLY": 311934.3855855233,
    "UNDERSUPPLY": 1771429.557225526
  },
  "contribution_by_quadrant": {
    "INEFFICIENT": -30625.18866869355,
    "OVERSUPPLY": 145946.98558552333,
    "UNDERSUPPLY": 1156101.497225526
  }
}