{
  "depot": "IBRAHIMPATNAM",
  "target_date": "2026-04-13",
  "predicted_depot_pkm": 2140442.0,
  "total_services": 189,
  "count_add_slot": 143,
  "count_cut": 0,
  "count_no_change": 46,
  "total_allocated_pkm": 1999764.3529176684,
  "quadrant_counts": {
    "UNDERSUPPLY": 161,
    "OVERSUPPLY": 27,
    "INEFFICIENT": 1
  },
  "quadrant_pcts": {
    "UNDERSUPPLY": 85.2,
    "OVERSUPPLY": 14.3,
    "INEFFICIENT": 0.5
  },
  "total_revenue": 2672214.9392905654,
  "total_contribution": 1793624.8072905657,
  "total_planned_kms": 44778.7,
  "depot_avg_epk": 62.030617319969814,
  "depot_avg_or": 1.0123091896327872,
  "revenue_by_quadrant": {
    "INEFFICIENT": 6871.1301630528105,
    "OVERSUPPLY": 263823.6001454013,
    "UNDERSUPPLY": 2401520.208982112
  },
  "contribution_by_quadrant": {
    "INEFFICIENT": -124.06983694718929,
    "OVERSUPPLY": 100562.92014540135,
    "UNDERSUPPLY": 1693185.9569821118
  }
}