{
  "depot": "NIZAMABAD-I",
  "target_date": "2026-04-13",
  "predicted_depot_pkm": 1973386.25,
  "total_services": 125,
  "count_add_slot": 40,
  "count_cut": 0,
  "count_no_change": 85,
  "total_allocated_pkm": 1594270.4578498898,
  "quadrant_counts": {
    "UNDERSUPPLY": 59,
    "OVERSUPPLY": 50,
    "INEFFICIENT": 16
  },
  "quadrant_pcts": {
    "UNDERSUPPLY": 47.2,
    "OVERSUPPLY": 40.0,
    "INEFFICIENT": 12.8
  },
  "total_revenue": 2128912.0945058675,
  "total_contribution": 1141188.1145058672,
  "total_planned_kms": 51753.0,
  "depot_avg_epk": 43.76648596252126,
  "depot_avg_or": 0.6730007134641369,
  "revenue_by_quadrant": {
    "INEFFICIENT": 5387.642522405292,
    "OVERSUPPLY": 849305.9469027871,
    "UNDERSUPPLY": 1274218.5050806748
  },
  "contribution_by_quadrant": {
    "INEFFICIENT": -163039.0974775947,
    "OVERSUPPLY": 452292.28690278705,
    "UNDERSUPPLY": 851934.9250806749
  }
}