{
  "depot": "JANGAON",
  "target_date": "2026-04-13",
  "predicted_depot_pkm": 2170225.5,
  "total_services": 115,
  "count_add_slot": 60,
  "count_cut": 0,
  "count_no_change": 55,
  "total_allocated_pkm": 1979737.797988463,
  "quadrant_counts": {
    "UNDERSUPPLY": 79,
    "OVERSUPPLY": 27,
    "INEFFICIENT": 9
  },
  "quadrant_pcts": {
    "UNDERSUPPLY": 68.7,
    "OVERSUPPLY": 23.5,
    "INEFFICIENT": 7.8
  },
  "total_revenue": 2285048.6253339583,
  "total_contribution": 1500170.9453339588,
  "total_planned_kms": 49455.0,
  "depot_avg_epk": 46.39670436731214,
  "depot_avg_or": 0.7823319803801285,
  "revenue_by_quadrant": {
    "INEFFICIENT": 16464.856428219995,
    "OVERSUPPLY": 435017.3968553896,
    "UNDERSUPPLY": 1833566.3720503491
  },
  "contribution_by_quadrant": {
    "INEFFICIENT": -50069.143571780005,
    "OVERSUPPLY": 211983.5068553896,
    "UNDERSUPPLY": 1338256.582050349
  }
}