{
  "depot": "MAHABOOBABAD",
  "target_date": "2026-04-02",
  "predicted_depot_pkm": 1279072.375,
  "total_services": 76,
  "count_add_slot": 29,
  "count_cut": 2,
  "count_no_change": 45,
  "total_allocated_pkm": 1200427.1043485953,
  "quadrant_counts": {
    "UNDERSUPPLY": 50,
    "OVERSUPPLY": 21,
    "INEFFICIENT": 5
  },
  "quadrant_pcts": {
    "UNDERSUPPLY": 65.8,
    "OVERSUPPLY": 27.6,
    "INEFFICIENT": 6.6
  },
  "total_revenue": 1396101.5305896003,
  "total_contribution": 837613.7405896002,
  "total_planned_kms": 31066.0,
  "depot_avg_epk": 44.21885206796294,
  "depot_avg_or": 0.7338642461839702,
  "revenue_by_quadrant": {
    "INEFFICIENT": 12707.456243692044,
    "OVERSUPPLY": 284243.26830585615,
    "UNDERSUPPLY": 1099150.8060400519
  },
  "contribution_by_quadrant": {
    "INEFFICIENT": -20884.123756307956,
    "OVERSUPPLY": 127929.31830585617,
    "UNDERSUPPLY": 730568.5460400518
  }
}