{
  "depot": "NARKATPALLY",
  "target_date": "2026-05-20",
  "predicted_depot_pkm": 743954.25,
  "total_services": 26,
  "count_add_slot": 24,
  "count_cut": 0,
  "count_no_change": 2,
  "total_allocated_pkm": 683169.2192392875,
  "quadrant_counts": {
    "UNDERSUPPLY": 25,
    "OVERSUPPLY": 1
  },
  "quadrant_pcts": {
    "UNDERSUPPLY": 96.2,
    "OVERSUPPLY": 3.8
  },
  "total_revenue": 761648.4462996637,
  "total_contribution": 502898.44629966374,
  "total_planned_kms": 10350.0,
  "depot_avg_epk": 73.1620909292403,
  "depot_avg_or": 1.1836908103394421,
  "revenue_by_quadrant": {
    "OVERSUPPLY": 13881.128590091928,
    "UNDERSUPPLY": 747767.3177095718
  },
  "contribution_by_quadrant": {
    "OVERSUPPLY": 5731.128590091928,
    "UNDERSUPPLY": 497167.3177095718
  }
}