{
  "depot": "HYDERABAD-II",
  "target_date": "2026-05-20",
  "predicted_depot_pkm": 1726747.875,
  "total_services": 94,
  "count_add_slot": 55,
  "count_cut": 0,
  "count_no_change": 39,
  "total_allocated_pkm": 1672674.518292121,
  "quadrant_counts": {
    "UNDERSUPPLY": 62,
    "OVERSUPPLY": 27,
    "INEFFICIENT": 5
  },
  "quadrant_pcts": {
    "UNDERSUPPLY": 66.0,
    "OVERSUPPLY": 28.7,
    "INEFFICIENT": 5.3
  },
  "total_revenue": 2302708.999496625,
  "total_contribution": 1186583.9994966246,
  "total_planned_kms": 44645.0,
  "depot_avg_epk": 54.4507446996131,
  "depot_avg_or": 0.8632688834117713,
  "revenue_by_quadrant": {
    "INEFFICIENT": 64982.18496579986,
    "OVERSUPPLY": 591144.7525579617,
    "UNDERSUPPLY": 1646582.0619728633
  },
  "contribution_by_quadrant": {
    "INEFFICIENT": -21417.81503420014,
    "OVERSUPPLY": 206519.7525579617,
    "UNDERSUPPLY": 1001482.0619728632
  }
}