{
  "depot": "MAHABOOBNAGAR",
  "target_date": "2026-05-20",
  "predicted_depot_pkm": 2488433.5,
  "total_services": 149,
  "count_add_slot": 69,
  "count_cut": 0,
  "count_no_change": 80,
  "total_allocated_pkm": 2353167.3770003696,
  "quadrant_counts": {
    "UNDERSUPPLY": 117,
    "OVERSUPPLY": 19,
    "INEFFICIENT": 13
  },
  "quadrant_pcts": {
    "UNDERSUPPLY": 78.5,
    "OVERSUPPLY": 12.8,
    "INEFFICIENT": 8.7
  },
  "total_revenue": 2937043.469229833,
  "total_contribution": 1421707.4692298332,
  "total_planned_kms": 60613.44,
  "depot_avg_epk": 48.98634093988996,
  "depot_avg_or": 0.8016688546198463,
  "revenue_by_quadrant": {
    "INEFFICIENT": 34194.56018892102,
    "OVERSUPPLY": 338830.95848648145,
    "UNDERSUPPLY": 2564017.9505544305
  },
  "contribution_by_quadrant": {
    "INEFFICIENT": -100805.43981107898,
    "OVERSUPPLY": 101481.95848648144,
    "UNDERSUPPLY": 1421030.9505544305
  }
}