{
  "depot": "WARANGAL-II",
  "target_date": "2026-05-20",
  "predicted_depot_pkm": 2590064.25,
  "total_services": 158,
  "count_add_slot": 35,
  "count_cut": 1,
  "count_no_change": 122,
  "total_allocated_pkm": 2564202.766213565,
  "quadrant_counts": {
    "UNDERSUPPLY": 87,
    "INEFFICIENT": 43,
    "OVERSUPPLY": 23,
    "SOCIAL_OBLIGATION": 5
  },
  "quadrant_pcts": {
    "UNDERSUPPLY": 55.1,
    "INEFFICIENT": 27.2,
    "OVERSUPPLY": 14.6,
    "SOCIAL_OBLIGATION": 3.2
  },
  "total_revenue": 3365669.4528233395,
  "total_contribution": 442238.49282333936,
  "total_planned_kms": 75132.0,
  "depot_avg_epk": 45.0793182771508,
  "depot_avg_or": 0.7015849141039436,
  "revenue_by_quadrant": {
    "INEFFICIENT": 581095.4621093615,
    "OVERSUPPLY": 423935.1158566843,
    "SOCIAL_OBLIGATION": 101995.40511730981,
    "UNDERSUPPLY": 2258643.469739984
  },
  "contribution_by_quadrant": {
    "INEFFICIENT": -287598.27789063845,
    "OVERSUPPLY": 43767.455856684275,
    "SOCIAL_OBLIGATION": -3872.5948826901804,
    "UNDERSUPPLY": 689941.9097399837
  }
}