{
  "depot": "GWL-PRGPR",
  "target_date": "2026-05-20",
  "predicted_depot_pkm": 1744478.375,
  "total_services": 79,
  "count_add_slot": 46,
  "count_cut": 1,
  "count_no_change": 32,
  "total_allocated_pkm": 1561996.759733632,
  "quadrant_counts": {
    "UNDERSUPPLY": 62,
    "OVERSUPPLY": 15,
    "INEFFICIENT": 2
  },
  "quadrant_pcts": {
    "UNDERSUPPLY": 78.5,
    "OVERSUPPLY": 19.0,
    "INEFFICIENT": 2.5
  },
  "total_revenue": 1783118.4069072898,
  "total_contribution": 989268.4069072899,
  "total_planned_kms": 31754.0,
  "depot_avg_epk": 55.84288206219272,
  "depot_avg_or": 0.8573449373837457,
  "revenue_by_quadrant": {
    "INEFFICIENT": 8816.322522264634,
    "OVERSUPPLY": 243226.48235374008,
    "UNDERSUPPLY": 1531075.602031285
  },
  "contribution_by_quadrant": {
    "INEFFICIENT": -9683.677477735366,
    "OVERSUPPLY": 90726.48235374007,
    "UNDERSUPPLY": 908225.6020312851
  }
}