{
  "depot": "KAMAREDDY",
  "target_date": "2026-05-20",
  "predicted_depot_pkm": 2025507.625,
  "total_services": 122,
  "count_add_slot": 26,
  "count_cut": 0,
  "count_no_change": 96,
  "total_allocated_pkm": 1930737.7429646642,
  "quadrant_counts": {
    "UNDERSUPPLY": 60,
    "OVERSUPPLY": 57,
    "INEFFICIENT": 5
  },
  "quadrant_pcts": {
    "UNDERSUPPLY": 49.2,
    "OVERSUPPLY": 46.7,
    "INEFFICIENT": 4.1
  },
  "total_revenue": 2297843.3677529735,
  "total_contribution": 1026293.3677529733,
  "total_planned_kms": 50862.0,
  "depot_avg_epk": 45.49210660792489,
  "depot_avg_or": 0.7158641092586226,
  "revenue_by_quadrant": {
    "INEFFICIENT": 36925.90351177752,
    "OVERSUPPLY": 946459.1085831578,
    "UNDERSUPPLY": 1314458.355658038
  },
  "contribution_by_quadrant": {
    "INEFFICIENT": -14624.096488222476,
    "OVERSUPPLY": 331759.1085831577,
    "UNDERSUPPLY": 709158.355658038
  }
}