{
  "depot": "WARANGAL-I",
  "target_date": "2026-05-20",
  "predicted_depot_pkm": 2039778.25,
  "total_services": 130,
  "count_add_slot": 13,
  "count_cut": 2,
  "count_no_change": 115,
  "total_allocated_pkm": 1826884.901554997,
  "quadrant_counts": {
    "OVERSUPPLY": 68,
    "UNDERSUPPLY": 53,
    "INEFFICIENT": 9
  },
  "quadrant_pcts": {
    "OVERSUPPLY": 52.3,
    "UNDERSUPPLY": 40.8,
    "INEFFICIENT": 6.9
  },
  "total_revenue": 2709969.9651380554,
  "total_contribution": 1184575.9451380551,
  "total_planned_kms": 67106.0,
  "depot_avg_epk": 41.32695076018486,
  "depot_avg_or": 0.6394630080228574,
  "revenue_by_quadrant": {
    "INEFFICIENT": 35990.169334374325,
    "OVERSUPPLY": 1537698.0532471002,
    "UNDERSUPPLY": 1136281.7425565806
  },
  "contribution_by_quadrant": {
    "INEFFICIENT": -84920.57066562567,
    "OVERSUPPLY": 716463.7332471003,
    "UNDERSUPPLY": 553032.7825565805
  }
}