{
  "depot": "BADRACHALAM",
  "target_date": "2026-05-20",
  "predicted_depot_pkm": 1950963.875,
  "total_services": 102,
  "count_add_slot": 39,
  "count_cut": 1,
  "count_no_change": 62,
  "total_allocated_pkm": 1834268.4316160628,
  "quadrant_counts": {
    "UNDERSUPPLY": 67,
    "OVERSUPPLY": 29,
    "INEFFICIENT": 6
  },
  "quadrant_pcts": {
    "UNDERSUPPLY": 65.7,
    "OVERSUPPLY": 28.4,
    "INEFFICIENT": 5.9
  },
  "total_revenue": 2589977.309976798,
  "total_contribution": 1275277.3099767982,
  "total_planned_kms": 52588.0,
  "depot_avg_epk": 49.709219899935434,
  "depot_avg_or": 0.7672005140006387,
  "revenue_by_quadrant": {
    "INEFFICIENT": 11266.341926584504,
    "OVERSUPPLY": 632147.368650586,
    "UNDERSUPPLY": 1946563.5993996277
  },
  "contribution_by_quadrant": {
    "INEFFICIENT": -69383.6580734155,
    "OVERSUPPLY": 238247.368650586,
    "UNDERSUPPLY": 1106413.5993996277
  }
}