{
  "depot": "KUSHAIGUDA",
  "target_date": "2026-05-20",
  "predicted_depot_pkm": 1819658.125,
  "total_services": 226,
  "count_add_slot": 62,
  "count_cut": 0,
  "count_no_change": 164,
  "total_allocated_pkm": 1521131.3311469206,
  "quadrant_counts": {
    "UNDERSUPPLY": 135,
    "OVERSUPPLY": 73,
    "INEFFICIENT": 18
  },
  "quadrant_pcts": {
    "UNDERSUPPLY": 59.7,
    "OVERSUPPLY": 32.3,
    "INEFFICIENT": 8.0
  },
  "total_revenue": 2099707.509004515,
  "total_contribution": 1055807.5090045154,
  "total_planned_kms": 41756.0,
  "depot_avg_epk": 54.75483268834347,
  "depot_avg_or": 0.759692574187841,
  "revenue_by_quadrant": {
    "INEFFICIENT": 13934.284390150598,
    "OVERSUPPLY": 577483.4148324991,
    "UNDERSUPPLY": 1508289.8097818654
  },
  "contribution_by_quadrant": {
    "INEFFICIENT": -103140.7156098494,
    "OVERSUPPLY": 232833.41483249917,
    "UNDERSUPPLY": 926114.8097818656
  }
}