{
  "depot": "BHUPALAPALLAY",
  "target_date": "2026-05-20",
  "predicted_depot_pkm": 1484303.25,
  "total_services": 86,
  "count_add_slot": 25,
  "count_cut": 0,
  "count_no_change": 61,
  "total_allocated_pkm": 1403189.3533299721,
  "quadrant_counts": {
    "UNDERSUPPLY": 53,
    "OVERSUPPLY": 23,
    "INEFFICIENT": 10
  },
  "quadrant_pcts": {
    "UNDERSUPPLY": 61.6,
    "OVERSUPPLY": 26.7,
    "INEFFICIENT": 11.6
  },
  "total_revenue": 1768782.858156725,
  "total_contribution": 931731.5181567252,
  "total_planned_kms": 40104.0,
  "depot_avg_epk": 43.86132132063113,
  "depot_avg_or": 0.6802828278618039,
  "revenue_by_quadrant": {
    "INEFFICIENT": 24212.17055977403,
    "OVERSUPPLY": 399279.463550958,
    "UNDERSUPPLY": 1345291.2240459928
  },
  "contribution_by_quadrant": {
    "INEFFICIENT": -59155.489440225974,
    "OVERSUPPLY": 179233.38355095807,
    "UNDERSUPPLY": 811653.624045993
  }
}