{
  "depot": "KACHEGUDA",
  "target_date": "2026-05-20",
  "predicted_depot_pkm": 1480364.875,
  "total_services": 177,
  "count_add_slot": 125,
  "count_cut": 0,
  "count_no_change": 52,
  "total_allocated_pkm": 1363087.822476103,
  "quadrant_counts": {
    "UNDERSUPPLY": 132,
    "INEFFICIENT": 40,
    "OVERSUPPLY": 5
  },
  "quadrant_pcts": {
    "UNDERSUPPLY": 74.6,
    "INEFFICIENT": 22.6,
    "OVERSUPPLY": 2.8
  },
  "total_revenue": 1831353.3805231664,
  "total_contribution": 1047353.3805231665,
  "total_planned_kms": 31360.0,
  "depot_avg_epk": 62.42633282660699,
  "depot_avg_or": 1.019675655251522,
  "revenue_by_quadrant": {
    "INEFFICIENT": 8044.083354646813,
    "OVERSUPPLY": 22387.980646112035,
    "UNDERSUPPLY": 1800921.3165224076
  },
  "contribution_by_quadrant": {
    "INEFFICIENT": -200355.9166453532,
    "OVERSUPPLY": 5187.980646112035,
    "UNDERSUPPLY": 1242521.3165224076
  }
}