{
  "depot": "MIDHANI",
  "target_date": "2026-05-20",
  "predicted_depot_pkm": 1348738.875,
  "total_services": 144,
  "count_add_slot": 114,
  "count_cut": 0,
  "count_no_change": 30,
  "total_allocated_pkm": 1186957.475937862,
  "quadrant_counts": {
    "UNDERSUPPLY": 119,
    "INEFFICIENT": 23,
    "OVERSUPPLY": 2
  },
  "quadrant_pcts": {
    "UNDERSUPPLY": 82.6,
    "INEFFICIENT": 16.0,
    "OVERSUPPLY": 1.4
  },
  "total_revenue": 1626589.0781075303,
  "total_contribution": 954107.57810753,
  "total_planned_kms": 26899.260000000002,
  "depot_avg_epk": 63.78561181196486,
  "depot_avg_or": 1.0130694276503565,
  "revenue_by_quadrant": {
    "INEFFICIENT": 0.0,
    "OVERSUPPLY": 12413.147016488916,
    "UNDERSUPPLY": 1614175.931091041
  },
  "contribution_by_quadrant": {
    "INEFFICIENT": -137375.0,
    "OVERSUPPLY": 4913.147016488916,
    "UNDERSUPPLY": 1086569.431091041
  }
}