{
  "depot": "MAHESWARAM",
  "target_date": "2026-05-20",
  "predicted_depot_pkm": 988846.5,
  "total_services": 80,
  "count_add_slot": 29,
  "count_cut": 3,
  "count_no_change": 48,
  "total_allocated_pkm": 896864.0801262637,
  "quadrant_counts": {
    "UNDERSUPPLY": 53,
    "OVERSUPPLY": 18,
    "INEFFICIENT": 9
  },
  "quadrant_pcts": {
    "UNDERSUPPLY": 66.2,
    "OVERSUPPLY": 22.5,
    "INEFFICIENT": 11.2
  },
  "total_revenue": 1176100.0713703018,
  "total_contribution": 540102.0713703019,
  "total_planned_kms": 25439.920000000002,
  "depot_avg_epk": 44.08128972169088,
  "depot_avg_or": 0.7309249527370281,
  "revenue_by_quadrant": {
    "INEFFICIENT": 36302.048181068945,
    "OVERSUPPLY": 163559.25051860986,
    "UNDERSUPPLY": 976238.7726706231
  },
  "contribution_by_quadrant": {
    "INEFFICIENT": -10522.951818931053,
    "OVERSUPPLY": 52309.250518609864,
    "UNDERSUPPLY": 498315.77267062315
  }
}