{
  "depot": "HUZURABAD",
  "target_date": "2026-05-20",
  "predicted_depot_pkm": 1363625.875,
  "total_services": 67,
  "count_add_slot": 37,
  "count_cut": 1,
  "count_no_change": 29,
  "total_allocated_pkm": 1219853.2996255509,
  "quadrant_counts": {
    "UNDERSUPPLY": 51,
    "OVERSUPPLY": 13,
    "INEFFICIENT": 3
  },
  "quadrant_pcts": {
    "UNDERSUPPLY": 76.1,
    "OVERSUPPLY": 19.4,
    "INEFFICIENT": 4.5
  },
  "total_revenue": 1432708.2544744483,
  "total_contribution": 722108.2544744482,
  "total_planned_kms": 28424.0,
  "depot_avg_epk": 50.26217384842836,
  "depot_avg_or": 0.8429868166675046,
  "revenue_by_quadrant": {
    "INEFFICIENT": 7333.558530170826,
    "OVERSUPPLY": 214607.74287699742,
    "UNDERSUPPLY": 1210766.95306728
  },
  "contribution_by_quadrant": {
    "INEFFICIENT": -23916.441469829173,
    "OVERSUPPLY": 64032.74287699742,
    "UNDERSUPPLY": 681991.95306728
  }
}