{
  "depot": "BANDLAGUDA",
  "target_date": "2026-05-20",
  "predicted_depot_pkm": 1406571.25,
  "total_services": 148,
  "count_add_slot": 130,
  "count_cut": 0,
  "count_no_change": 18,
  "total_allocated_pkm": 1337332.9613345843,
  "quadrant_counts": {
    "UNDERSUPPLY": 137,
    "OVERSUPPLY": 6,
    "INEFFICIENT": 5
  },
  "quadrant_pcts": {
    "UNDERSUPPLY": 92.6,
    "OVERSUPPLY": 4.1,
    "INEFFICIENT": 3.4
  },
  "total_revenue": 1820154.4577498192,
  "total_contribution": 1169789.4577498194,
  "total_planned_kms": 26014.6,
  "depot_avg_epk": 71.82781032638599,
  "depot_avg_or": 1.1468232356542192,
  "revenue_by_quadrant": {
    "INEFFICIENT": 0.0,
    "OVERSUPPLY": 30991.227498516208,
    "UNDERSUPPLY": 1789163.2302513032
  },
  "contribution_by_quadrant": {
    "INEFFICIENT": -41000.0,
    "OVERSUPPLY": 10991.227498516206,
    "UNDERSUPPLY": 1199798.2302513032
  }
}