{
  "depot": "JEEDIMETLA",
  "target_date": "2026-05-20",
  "predicted_depot_pkm": 1684924.375,
  "total_services": 209,
  "count_add_slot": 120,
  "count_cut": 0,
  "count_no_change": 89,
  "total_allocated_pkm": 1557204.3438597806,
  "quadrant_counts": {
    "UNDERSUPPLY": 171,
    "OVERSUPPLY": 32,
    "INEFFICIENT": 6
  },
  "quadrant_pcts": {
    "UNDERSUPPLY": 81.8,
    "OVERSUPPLY": 15.3,
    "INEFFICIENT": 2.9
  },
  "total_revenue": 2164751.740003542,
  "total_contribution": 1194526.7400035416,
  "total_planned_kms": 38809.0,
  "depot_avg_epk": 57.24419058776411,
  "depot_avg_or": 0.9090512911850196,
  "revenue_by_quadrant": {
    "INEFFICIENT": 24532.80307110904,
    "OVERSUPPLY": 272695.3789879333,
    "UNDERSUPPLY": 1867523.5579444994
  },
  "contribution_by_quadrant": {
    "INEFFICIENT": -2992.1969288909586,
    "OVERSUPPLY": 88645.37898793328,
    "UNDERSUPPLY": 1108873.5579444994
  }
}