{
  "depot": "BARKATPURA",
  "target_date": "2026-05-20",
  "predicted_depot_pkm": 1577960.25,
  "total_services": 142,
  "count_add_slot": 99,
  "count_cut": 1,
  "count_no_change": 42,
  "total_allocated_pkm": 1502256.8552273433,
  "quadrant_counts": {
    "UNDERSUPPLY": 100,
    "INEFFICIENT": 40,
    "OVERSUPPLY": 2
  },
  "quadrant_pcts": {
    "UNDERSUPPLY": 70.4,
    "INEFFICIENT": 28.2,
    "OVERSUPPLY": 1.4
  },
  "total_revenue": 2003305.9719605856,
  "total_contribution": 1282955.9719605856,
  "total_planned_kms": 28814.0,
  "depot_avg_epk": 67.07154832690215,
  "depot_avg_or": 1.0941844376499945,
  "revenue_by_quadrant": {
    "INEFFICIENT": 0.0,
    "OVERSUPPLY": 15546.555934546443,
    "UNDERSUPPLY": 1987759.416026039
  },
  "contribution_by_quadrant": {
    "INEFFICIENT": -201725.0,
    "OVERSUPPLY": 5046.555934546443,
    "UNDERSUPPLY": 1479634.416026039
  }
}