{
  "depot": "RANIGUNJ-I",
  "target_date": "2026-05-20",
  "predicted_depot_pkm": 1668751.625,
  "total_services": 222,
  "count_add_slot": 175,
  "count_cut": 0,
  "count_no_change": 47,
  "total_allocated_pkm": 1547245.2808267628,
  "quadrant_counts": {
    "UNDERSUPPLY": 198,
    "OVERSUPPLY": 22,
    "INEFFICIENT": 2
  },
  "quadrant_pcts": {
    "UNDERSUPPLY": 89.2,
    "OVERSUPPLY": 9.9,
    "INEFFICIENT": 0.9
  },
  "total_revenue": 2268677.6356291883,
  "total_contribution": 1379515.6356291878,
  "total_planned_kms": 35566.479999999996,
  "depot_avg_epk": 64.74746138843446,
  "depot_avg_or": 1.1044158265249229,
  "revenue_by_quadrant": {
    "INEFFICIENT": 2904.3122138815334,
    "OVERSUPPLY": 157315.25067227206,
    "UNDERSUPPLY": 2108458.0727430345
  },
  "contribution_by_quadrant": {
    "INEFFICIENT": -6295.687786118467,
    "OVERSUPPLY": 50340.25067227204,
    "UNDERSUPPLY": 1335471.0727430345
  }
}