{
  "depot": "BHUPALAPALLAY",
  "target_date": "2026-03-26",
  "predicted_depot_pkm": 1511717.125,
  "total_services": 86,
  "count_add_slot": 30,
  "count_cut": 0,
  "count_no_change": 56,
  "total_allocated_pkm": 1468540.6273200808,
  "quadrant_counts": {
    "UNDERSUPPLY": 52,
    "OVERSUPPLY": 27,
    "INEFFICIENT": 7
  },
  "quadrant_pcts": {
    "UNDERSUPPLY": 60.5,
    "OVERSUPPLY": 31.4,
    "INEFFICIENT": 8.1
  },
  "total_revenue": 1854542.4835679429,
  "total_contribution": 1017826.103567943,
  "total_planned_kms": 40068.0,
  "depot_avg_epk": 46.048577036732006,
  "depot_avg_or": 0.7313634800561745,
  "revenue_by_quadrant": {
    "INEFFICIENT": 29472.314363585425,
    "OVERSUPPLY": 461723.55465602706,
    "UNDERSUPPLY": 1363346.6145483304
  },
  "contribution_by_quadrant": {
    "INEFFICIENT": -32628.005636414575,
    "OVERSUPPLY": 216436.83465602706,
    "UNDERSUPPLY": 834017.2745483305
  }
}