{
  "depot": "MAHABOOBABAD",
  "target_date": "2026-03-26",
  "predicted_depot_pkm": 1385330.875,
  "total_services": 76,
  "count_add_slot": 42,
  "count_cut": 3,
  "count_no_change": 31,
  "total_allocated_pkm": 1310524.5798485507,
  "quadrant_counts": {
    "UNDERSUPPLY": 54,
    "OVERSUPPLY": 18,
    "INEFFICIENT": 4
  },
  "quadrant_pcts": {
    "UNDERSUPPLY": 71.1,
    "OVERSUPPLY": 23.7,
    "INEFFICIENT": 5.3
  },
  "total_revenue": 1520537.3721156605,
  "total_contribution": 962049.5821156603,
  "total_planned_kms": 31066.0,
  "depot_avg_epk": 48.27440422102407,
  "depot_avg_or": 0.8024999444937433,
  "revenue_by_quadrant": {
    "INEFFICIENT": 3143.76152136738,
    "OVERSUPPLY": 253598.72957352834,
    "UNDERSUPPLY": 1263794.8810207648
  },
  "contribution_by_quadrant": {
    "INEFFICIENT": -22759.538478632618,
    "OVERSUPPLY": 120875.65957352833,
    "UNDERSUPPLY": 863933.4610207647
  }
}