{
  "depot": "NARSAMPET",
  "target_date": "2026-03-26",
  "predicted_depot_pkm": 1816204.25,
  "total_services": 94,
  "count_add_slot": 54,
  "count_cut": 6,
  "count_no_change": 34,
  "total_allocated_pkm": 1715885.217126992,
  "quadrant_counts": {
    "UNDERSUPPLY": 68,
    "OVERSUPPLY": 18,
    "INEFFICIENT": 8
  },
  "quadrant_pcts": {
    "UNDERSUPPLY": 72.3,
    "OVERSUPPLY": 19.1,
    "INEFFICIENT": 8.5
  },
  "total_revenue": 2048067.2866554658,
  "total_contribution": 1176175.0866554657,
  "total_planned_kms": 40599.0,
  "depot_avg_epk": 50.528101851402084,
  "depot_avg_or": 0.8365069747979619,
  "revenue_by_quadrant": {
    "INEFFICIENT": 41309.06143183577,
    "OVERSUPPLY": 298763.04317115236,
    "UNDERSUPPLY": 1707995.1820524777
  },
  "contribution_by_quadrant": {
    "INEFFICIENT": -25212.61856816423,
    "OVERSUPPLY": 135672.26317115233,
    "UNDERSUPPLY": 1065715.4420524777
  }
}