{
  "depot": "BANSWADA",
  "target_date": "2026-03-26",
  "predicted_depot_pkm": 1657683.625,
  "total_services": 92,
  "count_add_slot": 42,
  "count_cut": 0,
  "count_no_change": 50,
  "total_allocated_pkm": 1575044.2472804268,
  "quadrant_counts": {
    "UNDERSUPPLY": 63,
    "OVERSUPPLY": 22,
    "INEFFICIENT": 7
  },
  "quadrant_pcts": {
    "UNDERSUPPLY": 68.5,
    "OVERSUPPLY": 23.9,
    "INEFFICIENT": 7.6
  },
  "total_revenue": 1897282.6178915938,
  "total_contribution": 1193911.4278915937,
  "total_planned_kms": 37832.0,
  "depot_avg_epk": 49.07182252926653,
  "depot_avg_or": 0.7882339184600781,
  "revenue_by_quadrant": {
    "INEFFICIENT": 5100.810801222094,
    "OVERSUPPLY": 284904.20025691716,
    "UNDERSUPPLY": 1607277.6068334545
  },
  "contribution_by_quadrant": {
    "INEFFICIENT": -45214.83919877791,
    "OVERSUPPLY": 131306.11025691713,
    "UNDERSUPPLY": 1107820.1568334545
  }
}