{
  "depot": "CONTONMENT",
  "target_date": "2026-03-26",
  "predicted_depot_pkm": 1840533.125,
  "total_services": 280,
  "count_add_slot": 139,
  "count_cut": 0,
  "count_no_change": 141,
  "total_allocated_pkm": 1646381.7450841162,
  "quadrant_counts": {
    "UNDERSUPPLY": 164,
    "OVERSUPPLY": 72,
    "INEFFICIENT": 41,
    "SOCIAL_OBLIGATION": 3
  },
  "quadrant_pcts": {
    "UNDERSUPPLY": 58.6,
    "OVERSUPPLY": 25.7,
    "INEFFICIENT": 14.6,
    "SOCIAL_OBLIGATION": 1.1
  },
  "total_revenue": 2573024.5205270536,
  "total_contribution": 1111825.8355270538,
  "total_planned_kms": 46119.0,
  "depot_avg_epk": 59.22461998264085,
  "depot_avg_or": 0.8640868802472454,
  "revenue_by_quadrant": {
    "INEFFICIENT": 126870.60530302433,
    "OVERSUPPLY": 549904.7951311729,
    "SOCIAL_OBLIGATION": 18903.05539777682,
    "UNDERSUPPLY": 1877346.0646950798
  },
  "contribution_by_quadrant": {
    "INEFFICIENT": -206495.31969697567,
    "OVERSUPPLY": 187794.71513117288,
    "SOCIAL_OBLIGATION": -2635.744602223176,
    "UNDERSUPPLY": 1133162.18469508
  }
}