{
  "depot": "JANGAON",
  "target_date": "2026-03-26",
  "predicted_depot_pkm": 2342730.5,
  "total_services": 115,
  "count_add_slot": 62,
  "count_cut": 1,
  "count_no_change": 52,
  "total_allocated_pkm": 2119225.3925494654,
  "quadrant_counts": {
    "UNDERSUPPLY": 86,
    "OVERSUPPLY": 25,
    "INEFFICIENT": 4
  },
  "quadrant_pcts": {
    "UNDERSUPPLY": 74.8,
    "OVERSUPPLY": 21.7,
    "INEFFICIENT": 3.5
  },
  "total_revenue": 2456338.9363761763,
  "total_contribution": 1671461.256376176,
  "total_planned_kms": 49455.0,
  "depot_avg_epk": 49.709986290014356,
  "depot_avg_or": 0.8289377006460801,
  "revenue_by_quadrant": {
    "INEFFICIENT": 9769.622336008397,
    "OVERSUPPLY": 450759.3266980381,
    "UNDERSUPPLY": 1995809.9873421295
  },
  "contribution_by_quadrant": {
    "INEFFICIENT": -19841.657663991606,
    "OVERSUPPLY": 247844.3966980381,
    "UNDERSUPPLY": 1443458.5173421293
  }
}