{
  "depot": "CONTONMENT",
  "target_date": "2026-05-26",
  "predicted_depot_pkm": 1903871.625,
  "total_services": 280,
  "count_add_slot": 151,
  "count_cut": 0,
  "count_no_change": 129,
  "total_allocated_pkm": 1514620.8678451802,
  "quadrant_counts": {
    "UNDERSUPPLY": 164,
    "OVERSUPPLY": 62,
    "INEFFICIENT": 51,
    "SOCIAL_OBLIGATION": 3
  },
  "quadrant_pcts": {
    "UNDERSUPPLY": 58.6,
    "OVERSUPPLY": 22.1,
    "INEFFICIENT": 18.2,
    "SOCIAL_OBLIGATION": 1.1
  },
  "total_revenue": 2435644.961370374,
  "total_contribution": 974873.899970374,
  "total_planned_kms": 46115.74,
  "depot_avg_epk": 58.00271085879348,
  "depot_avg_or": 0.9097593493925629,
  "revenue_by_quadrant": {
    "INEFFICIENT": 59908.83807518463,
    "OVERSUPPLY": 467419.5157947483,
    "SOCIAL_OBLIGATION": 25552.229873463577,
    "UNDERSUPPLY": 1882764.3776269774
  },
  "contribution_by_quadrant": {
    "INEFFICIENT": -339440.7453248154,
    "OVERSUPPLY": 151778.7397947483,
    "SOCIAL_OBLIGATION": -1961.8501265364257,
    "UNDERSUPPLY": 1164497.7556269774
  }
}