{
  "depot": "PARGI",
  "target_date": "2026-05-26",
  "predicted_depot_pkm": 1508307.75,
  "total_services": 78,
  "count_add_slot": 39,
  "count_cut": 1,
  "count_no_change": 38,
  "total_allocated_pkm": 1445811.0394175781,
  "quadrant_counts": {
    "UNDERSUPPLY": 66,
    "OVERSUPPLY": 11,
    "INEFFICIENT": 1
  },
  "quadrant_pcts": {
    "UNDERSUPPLY": 84.6,
    "OVERSUPPLY": 14.1,
    "INEFFICIENT": 1.3
  },
  "total_revenue": 1663484.5525530307,
  "total_contribution": 851859.5525530305,
  "total_planned_kms": 32465.0,
  "depot_avg_epk": 51.47990064403932,
  "depot_avg_or": 0.8496047370308377,
  "revenue_by_quadrant": {
    "INEFFICIENT": 3932.569346753207,
    "OVERSUPPLY": 204260.5129119234,
    "UNDERSUPPLY": 1455291.470294354
  },
  "contribution_by_quadrant": {
    "INEFFICIENT": -4267.430653246793,
    "OVERSUPPLY": 73910.51291192339,
    "UNDERSUPPLY": 782216.470294354
  }
}