{
  "depot": "KALVAKURTHY",
  "target_date": "2026-05-26",
  "predicted_depot_pkm": 1923070.25,
  "total_services": 98,
  "count_add_slot": 44,
  "count_cut": 1,
  "count_no_change": 53,
  "total_allocated_pkm": 1819796.5552316129,
  "quadrant_counts": {
    "UNDERSUPPLY": 74,
    "OVERSUPPLY": 19,
    "INEFFICIENT": 5
  },
  "quadrant_pcts": {
    "UNDERSUPPLY": 75.5,
    "OVERSUPPLY": 19.4,
    "INEFFICIENT": 5.1
  },
  "total_revenue": 2070352.868289405,
  "total_contribution": 985377.8682894049,
  "total_planned_kms": 43399.0,
  "depot_avg_epk": 47.71851875305592,
  "depot_avg_or": 0.7945047962736294,
  "revenue_by_quadrant": {
    "INEFFICIENT": 14836.103859824621,
    "OVERSUPPLY": 328106.50351089943,
    "UNDERSUPPLY": 1727410.2609186808
  },
  "contribution_by_quadrant": {
    "INEFFICIENT": -39063.89614017538,
    "OVERSUPPLY": 96006.50351089942,
    "UNDERSUPPLY": 928435.2609186809
  }
}