{
  "depot": "MIDHANI",
  "target_date": "2026-05-26",
  "predicted_depot_pkm": 1306207.125,
  "total_services": 144,
  "count_add_slot": 114,
  "count_cut": 0,
  "count_no_change": 30,
  "total_allocated_pkm": 1195818.088508233,
  "quadrant_counts": {
    "UNDERSUPPLY": 118,
    "INEFFICIENT": 23,
    "OVERSUPPLY": 3
  },
  "quadrant_pcts": {
    "UNDERSUPPLY": 81.9,
    "INEFFICIENT": 16.0,
    "OVERSUPPLY": 2.1
  },
  "total_revenue": 1638614.6510311386,
  "total_contribution": 966133.1510311386,
  "total_planned_kms": 26899.260000000002,
  "depot_avg_epk": 64.56153419119654,
  "depot_avg_or": 1.0258619307685826,
  "revenue_by_quadrant": {
    "INEFFICIENT": 0.0,
    "OVERSUPPLY": 17593.458921583348,
    "UNDERSUPPLY": 1621021.1921095552
  },
  "contribution_by_quadrant": {
    "INEFFICIENT": -137375.0,
    "OVERSUPPLY": 6343.458921583348,
    "UNDERSUPPLY": 1097164.6921095552
  }
}