{
  "depot": "HANAMKONDA",
  "target_date": "2026-05-26",
  "predicted_depot_pkm": 1950864.625,
  "total_services": 169,
  "count_add_slot": 53,
  "count_cut": 5,
  "count_no_change": 111,
  "total_allocated_pkm": 1865540.6131172935,
  "quadrant_counts": {
    "UNDERSUPPLY": 99,
    "OVERSUPPLY": 41,
    "INEFFICIENT": 28,
    "SOCIAL_OBLIGATION": 1
  },
  "quadrant_pcts": {
    "UNDERSUPPLY": 58.6,
    "OVERSUPPLY": 24.3,
    "INEFFICIENT": 16.6,
    "SOCIAL_OBLIGATION": 0.6
  },
  "total_revenue": 2296784.8867600667,
  "total_contribution": 804242.376760067,
  "total_planned_kms": 53984.0,
  "depot_avg_epk": 47.71921512198079,
  "depot_avg_or": 0.7761343721593961,
  "revenue_by_quadrant": {
    "INEFFICIENT": 305406.5670391083,
    "OVERSUPPLY": 683613.0712417946,
    "SOCIAL_OBLIGATION": 6136.3922440209735,
    "UNDERSUPPLY": 1301628.856235143
  },
  "contribution_by_quadrant": {
    "INEFFICIENT": -70639.64296089172,
    "OVERSUPPLY": 265837.52124179463,
    "SOCIAL_OBLIGATION": -238.4877559790266,
    "UNDERSUPPLY": 609282.986235143
  }
}