{
  "depot": "HAYATHNAGAR-I",
  "target_date": "2026-05-26",
  "predicted_depot_pkm": 1501372.875,
  "total_services": 174,
  "count_add_slot": 110,
  "count_cut": 0,
  "count_no_change": 64,
  "total_allocated_pkm": 1438371.3554175184,
  "quadrant_counts": {
    "UNDERSUPPLY": 117,
    "INEFFICIENT": 55,
    "OVERSUPPLY": 2
  },
  "quadrant_pcts": {
    "UNDERSUPPLY": 67.2,
    "INEFFICIENT": 31.6,
    "OVERSUPPLY": 1.1
  },
  "total_revenue": 1885471.846902086,
  "total_contribution": 1098296.346902086,
  "total_planned_kms": 31487.02,
  "depot_avg_epk": 56.02400268374891,
  "depot_avg_or": 0.9286433195038237,
  "revenue_by_quadrant": {
    "INEFFICIENT": 0.0,
    "OVERSUPPLY": 12146.41022598581,
    "UNDERSUPPLY": 1873325.4366761001
  },
  "contribution_by_quadrant": {
    "INEFFICIENT": -222050.0,
    "OVERSUPPLY": 4446.41022598581,
    "UNDERSUPPLY": 1315899.9366761001
  }
}