{
  "depot": "KARIMNAGAR-I",
  "target_date": "2026-05-26",
  "predicted_depot_pkm": 1685735.25,
  "total_services": 108,
  "count_add_slot": 22,
  "count_cut": 7,
  "count_no_change": 79,
  "total_allocated_pkm": 1587739.7977053823,
  "quadrant_counts": {
    "UNDERSUPPLY": 58,
    "OVERSUPPLY": 42,
    "INEFFICIENT": 8
  },
  "quadrant_pcts": {
    "UNDERSUPPLY": 53.7,
    "OVERSUPPLY": 38.9,
    "INEFFICIENT": 7.4
  },
  "total_revenue": 2051697.3983367162,
  "total_contribution": 914165.638336716,
  "total_planned_kms": 47350.0,
  "depot_avg_epk": 43.359368726417934,
  "depot_avg_or": 0.6899417816203746,
  "revenue_by_quadrant": {
    "INEFFICIENT": 10485.314673252004,
    "OVERSUPPLY": 853019.8378362777,
    "UNDERSUPPLY": 1188192.2458271864
  },
  "contribution_by_quadrant": {
    "INEFFICIENT": -38439.505326747996,
    "OVERSUPPLY": 368427.3378362777,
    "UNDERSUPPLY": 584177.8058271864
  }
}