{
  "depot": "MAHABOOBABAD",
  "target_date": "2026-05-26",
  "predicted_depot_pkm": 1298748.625,
  "total_services": 76,
  "count_add_slot": 29,
  "count_cut": 3,
  "count_no_change": 44,
  "total_allocated_pkm": 1233375.2301783012,
  "quadrant_counts": {
    "UNDERSUPPLY": 50,
    "OVERSUPPLY": 20,
    "INEFFICIENT": 6
  },
  "quadrant_pcts": {
    "UNDERSUPPLY": 65.8,
    "OVERSUPPLY": 26.3,
    "INEFFICIENT": 7.9
  },
  "total_revenue": 1434808.2245791971,
  "total_contribution": 876320.4345791973,
  "total_planned_kms": 31066.0,
  "depot_avg_epk": 45.453297528159034,
  "depot_avg_or": 0.7322575217361119,
  "revenue_by_quadrant": {
    "INEFFICIENT": 12130.833720228651,
    "OVERSUPPLY": 286743.8876647407,
    "UNDERSUPPLY": 1135933.5031942278
  },
  "contribution_by_quadrant": {
    "INEFFICIENT": -28313.546279771348,
    "OVERSUPPLY": 134959.83766474068,
    "UNDERSUPPLY": 769674.143194228
  }
}