{
  "depot": "BANSWADA",
  "target_date": "2026-05-26",
  "predicted_depot_pkm": 1629476.25,
  "total_services": 92,
  "count_add_slot": 27,
  "count_cut": 0,
  "count_no_change": 65,
  "total_allocated_pkm": 1418412.9967901004,
  "quadrant_counts": {
    "UNDERSUPPLY": 54,
    "OVERSUPPLY": 29,
    "INEFFICIENT": 9
  },
  "quadrant_pcts": {
    "UNDERSUPPLY": 58.7,
    "OVERSUPPLY": 31.5,
    "INEFFICIENT": 9.8
  },
  "total_revenue": 1690298.3124652577,
  "total_contribution": 986927.1224652574,
  "total_planned_kms": 37832.0,
  "depot_avg_epk": 44.76075187244298,
  "depot_avg_or": 0.6788042343983534,
  "revenue_by_quadrant": {
    "INEFFICIENT": 16571.67246619875,
    "OVERSUPPLY": 414139.1720118661,
    "UNDERSUPPLY": 1259587.4679871928
  },
  "contribution_by_quadrant": {
    "INEFFICIENT": -49314.757533801254,
    "OVERSUPPLY": 180024.63201186608,
    "UNDERSUPPLY": 856217.2479871927
  }
}