{
  "depot": "WANAPARTHI",
  "target_date": "2026-05-26",
  "predicted_depot_pkm": 2177683.5,
  "total_services": 130,
  "count_add_slot": 72,
  "count_cut": 0,
  "count_no_change": 58,
  "total_allocated_pkm": 2142404.071955581,
  "quadrant_counts": {
    "UNDERSUPPLY": 96,
    "OVERSUPPLY": 30,
    "INEFFICIENT": 4
  },
  "quadrant_pcts": {
    "UNDERSUPPLY": 73.8,
    "OVERSUPPLY": 23.1,
    "INEFFICIENT": 3.1
  },
  "total_revenue": 2600571.4235870633,
  "total_contribution": 1325971.4235870633,
  "total_planned_kms": 50984.0,
  "depot_avg_epk": 51.1136414714767,
  "depot_avg_or": 0.834712150974118,
  "revenue_by_quadrant": {
    "INEFFICIENT": 4075.6424435286926,
    "OVERSUPPLY": 505707.2018976585,
    "UNDERSUPPLY": 2090788.5792458763
  },
  "contribution_by_quadrant": {
    "INEFFICIENT": -27324.357556471306,
    "OVERSUPPLY": 175832.20189765855,
    "UNDERSUPPLY": 1177463.579245876
  }
}