{
  "depot": "BARKATPURA",
  "target_date": "2026-05-26",
  "predicted_depot_pkm": 1598977.5,
  "total_services": 142,
  "count_add_slot": 100,
  "count_cut": 1,
  "count_no_change": 41,
  "total_allocated_pkm": 1575407.957297055,
  "quadrant_counts": {
    "UNDERSUPPLY": 100,
    "INEFFICIENT": 42
  },
  "quadrant_pcts": {
    "UNDERSUPPLY": 70.4,
    "INEFFICIENT": 29.6
  },
  "total_revenue": 2100755.642699541,
  "total_contribution": 1380405.642699541,
  "total_planned_kms": 28814.0,
  "depot_avg_epk": 70.6050909942587,
  "depot_avg_or": 1.1520924662460943,
  "revenue_by_quadrant": {
    "INEFFICIENT": 8574.557479277786,
    "UNDERSUPPLY": 2092181.085220263
  },
  "contribution_by_quadrant": {
    "INEFFICIENT": -203650.44252072222,
    "UNDERSUPPLY": 1584056.085220263
  }
}