{
  "depot": "NARKATPALLY",
  "target_date": "2026-05-26",
  "predicted_depot_pkm": 620887.6875,
  "total_services": 26,
  "count_add_slot": 26,
  "count_cut": 0,
  "count_no_change": 0,
  "total_allocated_pkm": 614363.7649162833,
  "quadrant_counts": {
    "UNDERSUPPLY": 26
  },
  "quadrant_pcts": {
    "UNDERSUPPLY": 100.0
  },
  "total_revenue": 685530.2745771912,
  "total_contribution": 426780.2745771912,
  "total_planned_kms": 10350.0,
  "depot_avg_epk": 66.38488331848183,
  "depot_avg_or": 1.072659171599457,
  "revenue_by_quadrant": {
    "UNDERSUPPLY": 685530.2745771911
  },
  "contribution_by_quadrant": {
    "UNDERSUPPLY": 426780.27457719116
  }
}