{
  "depot": "HANAMKONDA",
  "target_date": "2026-04-26",
  "predicted_depot_pkm": 1701677.75,
  "total_services": 169,
  "count_add_slot": 38,
  "count_cut": 0,
  "count_no_change": 131,
  "total_allocated_pkm": 1583814.640838089,
  "quadrant_counts": {
    "OVERSUPPLY": 67,
    "UNDERSUPPLY": 57,
    "INEFFICIENT": 42,
    "SOCIAL_OBLIGATION": 3
  },
  "quadrant_pcts": {
    "OVERSUPPLY": 39.6,
    "UNDERSUPPLY": 33.7,
    "INEFFICIENT": 24.9,
    "SOCIAL_OBLIGATION": 1.8
  },
  "total_revenue": 1958660.0709702834,
  "total_contribution": 466117.5609702831,
  "total_planned_kms": 53984.0,
  "depot_avg_epk": 41.37007953901638,
  "depot_avg_or": 0.6756791885335514,
  "revenue_by_quadrant": {
    "INEFFICIENT": 465997.01046789845,
    "OVERSUPPLY": 840281.7351615558,
    "SOCIAL_OBLIGATION": 33404.332093437726,
    "UNDERSUPPLY": 618976.9932473912
  },
  "contribution_by_quadrant": {
    "INEFFICIENT": -121457.53953210157,
    "OVERSUPPLY": 313667.6751615558,
    "SOCIAL_OBLIGATION": -1037.7279065622733,
    "UNDERSUPPLY": 274945.15324739116
  }
}