{
  "depot": "WARANGAL-II",
  "target_date": "2026-04-26",
  "predicted_depot_pkm": 1976037.625,
  "total_services": 158,
  "count_add_slot": 0,
  "count_cut": 0,
  "count_no_change": 158,
  "total_allocated_pkm": 1961726.9536172997,
  "quadrant_counts": {
    "INEFFICIENT": 102,
    "OVERSUPPLY": 35,
    "UNDERSUPPLY": 21
  },
  "quadrant_pcts": {
    "INEFFICIENT": 64.6,
    "OVERSUPPLY": 22.2,
    "UNDERSUPPLY": 13.3
  },
  "total_revenue": 2578285.9588747593,
  "total_contribution": -345145.00112524116,
  "total_planned_kms": 75132.0,
  "depot_avg_epk": 34.490797127358206,
  "depot_avg_or": 0.536793234666888,
  "revenue_by_quadrant": {
    "INEFFICIENT": 1333635.5229350387,
    "OVERSUPPLY": 723471.1380290309,
    "UNDERSUPPLY": 521179.29791068914
  },
  "contribution_by_quadrant": {
    "INEFFICIENT": -555076.9970649612,
    "OVERSUPPLY": 81184.19802903094,
    "UNDERSUPPLY": 128747.79791068917
  }
}