{
  "depot": "JANGAON",
  "target_date": "2026-04-26",
  "predicted_depot_pkm": 1759599.25,
  "total_services": 115,
  "count_add_slot": 7,
  "count_cut": 0,
  "count_no_change": 108,
  "total_allocated_pkm": 1492101.8110412615,
  "quadrant_counts": {
    "OVERSUPPLY": 69,
    "UNDERSUPPLY": 36,
    "INEFFICIENT": 10
  },
  "quadrant_pcts": {
    "OVERSUPPLY": 60.0,
    "UNDERSUPPLY": 31.3,
    "INEFFICIENT": 8.7
  },
  "total_revenue": 1729254.6148253556,
  "total_contribution": 944376.9348253557,
  "total_planned_kms": 49455.0,
  "depot_avg_epk": 35.04534839350508,
  "depot_avg_or": 0.58901352506167,
  "revenue_by_quadrant": {
    "INEFFICIENT": 9109.852122566712,
    "OVERSUPPLY": 962578.7955779892,
    "UNDERSUPPLY": 757565.9671247997
  },
  "contribution_by_quadrant": {
    "INEFFICIENT": -67916.6678774333,
    "OVERSUPPLY": 508624.81557798915,
    "UNDERSUPPLY": 503668.78712479974
  }
}