{
  "depot": "MAHABOOBNAGAR",
  "target_date": "2026-05-09",
  "predicted_depot_pkm": 2419695.25,
  "total_services": 149,
  "count_add_slot": 67,
  "count_cut": 0,
  "count_no_change": 82,
  "total_allocated_pkm": 2357198.2062459593,
  "quadrant_counts": {
    "UNDERSUPPLY": 116,
    "OVERSUPPLY": 22,
    "INEFFICIENT": 11
  },
  "quadrant_pcts": {
    "UNDERSUPPLY": 77.9,
    "OVERSUPPLY": 14.8,
    "INEFFICIENT": 7.4
  },
  "total_revenue": 2943845.1346639153,
  "total_contribution": 1428509.1346639153,
  "total_planned_kms": 60613.44,
  "depot_avg_epk": 49.47156552293206,
  "depot_avg_or": 0.8069918239620991,
  "revenue_by_quadrant": {
    "INEFFICIENT": 57945.26780273068,
    "OVERSUPPLY": 367937.11030123074,
    "UNDERSUPPLY": 2517962.756559954
  },
  "contribution_by_quadrant": {
    "INEFFICIENT": -62554.73219726932,
    "OVERSUPPLY": 95013.11030123073,
    "UNDERSUPPLY": 1396050.756559954
  }
}