{
  "depot": "BANSWADA",
  "target_date": "2026-05-09",
  "predicted_depot_pkm": 1715710.5,
  "total_services": 92,
  "count_add_slot": 31,
  "count_cut": 0,
  "count_no_change": 61,
  "total_allocated_pkm": 1579196.6203695415,
  "quadrant_counts": {
    "UNDERSUPPLY": 70,
    "OVERSUPPLY": 15,
    "INEFFICIENT": 7
  },
  "quadrant_pcts": {
    "UNDERSUPPLY": 76.1,
    "OVERSUPPLY": 16.3,
    "INEFFICIENT": 7.6
  },
  "total_revenue": 1882488.911203488,
  "total_contribution": 1179117.721203488,
  "total_planned_kms": 37832.0,
  "depot_avg_epk": 49.198138058499275,
  "depot_avg_or": 0.7447290965615586,
  "revenue_by_quadrant": {
    "INEFFICIENT": 9509.342324884463,
    "OVERSUPPLY": 187800.0626739244,
    "UNDERSUPPLY": 1685179.5062046791
  },
  "contribution_by_quadrant": {
    "INEFFICIENT": -41422.41767511554,
    "OVERSUPPLY": 81030.12267392439,
    "UNDERSUPPLY": 1139510.0162046792
  }
}