{
  "depot": "ASIFABAD",
  "target_date": "2026-05-09",
  "predicted_depot_pkm": 1407757.75,
  "total_services": 76,
  "count_add_slot": 33,
  "count_cut": 1,
  "count_no_change": 42,
  "total_allocated_pkm": 1282560.8538947885,
  "quadrant_counts": {
    "UNDERSUPPLY": 45,
    "OVERSUPPLY": 22,
    "INEFFICIENT": 9
  },
  "quadrant_pcts": {
    "UNDERSUPPLY": 59.2,
    "OVERSUPPLY": 28.9,
    "INEFFICIENT": 11.8
  },
  "total_revenue": 1564343.6193993294,
  "total_contribution": 724443.6193993295,
  "total_planned_kms": 33596.0,
  "depot_avg_epk": 47.81246534451684,
  "depot_avg_or": 0.7539616036823975,
  "revenue_by_quadrant": {
    "INEFFICIENT": 45233.84591192665,
    "OVERSUPPLY": 485675.1516723353,
    "UNDERSUPPLY": 1033434.6218150675
  },
  "contribution_by_quadrant": {
    "INEFFICIENT": -33016.15408807335,
    "OVERSUPPLY": 161475.15167233528,
    "UNDERSUPPLY": 595984.6218150675
  }
}