{
  "depot": "WARANGAL-II",
  "target_date": "2026-05-09",
  "predicted_depot_pkm": 2569397.75,
  "total_services": 158,
  "count_add_slot": 34,
  "count_cut": 1,
  "count_no_change": 123,
  "total_allocated_pkm": 2533769.2901869644,
  "quadrant_counts": {
    "UNDERSUPPLY": 85,
    "INEFFICIENT": 44,
    "OVERSUPPLY": 26,
    "SOCIAL_OBLIGATION": 3
  },
  "quadrant_pcts": {
    "UNDERSUPPLY": 53.8,
    "INEFFICIENT": 27.8,
    "OVERSUPPLY": 16.5,
    "SOCIAL_OBLIGATION": 1.9
  },
  "total_revenue": 3321569.879286455,
  "total_contribution": 398138.919286455,
  "total_planned_kms": 75132.0,
  "depot_avg_epk": 44.48992857344749,
  "depot_avg_or": 0.6923866922773368,
  "revenue_by_quadrant": {
    "INEFFICIENT": 591788.3159838815,
    "OVERSUPPLY": 488789.8971160644,
    "SOCIAL_OBLIGATION": 61219.35268638049,
    "UNDERSUPPLY": 2179772.3135001287
  },
  "contribution_by_quadrant": {
    "INEFFICIENT": -305940.1640161185,
    "OVERSUPPLY": 53137.59711606441,
    "SOCIAL_OBLIGATION": -2301.447313619512,
    "UNDERSUPPLY": 653242.9335001286
  }
}