{
  "depot": "HAYATHNAGAR-I",
  "target_date": "2026-05-09",
  "predicted_depot_pkm": 1573131.25,
  "total_services": 174,
  "count_add_slot": 115,
  "count_cut": 0,
  "count_no_change": 59,
  "total_allocated_pkm": 1545227.5411255462,
  "quadrant_counts": {
    "UNDERSUPPLY": 117,
    "INEFFICIENT": 55,
    "OVERSUPPLY": 2
  },
  "quadrant_pcts": {
    "UNDERSUPPLY": 67.2,
    "INEFFICIENT": 31.6,
    "OVERSUPPLY": 1.1
  },
  "total_revenue": 2034095.0809550057,
  "total_contribution": 1246919.5809550057,
  "total_planned_kms": 31487.02,
  "depot_avg_epk": 61.620595689365985,
  "depot_avg_or": 1.0156428564131723,
  "revenue_by_quadrant": {
    "INEFFICIENT": 34501.62689406918,
    "OVERSUPPLY": 9810.134378944487,
    "UNDERSUPPLY": 1989783.3196819916
  },
  "contribution_by_quadrant": {
    "INEFFICIENT": -187548.3731059308,
    "OVERSUPPLY": 2310.134378944487,
    "UNDERSUPPLY": 1432157.8196819916
  }
}