{
  "depot": "MIRYALAGUDA",
  "target_date": "2026-05-09",
  "predicted_depot_pkm": 1588636.25,
  "total_services": 125,
  "count_add_slot": 18,
  "count_cut": 6,
  "count_no_change": 101,
  "total_allocated_pkm": 1279605.9239750071,
  "quadrant_counts": {
    "OVERSUPPLY": 64,
    "UNDERSUPPLY": 45,
    "INEFFICIENT": 16
  },
  "quadrant_pcts": {
    "OVERSUPPLY": 51.2,
    "UNDERSUPPLY": 36.0,
    "INEFFICIENT": 12.8
  },
  "total_revenue": 1685874.7562410792,
  "total_contribution": 606049.7562410792,
  "total_planned_kms": 43193.0,
  "depot_avg_epk": 38.93607496860624,
  "depot_avg_or": 0.6194142914258842,
  "revenue_by_quadrant": {
    "INEFFICIENT": 32662.23785216002,
    "OVERSUPPLY": 830872.0652416978,
    "UNDERSUPPLY": 822340.4531472214
  },
  "contribution_by_quadrant": {
    "INEFFICIENT": -104262.76214783998,
    "OVERSUPPLY": 281347.0652416979,
    "UNDERSUPPLY": 428965.45314722136
  }
}