{
  "depot": "BARKATPURA",
  "target_date": "2026-05-09",
  "predicted_depot_pkm": 1476485.625,
  "total_services": 142,
  "count_add_slot": 98,
  "count_cut": 1,
  "count_no_change": 43,
  "total_allocated_pkm": 1438802.3514149967,
  "quadrant_counts": {
    "UNDERSUPPLY": 100,
    "INEFFICIENT": 40,
    "OVERSUPPLY": 2
  },
  "quadrant_pcts": {
    "UNDERSUPPLY": 70.4,
    "INEFFICIENT": 28.2,
    "OVERSUPPLY": 1.4
  },
  "total_revenue": 1926048.216797999,
  "total_contribution": 1205698.2167979989,
  "total_planned_kms": 28814.0,
  "depot_avg_epk": 65.48607057977908,
  "depot_avg_or": 1.0667258434981388,
  "revenue_by_quadrant": {
    "INEFFICIENT": 36898.226962927925,
    "OVERSUPPLY": 9564.814194544871,
    "UNDERSUPPLY": 1879585.1756405262
  },
  "contribution_by_quadrant": {
    "INEFFICIENT": -164826.77303707207,
    "OVERSUPPLY": 1964.8141945448715,
    "UNDERSUPPLY": 1368560.1756405262
  }
}