{
  "depot": "HAKIMPET",
  "target_date": "2026-05-09",
  "predicted_depot_pkm": 1273438.0,
  "total_services": 152,
  "count_add_slot": 99,
  "count_cut": 0,
  "count_no_change": 53,
  "total_allocated_pkm": 1210431.7604755117,
  "quadrant_counts": {
    "UNDERSUPPLY": 138,
    "OVERSUPPLY": 14
  },
  "quadrant_pcts": {
    "UNDERSUPPLY": 90.8,
    "OVERSUPPLY": 9.2
  },
  "total_revenue": 1634450.1785658258,
  "total_contribution": 813098.8222658258,
  "total_planned_kms": 31321.69,
  "depot_avg_epk": 53.40994378859472,
  "depot_avg_or": 0.9166556379753563,
  "revenue_by_quadrant": {
    "OVERSUPPLY": 120994.29735539408,
    "UNDERSUPPLY": 1513455.881210432
  },
  "contribution_by_quadrant": {
    "OVERSUPPLY": 39864.78735539407,
    "UNDERSUPPLY": 773234.0349104318
  }
}