{
  "depot": "YADAGIRIGUTTA",
  "target_date": "2026-05-09",
  "predicted_depot_pkm": 1781071.25,
  "total_services": 82,
  "count_add_slot": 32,
  "count_cut": 1,
  "count_no_change": 49,
  "total_allocated_pkm": 1509461.4215639897,
  "quadrant_counts": {
    "UNDERSUPPLY": 68,
    "OVERSUPPLY": 12,
    "INEFFICIENT": 2
  },
  "quadrant_pcts": {
    "UNDERSUPPLY": 82.9,
    "OVERSUPPLY": 14.6,
    "INEFFICIENT": 2.4
  },
  "total_revenue": 1751253.970680416,
  "total_contribution": 909528.9706804161,
  "total_planned_kms": 33669.0,
  "depot_avg_epk": 51.860352700031385,
  "depot_avg_or": 0.8089436706109849,
  "revenue_by_quadrant": {
    "INEFFICIENT": 19923.865835294622,
    "OVERSUPPLY": 179894.5866924079,
    "UNDERSUPPLY": 1551435.5181527135
  },
  "contribution_by_quadrant": {
    "INEFFICIENT": -2326.1341647053796,
    "OVERSUPPLY": 54344.58669240792,
    "UNDERSUPPLY": 857510.5181527134
  }
}