{
  "depot": "KUKATPALLY",
  "target_date": "2026-05-09",
  "predicted_depot_pkm": 1375313.75,
  "total_services": 204,
  "count_add_slot": 108,
  "count_cut": 0,
  "count_no_change": 96,
  "total_allocated_pkm": 1165177.8562322692,
  "quadrant_counts": {
    "UNDERSUPPLY": 150,
    "INEFFICIENT": 34,
    "OVERSUPPLY": 20
  },
  "quadrant_pcts": {
    "UNDERSUPPLY": 73.5,
    "INEFFICIENT": 16.7,
    "OVERSUPPLY": 9.8
  },
  "total_revenue": 1583387.9103467176,
  "total_contribution": 792138.2703467178,
  "total_planned_kms": 38029.06,
  "depot_avg_epk": 48.31889713388767,
  "depot_avg_or": 0.7831091332306453,
  "revenue_by_quadrant": {
    "INEFFICIENT": 14309.10014988764,
    "OVERSUPPLY": 138949.35491403693,
    "UNDERSUPPLY": 1430129.4552827931
  },
  "contribution_by_quadrant": {
    "INEFFICIENT": -198164.97985011234,
    "OVERSUPPLY": 55914.11491403693,
    "UNDERSUPPLY": 934389.1352827931
  }
}