{
  "depot": "KUSHAIGUDA",
  "target_date": "2026-05-09",
  "predicted_depot_pkm": 1727994.375,
  "total_services": 226,
  "count_add_slot": 61,
  "count_cut": 0,
  "count_no_change": 165,
  "total_allocated_pkm": 1582884.9993469403,
  "quadrant_counts": {
    "UNDERSUPPLY": 123,
    "OVERSUPPLY": 96,
    "INEFFICIENT": 7
  },
  "quadrant_pcts": {
    "UNDERSUPPLY": 54.4,
    "OVERSUPPLY": 42.5,
    "INEFFICIENT": 3.1
  },
  "total_revenue": 2184256.925230334,
  "total_contribution": 1140356.9252303343,
  "total_planned_kms": 41756.0,
  "depot_avg_epk": 55.596407696000355,
  "depot_avg_or": 0.773013986166065,
  "revenue_by_quadrant": {
    "INEFFICIENT": 19919.66996550985,
    "OVERSUPPLY": 849640.9900441262,
    "UNDERSUPPLY": 1314696.2652206982
  },
  "contribution_by_quadrant": {
    "INEFFICIENT": -23780.33003449015,
    "OVERSUPPLY": 354090.99004412617,
    "UNDERSUPPLY": 810046.2652206983
  }
}