{
  "depot": "RAJENDRANAGAR",
  "target_date": "2026-05-09",
  "predicted_depot_pkm": 1822640.75,
  "total_services": 179,
  "count_add_slot": 127,
  "count_cut": 0,
  "count_no_change": 52,
  "total_allocated_pkm": 1674776.9010532058,
  "quadrant_counts": {
    "UNDERSUPPLY": 136,
    "INEFFICIENT": 39,
    "OVERSUPPLY": 4
  },
  "quadrant_pcts": {
    "UNDERSUPPLY": 76.0,
    "INEFFICIENT": 21.8,
    "OVERSUPPLY": 2.2
  },
  "total_revenue": 2263960.8726924206,
  "total_contribution": 1273228.8726924206,
  "total_planned_kms": 39629.28,
  "depot_avg_epk": 59.486585281987836,
  "depot_avg_or": 0.9575119276226108,
  "revenue_by_quadrant": {
    "INEFFICIENT": 71616.64489395573,
    "OVERSUPPLY": 19581.666836313998,
    "UNDERSUPPLY": 2172762.560962151
  },
  "contribution_by_quadrant": {
    "INEFFICIENT": -148864.35510604427,
    "OVERSUPPLY": 4331.666836313996,
    "UNDERSUPPLY": 1417761.5609621508
  }
}