{
  "depot": "GODAVARIKHANI",
  "target_date": "2026-05-09",
  "predicted_depot_pkm": 1990055.625,
  "total_services": 120,
  "count_add_slot": 38,
  "count_cut": 0,
  "count_no_change": 82,
  "total_allocated_pkm": 1841637.762780586,
  "quadrant_counts": {
    "UNDERSUPPLY": 63,
    "OVERSUPPLY": 48,
    "INEFFICIENT": 9
  },
  "quadrant_pcts": {
    "UNDERSUPPLY": 52.5,
    "OVERSUPPLY": 40.0,
    "INEFFICIENT": 7.5
  },
  "total_revenue": 2324182.1869554645,
  "total_contribution": 992682.1869554645,
  "total_planned_kms": 53260.0,
  "depot_avg_epk": 45.25284261453374,
  "depot_avg_or": 0.7169772744465445,
  "revenue_by_quadrant": {
    "INEFFICIENT": 45587.085863876986,
    "OVERSUPPLY": 849871.1590043479,
    "UNDERSUPPLY": 1428723.9420872396
  },
  "contribution_by_quadrant": {
    "INEFFICIENT": -77962.91413612301,
    "OVERSUPPLY": 282221.15900434786,
    "UNDERSUPPLY": 788423.9420872397
  }
}