{
  "depot": "BANSWADA",
  "target_date": "2026-04-03",
  "predicted_depot_pkm": 1486489.0,
  "total_services": 92,
  "count_add_slot": 16,
  "count_cut": 0,
  "count_no_change": 76,
  "total_allocated_pkm": 1364533.3314042138,
  "quadrant_counts": {
    "OVERSUPPLY": 47,
    "UNDERSUPPLY": 39,
    "INEFFICIENT": 6
  },
  "quadrant_pcts": {
    "OVERSUPPLY": 51.1,
    "UNDERSUPPLY": 42.4,
    "INEFFICIENT": 6.5
  },
  "total_revenue": 1640274.4856988187,
  "total_contribution": 936903.2956988185,
  "total_planned_kms": 37832.0,
  "depot_avg_epk": 42.47066188323974,
  "depot_avg_or": 0.6397625649528326,
  "revenue_by_quadrant": {
    "INEFFICIENT": 2249.215669203476,
    "OVERSUPPLY": 686597.0593855368,
    "UNDERSUPPLY": 951428.2106440783
  },
  "contribution_by_quadrant": {
    "INEFFICIENT": -42652.13433079653,
    "OVERSUPPLY": 340211.50938553683,
    "UNDERSUPPLY": 639343.9206440783
  }
}