{
  "depot": "BHUPALAPALLAY",
  "target_date": "2026-04-03",
  "predicted_depot_pkm": 1325396.375,
  "total_services": 86,
  "count_add_slot": 10,
  "count_cut": 0,
  "count_no_change": 76,
  "total_allocated_pkm": 1278807.09240904,
  "quadrant_counts": {
    "OVERSUPPLY": 47,
    "UNDERSUPPLY": 30,
    "INEFFICIENT": 9
  },
  "quadrant_pcts": {
    "OVERSUPPLY": 54.7,
    "UNDERSUPPLY": 34.9,
    "INEFFICIENT": 10.5
  },
  "total_revenue": 1618648.6894811338,
  "total_contribution": 781597.3494811337,
  "total_planned_kms": 40104.0,
  "depot_avg_epk": 39.919999218680026,
  "depot_avg_or": 0.6184395234967046,
  "revenue_by_quadrant": {
    "INEFFICIENT": 53127.089393810886,
    "OVERSUPPLY": 791712.9957256442,
    "UNDERSUPPLY": 773808.6043616789
  },
  "contribution_by_quadrant": {
    "INEFFICIENT": -24447.330606189113,
    "OVERSUPPLY": 357998.8757256442,
    "UNDERSUPPLY": 448045.80436167895
  }
}