{
  "depot": "MAHABOOBABAD",
  "target_date": "2026-04-03",
  "predicted_depot_pkm": 1110860.5,
  "total_services": 76,
  "count_add_slot": 4,
  "count_cut": 0,
  "count_no_change": 72,
  "total_allocated_pkm": 1049914.7597258606,
  "quadrant_counts": {
    "OVERSUPPLY": 37,
    "UNDERSUPPLY": 34,
    "INEFFICIENT": 5
  },
  "quadrant_pcts": {
    "OVERSUPPLY": 48.7,
    "UNDERSUPPLY": 44.7,
    "INEFFICIENT": 6.6
  },
  "total_revenue": 1220706.6097708393,
  "total_contribution": 662218.8197708393,
  "total_planned_kms": 31066.0,
  "depot_avg_epk": 38.653944605793924,
  "depot_avg_or": 0.6231847289085503,
  "revenue_by_quadrant": {
    "INEFFICIENT": 9606.225387184608,
    "OVERSUPPLY": 490005.9245573104,
    "UNDERSUPPLY": 721094.4598263444
  },
  "contribution_by_quadrant": {
    "INEFFICIENT": -23985.35461281539,
    "OVERSUPPLY": 224436.75455731043,
    "UNDERSUPPLY": 461767.41982634435
  }
}