{
  "depot": "KUKATPALLY",
  "target_date": "2026-04-03",
  "predicted_depot_pkm": 1307731.375,
  "total_services": 204,
  "count_add_slot": 74,
  "count_cut": 0,
  "count_no_change": 130,
  "total_allocated_pkm": 1257368.6086642952,
  "quadrant_counts": {
    "UNDERSUPPLY": 140,
    "OVERSUPPLY": 51,
    "INEFFICIENT": 13
  },
  "quadrant_pcts": {
    "UNDERSUPPLY": 68.6,
    "OVERSUPPLY": 25.0,
    "INEFFICIENT": 6.4
  },
  "total_revenue": 1715340.0495790695,
  "total_contribution": 924090.4095790695,
  "total_planned_kms": 38029.06,
  "depot_avg_epk": 46.8547516882289,
  "depot_avg_or": 0.7557610205552018,
  "revenue_by_quadrant": {
    "INEFFICIENT": 33575.82086997836,
    "OVERSUPPLY": 330406.0899784653,
    "UNDERSUPPLY": 1351358.1387306259
  },
  "contribution_by_quadrant": {
    "INEFFICIENT": -44163.729130021646,
    "OVERSUPPLY": 127852.05997846526,
    "UNDERSUPPLY": 840402.0787306258
  }
}