{
  "depot": "HAKIMPET",
  "target_date": "2026-03-28",
  "predicted_depot_pkm": 1341716.5,
  "total_services": 147,
  "count_add_slot": 29,
  "count_cut": 0,
  "count_no_change": 118,
  "total_allocated_pkm": 1275621.5232645795,
  "quadrant_counts": {
    "UNDERSUPPLY": 96,
    "OVERSUPPLY": 51
  },
  "quadrant_pcts": {
    "UNDERSUPPLY": 65.3,
    "OVERSUPPLY": 34.7
  },
  "total_revenue": 1717101.322113162,
  "total_contribution": 908366.0121131616,
  "total_planned_kms": 30757.0,
  "depot_avg_epk": 56.31014865653704,
  "depot_avg_or": 0.761699006627662,
  "revenue_by_quadrant": {
    "OVERSUPPLY": 511489.9469845501,
    "UNDERSUPPLY": 1205611.3751286115
  },
  "contribution_by_quadrant": {
    "OVERSUPPLY": 232172.0469845501,
    "UNDERSUPPLY": 676193.9651286115
  }
}