{
  "depot": "JANGAON",
  "target_date": "2026-03-28",
  "predicted_depot_pkm": 2190039.25,
  "total_services": 115,
  "count_add_slot": 45,
  "count_cut": 1,
  "count_no_change": 69,
  "total_allocated_pkm": 1991269.892602957,
  "quadrant_counts": {
    "UNDERSUPPLY": 81,
    "OVERSUPPLY": 30,
    "INEFFICIENT": 4
  },
  "quadrant_pcts": {
    "UNDERSUPPLY": 70.4,
    "OVERSUPPLY": 26.1,
    "INEFFICIENT": 3.5
  },
  "total_revenue": 2308790.1306452146,
  "total_contribution": 1523912.4506452142,
  "total_planned_kms": 49455.0,
  "depot_avg_epk": 46.718450958417684,
  "depot_avg_or": 0.7788566647411587,
  "revenue_by_quadrant": {
    "INEFFICIENT": 7284.964342318762,
    "OVERSUPPLY": 486651.31913345517,
    "UNDERSUPPLY": 1814853.8471694405
  },
  "contribution_by_quadrant": {
    "INEFFICIENT": -22326.31565768124,
    "OVERSUPPLY": 251741.32913345512,
    "UNDERSUPPLY": 1294497.4371694406
  }
}