{
  "depot": "NIZAMABAD-I",
  "target_date": "2026-03-28",
  "predicted_depot_pkm": 1719821.25,
  "total_services": 125,
  "count_add_slot": 25,
  "count_cut": 0,
  "count_no_change": 100,
  "total_allocated_pkm": 1461397.793102909,
  "quadrant_counts": {
    "OVERSUPPLY": 58,
    "UNDERSUPPLY": 51,
    "INEFFICIENT": 16
  },
  "quadrant_pcts": {
    "OVERSUPPLY": 46.4,
    "UNDERSUPPLY": 40.8,
    "INEFFICIENT": 12.8
  },
  "total_revenue": 1934758.3127301736,
  "total_contribution": 947034.3327301738,
  "total_planned_kms": 51753.0,
  "depot_avg_epk": 39.664989446421735,
  "depot_avg_or": 0.6142350054981696,
  "revenue_by_quadrant": {
    "INEFFICIENT": 10067.122225798537,
    "OVERSUPPLY": 905124.5225075644,
    "UNDERSUPPLY": 1019566.6679968107
  },
  "contribution_by_quadrant": {
    "INEFFICIENT": -156707.51777420146,
    "OVERSUPPLY": 451480.92250756436,
    "UNDERSUPPLY": 652260.9279968108
  }
}