{
  "depot": "KUKATPALLY",
  "target_date": "2026-03-28",
  "predicted_depot_pkm": 1645076.375,
  "total_services": 204,
  "count_add_slot": 74,
  "count_cut": 0,
  "count_no_change": 130,
  "total_allocated_pkm": 1562425.9074051026,
  "quadrant_counts": {
    "UNDERSUPPLY": 130,
    "OVERSUPPLY": 66,
    "INEFFICIENT": 8
  },
  "quadrant_pcts": {
    "UNDERSUPPLY": 63.7,
    "OVERSUPPLY": 32.4,
    "INEFFICIENT": 3.9
  },
  "total_revenue": 2134578.665979161,
  "total_contribution": 1343330.165979161,
  "total_planned_kms": 38029.0,
  "depot_avg_epk": 57.494283773522156,
  "depot_avg_or": 0.7813709792907905,
  "revenue_by_quadrant": {
    "INEFFICIENT": 29510.320168351318,
    "OVERSUPPLY": 442027.6685956291,
    "UNDERSUPPLY": 1663040.6772151806
  },
  "contribution_by_quadrant": {
    "INEFFICIENT": -18757.429831648682,
    "OVERSUPPLY": 217050.8885956291,
    "UNDERSUPPLY": 1145036.7072151804
  }
}