{
  "depot": "WARANGAL-I",
  "target_date": "2026-04-23",
  "predicted_depot_pkm": 1904836.125,
  "total_services": 130,
  "count_add_slot": 13,
  "count_cut": 0,
  "count_no_change": 117,
  "total_allocated_pkm": 1800716.1892175514,
  "quadrant_counts": {
    "OVERSUPPLY": 77,
    "UNDERSUPPLY": 46,
    "INEFFICIENT": 7
  },
  "quadrant_pcts": {
    "OVERSUPPLY": 59.2,
    "UNDERSUPPLY": 35.4,
    "INEFFICIENT": 5.4
  },
  "total_revenue": 2667728.409531749,
  "total_contribution": 1142334.3895317493,
  "total_planned_kms": 67106.0,
  "depot_avg_epk": 41.08209878279625,
  "depot_avg_or": 0.6349554263181758,
  "revenue_by_quadrant": {
    "INEFFICIENT": 64680.604496622575,
    "OVERSUPPLY": 1643156.3082870403,
    "UNDERSUPPLY": 959891.4967480864
  },
  "contribution_by_quadrant": {
    "INEFFICIENT": -26000.29550337743,
    "OVERSUPPLY": 700409.1082870404,
    "UNDERSUPPLY": 467925.57674808643
  }
}