{
  "depot": "THORROR",
  "target_date": "2026-04-23",
  "predicted_depot_pkm": 1693908.375,
  "total_services": 94,
  "count_add_slot": 38,
  "count_cut": 0,
  "count_no_change": 56,
  "total_allocated_pkm": 1576234.1383181275,
  "quadrant_counts": {
    "UNDERSUPPLY": 64,
    "OVERSUPPLY": 24,
    "INEFFICIENT": 6
  },
  "quadrant_pcts": {
    "UNDERSUPPLY": 68.1,
    "OVERSUPPLY": 25.5,
    "INEFFICIENT": 6.4
  },
  "total_revenue": 1963758.0778376737,
  "total_contribution": 1026027.3078376735,
  "total_planned_kms": 40942.0,
  "depot_avg_epk": 48.046980022909025,
  "depot_avg_or": 0.7596159961275555,
  "revenue_by_quadrant": {
    "INEFFICIENT": 22745.250395046816,
    "OVERSUPPLY": 412431.1445087783,
    "UNDERSUPPLY": 1528581.6829338484
  },
  "contribution_by_quadrant": {
    "INEFFICIENT": -32223.929604953184,
    "OVERSUPPLY": 169531.58450877827,
    "UNDERSUPPLY": 888719.6529338484
  }
}