{
  "depot": "JANGAON",
  "target_date": "2026-04-23",
  "predicted_depot_pkm": 1828178.0,
  "total_services": 115,
  "count_add_slot": 12,
  "count_cut": 0,
  "count_no_change": 103,
  "total_allocated_pkm": 1559050.7895548802,
  "quadrant_counts": {
    "OVERSUPPLY": 57,
    "UNDERSUPPLY": 47,
    "INEFFICIENT": 11
  },
  "quadrant_pcts": {
    "OVERSUPPLY": 49.6,
    "UNDERSUPPLY": 40.9,
    "INEFFICIENT": 9.6
  },
  "total_revenue": 1805964.2735385217,
  "total_contribution": 1021086.5935385216,
  "total_planned_kms": 49455.0,
  "depot_avg_epk": 36.58067343126257,
  "depot_avg_or": 0.6151936108208074,
  "revenue_by_quadrant": {
    "INEFFICIENT": 20336.54310027472,
    "OVERSUPPLY": 821809.6168630486,
    "UNDERSUPPLY": 963818.1135751983
  },
  "contribution_by_quadrant": {
    "INEFFICIENT": -65641.25689972528,
    "OVERSUPPLY": 434358.7568630486,
    "UNDERSUPPLY": 652369.0935751983
  }
}