{
  "depot": "IBRAHIMPATNAM",
  "target_date": "2026-04-23",
  "predicted_depot_pkm": 2030829.875,
  "total_services": 189,
  "count_add_slot": 139,
  "count_cut": 0,
  "count_no_change": 50,
  "total_allocated_pkm": 1876376.6641975786,
  "quadrant_counts": {
    "UNDERSUPPLY": 154,
    "OVERSUPPLY": 29,
    "INEFFICIENT": 6
  },
  "quadrant_pcts": {
    "UNDERSUPPLY": 81.5,
    "OVERSUPPLY": 15.3,
    "INEFFICIENT": 3.2
  },
  "total_revenue": 2507799.79533054,
  "total_contribution": 1629209.6633305396,
  "total_planned_kms": 44778.7,
  "depot_avg_epk": 58.49165387457117,
  "depot_avg_or": 0.9548776344343778,
  "revenue_by_quadrant": {
    "INEFFICIENT": 12558.097251342515,
    "OVERSUPPLY": 256826.11238129038,
    "UNDERSUPPLY": 2238415.5856979066
  },
  "contribution_by_quadrant": {
    "INEFFICIENT": -14270.702748657484,
    "OVERSUPPLY": 75582.07238129039,
    "UNDERSUPPLY": 1567898.293697907
  }
}