{
  "depot": "BHUPALAPALLAY",
  "target_date": "2026-04-23",
  "predicted_depot_pkm": 1514398.125,
  "total_services": 86,
  "count_add_slot": 24,
  "count_cut": 0,
  "count_no_change": 62,
  "total_allocated_pkm": 1399510.529641394,
  "quadrant_counts": {
    "UNDERSUPPLY": 48,
    "OVERSUPPLY": 30,
    "INEFFICIENT": 8
  },
  "quadrant_pcts": {
    "UNDERSUPPLY": 55.8,
    "OVERSUPPLY": 34.9,
    "INEFFICIENT": 9.3
  },
  "total_revenue": 1766638.996376181,
  "total_contribution": 929587.656376181,
  "total_planned_kms": 40104.0,
  "depot_avg_epk": 43.982268678861324,
  "depot_avg_or": 0.6837951141531118,
  "revenue_by_quadrant": {
    "INEFFICIENT": 29181.981531615864,
    "OVERSUPPLY": 504735.8612692034,
    "UNDERSUPPLY": 1232721.1535753617
  },
  "contribution_by_quadrant": {
    "INEFFICIENT": -47908.37846838414,
    "OVERSUPPLY": 230385.0812692034,
    "UNDERSUPPLY": 747110.9535753618
  }
}