{
  "depot": "HYDERABAD-II",
  "target_date": "2026-04-23",
  "predicted_depot_pkm": 1490838.75,
  "total_services": 94,
  "count_add_slot": 37,
  "count_cut": 0,
  "count_no_change": 57,
  "total_allocated_pkm": 1475230.5558538435,
  "quadrant_counts": {
    "UNDERSUPPLY": 59,
    "OVERSUPPLY": 33,
    "INEFFICIENT": 2
  },
  "quadrant_pcts": {
    "UNDERSUPPLY": 62.8,
    "OVERSUPPLY": 35.1,
    "INEFFICIENT": 2.1
  },
  "total_revenue": 2030805.5948814293,
  "total_contribution": 1207104.0948814296,
  "total_planned_kms": 44645.0,
  "depot_avg_epk": 47.936724166464636,
  "depot_avg_or": 0.7597760341626735,
  "revenue_by_quadrant": {
    "INEFFICIENT": 16850.90569971445,
    "OVERSUPPLY": 628346.6188099567,
    "UNDERSUPPLY": 1385608.0703717582
  },
  "contribution_by_quadrant": {
    "INEFFICIENT": -5617.514300285549,
    "OVERSUPPLY": 277669.73880995665,
    "UNDERSUPPLY": 935051.8703717582
  }
}