{
  "depot": "HAKIMPET",
  "target_date": "2026-04-23",
  "predicted_depot_pkm": 1546713.75,
  "total_services": 147,
  "count_add_slot": 114,
  "count_cut": 0,
  "count_no_change": 33,
  "total_allocated_pkm": 1301315.5468574641,
  "quadrant_counts": {
    "UNDERSUPPLY": 120,
    "INEFFICIENT": 21,
    "OVERSUPPLY": 6
  },
  "quadrant_pcts": {
    "UNDERSUPPLY": 81.6,
    "INEFFICIENT": 14.3,
    "OVERSUPPLY": 4.1
  },
  "total_revenue": 1749620.2241823808,
  "total_contribution": 940835.813882381,
  "total_planned_kms": 30758.690000000002,
  "depot_avg_epk": 58.14254008964219,
  "depot_avg_or": 0.9972533040034596,
  "revenue_by_quadrant": {
    "INEFFICIENT": 41203.77715157809,
    "OVERSUPPLY": 32326.661972492202,
    "UNDERSUPPLY": 1676089.7850583107
  },
  "contribution_by_quadrant": {
    "INEFFICIENT": -86622.00764842192,
    "OVERSUPPLY": 8498.1019724922,
    "UNDERSUPPLY": 1018959.7195583106
  }
}