{
  "depot": "BHUPALAPALLAY",
  "target_date": "2026-04-24",
  "predicted_depot_pkm": 1370889.625,
  "total_services": 86,
  "count_add_slot": 11,
  "count_cut": 0,
  "count_no_change": 75,
  "total_allocated_pkm": 1261375.6182757372,
  "quadrant_counts": {
    "UNDERSUPPLY": 37,
    "OVERSUPPLY": 37,
    "INEFFICIENT": 12
  },
  "quadrant_pcts": {
    "UNDERSUPPLY": 43.0,
    "OVERSUPPLY": 43.0,
    "INEFFICIENT": 14.0
  },
  "total_revenue": 1596507.8815425625,
  "total_contribution": 759456.5415425625,
  "total_planned_kms": 40104.0,
  "depot_avg_epk": 39.67696548608192,
  "depot_avg_or": 0.6170434757750761,
  "revenue_by_quadrant": {
    "INEFFICIENT": 61004.78608532207,
    "OVERSUPPLY": 632264.2715797479,
    "UNDERSUPPLY": 903238.8238774926
  },
  "contribution_by_quadrant": {
    "INEFFICIENT": -52083.293914677924,
    "OVERSUPPLY": 295523.37157974794,
    "UNDERSUPPLY": 516016.4638774925
  }
}