{
  "depot": "WARANGAL-II",
  "target_date": "2026-04-24",
  "predicted_depot_pkm": 2128494.0,
  "total_services": 158,
  "count_add_slot": 7,
  "count_cut": 0,
  "count_no_change": 151,
  "total_allocated_pkm": 2112794.4565758947,
  "quadrant_counts": {
    "INEFFICIENT": 87,
    "OVERSUPPLY": 41,
    "UNDERSUPPLY": 30
  },
  "quadrant_pcts": {
    "INEFFICIENT": 55.1,
    "OVERSUPPLY": 25.9,
    "UNDERSUPPLY": 19.0
  },
  "total_revenue": 2773083.071137863,
  "total_contribution": -150347.8888621363,
  "total_planned_kms": 75132.0,
  "depot_avg_epk": 37.13649697394169,
  "depot_avg_or": 0.5784156756327399,
  "revenue_by_quadrant": {
    "INEFFICIENT": 1200751.883220795,
    "OVERSUPPLY": 815157.6733263489,
    "UNDERSUPPLY": 757173.5145907196
  },
  "contribution_by_quadrant": {
    "INEFFICIENT": -461583.61677920487,
    "OVERSUPPLY": 98088.95332634893,
    "UNDERSUPPLY": 213146.7745907196
  }
}