{
  "depot": "BANSWADA",
  "target_date": "2026-04-24",
  "predicted_depot_pkm": 1422884.125,
  "total_services": 92,
  "count_add_slot": 7,
  "count_cut": 0,
  "count_no_change": 85,
  "total_allocated_pkm": 1322278.2467470395,
  "quadrant_counts": {
    "OVERSUPPLY": 48,
    "UNDERSUPPLY": 36,
    "INEFFICIENT": 8
  },
  "quadrant_pcts": {
    "OVERSUPPLY": 52.2,
    "UNDERSUPPLY": 39.1,
    "INEFFICIENT": 8.7
  },
  "total_revenue": 1577852.4982425626,
  "total_contribution": 874481.3082425626,
  "total_planned_kms": 37832.0,
  "depot_avg_epk": 40.75327421296872,
  "depot_avg_or": 0.6157173251351952,
  "revenue_by_quadrant": {
    "INEFFICIENT": 8319.924831225166,
    "OVERSUPPLY": 719792.3885252164,
    "UNDERSUPPLY": 849740.1848861213
  },
  "contribution_by_quadrant": {
    "INEFFICIENT": -50434.56516877484,
    "OVERSUPPLY": 367337.5785252163,
    "UNDERSUPPLY": 557578.2948861213
  }
}