{
  "depot": "THORROR",
  "target_date": "2026-04-24",
  "predicted_depot_pkm": 1546363.625,
  "total_services": 94,
  "count_add_slot": 19,
  "count_cut": 0,
  "count_no_change": 75,
  "total_allocated_pkm": 1446398.4010949275,
  "quadrant_counts": {
    "UNDERSUPPLY": 52,
    "OVERSUPPLY": 34,
    "INEFFICIENT": 8
  },
  "quadrant_pcts": {
    "UNDERSUPPLY": 55.3,
    "OVERSUPPLY": 36.2,
    "INEFFICIENT": 8.5
  },
  "total_revenue": 1807295.5044692953,
  "total_contribution": 869564.734469295,
  "total_planned_kms": 40942.0,
  "depot_avg_epk": 44.09429861747059,
  "depot_avg_or": 0.696219737060622,
  "revenue_by_quadrant": {
    "INEFFICIENT": 38305.6800181148,
    "OVERSUPPLY": 576293.4388222493,
    "UNDERSUPPLY": 1192696.385628931
  },
  "contribution_by_quadrant": {
    "INEFFICIENT": -36326.21998188521,
    "OVERSUPPLY": 223937.2088222493,
    "UNDERSUPPLY": 681953.7456289311
  }
}