{
  "depot": "KARIMNAGAR-I",
  "target_date": "2026-04-04",
  "predicted_depot_pkm": 1603814.5,
  "total_services": 108,
  "count_add_slot": 14,
  "count_cut": 0,
  "count_no_change": 94,
  "total_allocated_pkm": 1505996.0730416707,
  "quadrant_counts": {
    "OVERSUPPLY": 53,
    "UNDERSUPPLY": 51,
    "INEFFICIENT": 4
  },
  "quadrant_pcts": {
    "OVERSUPPLY": 49.1,
    "UNDERSUPPLY": 47.2,
    "INEFFICIENT": 3.7
  },
  "total_revenue": 1879767.0042051452,
  "total_contribution": 742235.2442051452,
  "total_planned_kms": 47350.0,
  "depot_avg_epk": 40.6971185436705,
  "depot_avg_or": 0.65602840844243,
  "revenue_by_quadrant": {
    "INEFFICIENT": 47921.59192194677,
    "OVERSUPPLY": 829626.6673163424,
    "UNDERSUPPLY": 1002218.744966856
  },
  "contribution_by_quadrant": {
    "INEFFICIENT": -19395.308078053233,
    "OVERSUPPLY": 314657.54731634236,
    "UNDERSUPPLY": 446973.004966856
  }
}