{
  "depot": "JANGAON",
  "target_date": "2026-04-04",
  "predicted_depot_pkm": 1965915.25,
  "total_services": 115,
  "count_add_slot": 30,
  "count_cut": 0,
  "count_no_change": 85,
  "total_allocated_pkm": 1773530.734170373,
  "quadrant_counts": {
    "UNDERSUPPLY": 69,
    "OVERSUPPLY": 39,
    "INEFFICIENT": 7
  },
  "quadrant_pcts": {
    "UNDERSUPPLY": 60.0,
    "OVERSUPPLY": 33.9,
    "INEFFICIENT": 6.1
  },
  "total_revenue": 2048906.2700082138,
  "total_contribution": 1264028.5900082139,
  "total_planned_kms": 49455.0,
  "depot_avg_epk": 41.65203405741761,
  "depot_avg_or": 0.7014670654382871,
  "revenue_by_quadrant": {
    "INEFFICIENT": 32100.063722378,
    "OVERSUPPLY": 554250.3314729696,
    "UNDERSUPPLY": 1462555.8748128663
  },
  "contribution_by_quadrant": {
    "INEFFICIENT": -23857.696277622003,
    "OVERSUPPLY": 263449.24147296953,
    "UNDERSUPPLY": 1024437.0448128663
  }
}