{
  "depot": "IBRAHIMPATNAM",
  "target_date": "2026-04-04",
  "predicted_depot_pkm": 2055379.0,
  "total_services": 189,
  "count_add_slot": 148,
  "count_cut": 0,
  "count_no_change": 41,
  "total_allocated_pkm": 1974934.3438102305,
  "quadrant_counts": {
    "UNDERSUPPLY": 165,
    "OVERSUPPLY": 23,
    "INEFFICIENT": 1
  },
  "quadrant_pcts": {
    "UNDERSUPPLY": 87.3,
    "OVERSUPPLY": 12.2,
    "INEFFICIENT": 0.5
  },
  "total_revenue": 2639105.821307451,
  "total_contribution": 1760515.6893074512,
  "total_planned_kms": 44778.7,
  "depot_avg_epk": 61.0887225549505,
  "depot_avg_or": 0.9969593271027365,
  "revenue_by_quadrant": {
    "INEFFICIENT": 6475.158488328585,
    "OVERSUPPLY": 215412.7589853574,
    "UNDERSUPPLY": 2417217.903833765
  },
  "contribution_by_quadrant": {
    "INEFFICIENT": -520.0415116714148,
    "OVERSUPPLY": 82117.19898535739,
    "UNDERSUPPLY": 1678918.531833765
  }
}