{
  "depot": "CONTONMENT",
  "target_date": "2026-04-04",
  "predicted_depot_pkm": 1891285.75,
  "total_services": 280,
  "count_add_slot": 152,
  "count_cut": 0,
  "count_no_change": 128,
  "total_allocated_pkm": 1628316.0944402884,
  "quadrant_counts": {
    "UNDERSUPPLY": 168,
    "OVERSUPPLY": 61,
    "INEFFICIENT": 48,
    "SOCIAL_OBLIGATION": 3
  },
  "quadrant_pcts": {
    "UNDERSUPPLY": 60.0,
    "OVERSUPPLY": 21.8,
    "INEFFICIENT": 17.1,
    "SOCIAL_OBLIGATION": 1.1
  },
  "total_revenue": 2551673.218216851,
  "total_contribution": 1090902.1568168509,
  "total_planned_kms": 46115.74,
  "depot_avg_epk": 59.59567695275695,
  "depot_avg_or": 0.950610297327365,
  "revenue_by_quadrant": {
    "INEFFICIENT": 128648.30348798343,
    "OVERSUPPLY": 463471.98634634656,
    "SOCIAL_OBLIGATION": 21003.30781833544,
    "UNDERSUPPLY": 1938549.6205641855
  },
  "contribution_by_quadrant": {
    "INEFFICIENT": -226520.56391201657,
    "OVERSUPPLY": 133348.73434634658,
    "SOCIAL_OBLIGATION": -466.0121816645569,
    "UNDERSUPPLY": 1184539.9985641856
  }
}