{
  "depot": "HANAMKONDA",
  "target_date": "2026-04-04",
  "predicted_depot_pkm": 2021068.875,
  "total_services": 169,
  "count_add_slot": 58,
  "count_cut": 0,
  "count_no_change": 111,
  "total_allocated_pkm": 1886437.0108307651,
  "quadrant_counts": {
    "UNDERSUPPLY": 86,
    "OVERSUPPLY": 55,
    "INEFFICIENT": 26,
    "SOCIAL_OBLIGATION": 2
  },
  "quadrant_pcts": {
    "UNDERSUPPLY": 50.9,
    "OVERSUPPLY": 32.5,
    "INEFFICIENT": 15.4,
    "SOCIAL_OBLIGATION": 1.2
  },
  "total_revenue": 2327880.180721266,
  "total_contribution": 835337.6707212663,
  "total_planned_kms": 53984.0,
  "depot_avg_epk": 49.00418085874437,
  "depot_avg_or": 0.7998476946494039,
  "revenue_by_quadrant": {
    "INEFFICIENT": 349036.4731518423,
    "OVERSUPPLY": 858399.4017369512,
    "SOCIAL_OBLIGATION": 27753.37824104932,
    "UNDERSUPPLY": 1092690.9275914235
  },
  "contribution_by_quadrant": {
    "INEFFICIENT": -44471.1668481577,
    "OVERSUPPLY": 343556.06173695123,
    "SOCIAL_OBLIGATION": -48.181758950682706,
    "UNDERSUPPLY": 536300.9575914234
  }
}