{
  "depot": "HANAMKONDA",
  "target_date": "2026-03-02",
  "predicted_depot_pkm": 2369912.25,
  "total_services": 169,
  "count_add_slot": 6,
  "count_cut": 1,
  "count_no_change": 162,
  "total_allocated_pkm": 1455723.5300258882,
  "quadrant_counts": {
    "OVERSUPPLY": 101,
    "INEFFICIENT": 47,
    "UNDERSUPPLY": 20,
    "SOCIAL_OBLIGATION": 1
  },
  "quadrant_pcts": {
    "OVERSUPPLY": 59.8,
    "INEFFICIENT": 27.8,
    "UNDERSUPPLY": 11.8,
    "SOCIAL_OBLIGATION": 0.6
  },
  "total_revenue": 1780089.6404115378,
  "total_contribution": 287547.1304115378,
  "total_planned_kms": 53984.0,
  "depot_avg_epk": 37.843803925006796,
  "depot_avg_or": 0.5404170566738363,
  "revenue_by_quadrant": {
    "INEFFICIENT": 532647.38712096,
    "OVERSUPPLY": 1032271.5425128143,
    "SOCIAL_OBLIGATION": 15494.141079593355,
    "UNDERSUPPLY": 199676.56969817012
  },
  "contribution_by_quadrant": {
    "INEFFICIENT": -160366.45287903998,
    "OVERSUPPLY": 354407.81251281424,
    "SOCIAL_OBLIGATION": -531.5989204066464,
    "UNDERSUPPLY": 94037.36969817014
  }
}