{
  "depot": "THORROR",
  "target_date": "2026-03-02",
  "predicted_depot_pkm": 1980619.75,
  "total_services": 94,
  "count_add_slot": 61,
  "count_cut": 2,
  "count_no_change": 31,
  "total_allocated_pkm": 1910394.1730313452,
  "quadrant_counts": {
    "UNDERSUPPLY": 80,
    "OVERSUPPLY": 11,
    "INEFFICIENT": 3
  },
  "quadrant_pcts": {
    "UNDERSUPPLY": 85.1,
    "OVERSUPPLY": 11.7,
    "INEFFICIENT": 3.2
  },
  "total_revenue": 2347541.2760634166,
  "total_contribution": 1409810.506063417,
  "total_planned_kms": 40942.0,
  "depot_avg_epk": 57.39033205191625,
  "depot_avg_or": 0.9226558008532885,
  "revenue_by_quadrant": {
    "INEFFICIENT": 8084.07497689428,
    "OVERSUPPLY": 198363.700298165,
    "UNDERSUPPLY": 2141093.5007883576
  },
  "contribution_by_quadrant": {
    "INEFFICIENT": -13600.135023105722,
    "OVERSUPPLY": 94575.67029816502,
    "UNDERSUPPLY": 1328834.9707883578
  }
}