{
  "depot": "NIZAMABAD-I",
  "target_date": "2026-03-02",
  "predicted_depot_pkm": 1898553.0,
  "total_services": 125,
  "count_add_slot": 20,
  "count_cut": 0,
  "count_no_change": 105,
  "total_allocated_pkm": 1513299.8819359923,
  "quadrant_counts": {
    "OVERSUPPLY": 66,
    "UNDERSUPPLY": 53,
    "INEFFICIENT": 6
  },
  "quadrant_pcts": {
    "OVERSUPPLY": 52.8,
    "UNDERSUPPLY": 42.4,
    "INEFFICIENT": 4.8
  },
  "total_revenue": 1987652.5232545955,
  "total_contribution": 999928.5432545955,
  "total_planned_kms": 51753.0,
  "depot_avg_epk": 40.1223936903772,
  "depot_avg_or": 0.6231073670591346,
  "revenue_by_quadrant": {
    "INEFFICIENT": 10822.692350432268,
    "OVERSUPPLY": 932529.1293339503,
    "UNDERSUPPLY": 1044300.7015702128
  },
  "contribution_by_quadrant": {
    "INEFFICIENT": -60385.507649567735,
    "OVERSUPPLY": 396005.52933395037,
    "UNDERSUPPLY": 664308.5215702128
  }
}