{
  "depot": "KUKATPALLY",
  "target_date": "2026-03-27",
  "predicted_depot_pkm": 1439231.875,
  "total_services": 204,
  "count_add_slot": 47,
  "count_cut": 0,
  "count_no_change": 157,
  "total_allocated_pkm": 1362939.2187811173,
  "quadrant_counts": {
    "OVERSUPPLY": 104,
    "UNDERSUPPLY": 89,
    "INEFFICIENT": 11
  },
  "quadrant_pcts": {
    "OVERSUPPLY": 51.0,
    "UNDERSUPPLY": 43.6,
    "INEFFICIENT": 5.4
  },
  "total_revenue": 1862852.7416879411,
  "total_contribution": 1071604.2416879414,
  "total_planned_kms": 38029.0,
  "depot_avg_epk": 49.970033209886346,
  "depot_avg_or": 0.679560441113195,
  "revenue_by_quadrant": {
    "INEFFICIENT": 38444.573862151796,
    "OVERSUPPLY": 743322.1705772985,
    "UNDERSUPPLY": 1081085.997248491
  },
  "contribution_by_quadrant": {
    "INEFFICIENT": -21074.9761378482,
    "OVERSUPPLY": 381266.1505772985,
    "UNDERSUPPLY": 711413.0672484911
  }
}