{
  "depot": "CONTONMENT",
  "target_date": "2026-03-27",
  "predicted_depot_pkm": 1718953.25,
  "total_services": 280,
  "count_add_slot": 118,
  "count_cut": 0,
  "count_no_change": 162,
  "total_allocated_pkm": 1511172.3173263364,
  "quadrant_counts": {
    "UNDERSUPPLY": 147,
    "OVERSUPPLY": 80,
    "INEFFICIENT": 49,
    "SOCIAL_OBLIGATION": 4
  },
  "quadrant_pcts": {
    "UNDERSUPPLY": 52.5,
    "OVERSUPPLY": 28.6,
    "INEFFICIENT": 17.5,
    "SOCIAL_OBLIGATION": 1.4
  },
  "total_revenue": 2362031.1743954825,
  "total_contribution": 900832.4893954822,
  "total_planned_kms": 46119.0,
  "depot_avg_epk": 54.400713195700035,
  "depot_avg_or": 0.7953647193061759,
  "revenue_by_quadrant": {
    "INEFFICIENT": 157549.89836692496,
    "OVERSUPPLY": 598085.9574108452,
    "SOCIAL_OBLIGATION": 27311.218090728078,
    "UNDERSUPPLY": 1579084.100526984
  },
  "contribution_by_quadrant": {
    "INEFFICIENT": -216930.34663307504,
    "OVERSUPPLY": 215330.55741084518,
    "SOCIAL_OBLIGATION": -3375.7819092719183,
    "UNDERSUPPLY": 905808.060526984
  }
}