{
  "depot": "KARIMNAGAR-I",
  "target_date": "2026-03-27",
  "predicted_depot_pkm": 1392052.625,
  "total_services": 108,
  "count_add_slot": 4,
  "count_cut": 3,
  "count_no_change": 101,
  "total_allocated_pkm": 1293068.9209512135,
  "quadrant_counts": {
    "OVERSUPPLY": 81,
    "UNDERSUPPLY": 22,
    "INEFFICIENT": 5
  },
  "quadrant_pcts": {
    "OVERSUPPLY": 75.0,
    "UNDERSUPPLY": 20.4,
    "INEFFICIENT": 4.6
  },
  "total_revenue": 1623236.8987576945,
  "total_contribution": 485705.138757695,
  "total_planned_kms": 47350.0,
  "depot_avg_epk": 35.08417687764524,
  "depot_avg_or": 0.5650847714558541,
  "revenue_by_quadrant": {
    "INEFFICIENT": 41245.64780197736,
    "OVERSUPPLY": 1192964.8284636168,
    "UNDERSUPPLY": 389026.4224921008
  },
  "contribution_by_quadrant": {
    "INEFFICIENT": -31872.852198022643,
    "OVERSUPPLY": 360951.7084636168,
    "UNDERSUPPLY": 156626.2824921008
  }
}