{
  "depot": "NARSAMPET",
  "target_date": "2026-03-27",
  "predicted_depot_pkm": 1261743.125,
  "total_services": 94,
  "count_add_slot": 2,
  "count_cut": 7,
  "count_no_change": 85,
  "total_allocated_pkm": 1192600.6114958064,
  "quadrant_counts": {
    "OVERSUPPLY": 56,
    "UNDERSUPPLY": 28,
    "INEFFICIENT": 10
  },
  "quadrant_pcts": {
    "OVERSUPPLY": 59.6,
    "UNDERSUPPLY": 29.8,
    "INEFFICIENT": 10.6
  },
  "total_revenue": 1424297.1370588378,
  "total_contribution": 552404.937058838,
  "total_planned_kms": 40599.0,
  "depot_avg_epk": 35.09745631548882,
  "depot_avg_or": 0.5812134810950341,
  "revenue_by_quadrant": {
    "INEFFICIENT": 49682.53779128479,
    "OVERSUPPLY": 854398.7702076425,
    "UNDERSUPPLY": 520215.82905991084
  },
  "contribution_by_quadrant": {
    "INEFFICIENT": -36299.1422087152,
    "OVERSUPPLY": 323469.75020764244,
    "UNDERSUPPLY": 265234.32905991084
  }
}