{
  "depot": "IBRAHIMPATNAM",
  "target_date": "2026-03-24",
  "predicted_depot_pkm": 2027455.0,
  "total_services": 189,
  "count_add_slot": 68,
  "count_cut": 0,
  "count_no_change": 121,
  "total_allocated_pkm": 1947657.7607492148,
  "quadrant_counts": {
    "UNDERSUPPLY": 131,
    "OVERSUPPLY": 57,
    "INEFFICIENT": 1
  },
  "quadrant_pcts": {
    "UNDERSUPPLY": 69.3,
    "OVERSUPPLY": 30.2,
    "INEFFICIENT": 0.5
  },
  "total_revenue": 2606073.320780023,
  "total_contribution": 1727008.5407800227,
  "total_planned_kms": 44803.0,
  "depot_avg_epk": 59.854404004615596,
  "depot_avg_or": 0.7958469546622003,
  "revenue_by_quadrant": {
    "INEFFICIENT": 6631.227461404682,
    "OVERSUPPLY": 622425.0286079611,
    "UNDERSUPPLY": 1977017.064710657
  },
  "contribution_by_quadrant": {
    "INEFFICIENT": -363.9725385953179,
    "OVERSUPPLY": 335169.6686079611,
    "UNDERSUPPLY": 1392202.844710657
  }
}