{
  "depot": "BODHAN",
  "target_date": "2026-03-24",
  "predicted_depot_pkm": 1750272.875,
  "total_services": 101,
  "count_add_slot": 39,
  "count_cut": 1,
  "count_no_change": 61,
  "total_allocated_pkm": 1582958.304083662,
  "quadrant_counts": {
    "UNDERSUPPLY": 59,
    "OVERSUPPLY": 32,
    "INEFFICIENT": 10
  },
  "quadrant_pcts": {
    "UNDERSUPPLY": 58.4,
    "OVERSUPPLY": 31.7,
    "INEFFICIENT": 9.9
  },
  "total_revenue": 1999621.9872787958,
  "total_contribution": 1063633.6272787962,
  "total_planned_kms": 49952.0,
  "depot_avg_epk": 43.95183385516514,
  "depot_avg_or": 0.7210567999134155,
  "revenue_by_quadrant": {
    "INEFFICIENT": 46869.12391270473,
    "OVERSUPPLY": 652521.4745518689,
    "UNDERSUPPLY": 1300231.3888142223
  },
  "contribution_by_quadrant": {
    "INEFFICIENT": -97169.24608729527,
    "OVERSUPPLY": 282911.9345518688,
    "UNDERSUPPLY": 877890.9388142223
  }
}