{
  "depot": "KARIMNAGAR-I",
  "target_date": "2026-03-24",
  "predicted_depot_pkm": 1757350.125,
  "total_services": 108,
  "count_add_slot": 32,
  "count_cut": 2,
  "count_no_change": 74,
  "total_allocated_pkm": 1629364.9669386537,
  "quadrant_counts": {
    "UNDERSUPPLY": 59,
    "OVERSUPPLY": 45,
    "INEFFICIENT": 4
  },
  "quadrant_pcts": {
    "UNDERSUPPLY": 54.6,
    "OVERSUPPLY": 41.7,
    "INEFFICIENT": 3.7
  },
  "total_revenue": 2038681.6720693388,
  "total_contribution": 901149.9120693391,
  "total_planned_kms": 47350.0,
  "depot_avg_epk": 44.207289014796395,
  "depot_avg_or": 0.7126547339623491,
  "revenue_by_quadrant": {
    "INEFFICIENT": 39762.176281210974,
    "OVERSUPPLY": 761047.4819382837,
    "UNDERSUPPLY": 1237872.0138498442
  },
  "contribution_by_quadrant": {
    "INEFFICIENT": -27373.423718789025,
    "OVERSUPPLY": 317244.14193828363,
    "UNDERSUPPLY": 611279.1938498443
  }
}