{
  "depot": "KUKATPALLY",
  "target_date": "2026-03-24",
  "predicted_depot_pkm": 1657637.75,
  "total_services": 204,
  "count_add_slot": 75,
  "count_cut": 0,
  "count_no_change": 129,
  "total_allocated_pkm": 1556860.380515019,
  "quadrant_counts": {
    "UNDERSUPPLY": 125,
    "OVERSUPPLY": 67,
    "INEFFICIENT": 12
  },
  "quadrant_pcts": {
    "UNDERSUPPLY": 61.3,
    "OVERSUPPLY": 32.8,
    "INEFFICIENT": 5.9
  },
  "total_revenue": 2128338.8888172563,
  "total_contribution": 1337090.3888172565,
  "total_planned_kms": 38029.0,
  "depot_avg_epk": 56.488999508318805,
  "depot_avg_or": 0.7681827038982161,
  "revenue_by_quadrant": {
    "INEFFICIENT": 33750.607613371656,
    "OVERSUPPLY": 482214.78549508937,
    "UNDERSUPPLY": 1612373.4957087955
  },
  "contribution_by_quadrant": {
    "INEFFICIENT": -22060.642386628344,
    "OVERSUPPLY": 247317.68549508933,
    "UNDERSUPPLY": 1111833.3457087956
  }
}