{
  "depot": "CONTONMENT",
  "target_date": "2026-03-18",
  "predicted_depot_pkm": 1793136.0,
  "total_services": 280,
  "count_add_slot": 132,
  "count_cut": 0,
  "count_no_change": 148,
  "total_allocated_pkm": 1644540.0555579523,
  "quadrant_counts": {
    "UNDERSUPPLY": 164,
    "OVERSUPPLY": 82,
    "INEFFICIENT": 33,
    "SOCIAL_OBLIGATION": 1
  },
  "quadrant_pcts": {
    "UNDERSUPPLY": 58.6,
    "OVERSUPPLY": 29.3,
    "INEFFICIENT": 11.8,
    "SOCIAL_OBLIGATION": 0.4
  },
  "total_revenue": 2570839.778900929,
  "total_contribution": 1109641.0939009285,
  "total_planned_kms": 46119.0,
  "depot_avg_epk": 58.73831282296478,
  "depot_avg_or": 0.8594014764136216,
  "revenue_by_quadrant": {
    "INEFFICIENT": 111421.29106010977,
    "OVERSUPPLY": 600773.6375582939,
    "SOCIAL_OBLIGATION": 7420.415815949682,
    "UNDERSUPPLY": 1851224.434466575
  },
  "contribution_by_quadrant": {
    "INEFFICIENT": -185599.46393989024,
    "OVERSUPPLY": 194525.50755829396,
    "SOCIAL_OBLIGATION": -106.58418405031807,
    "UNDERSUPPLY": 1100821.6344665752
  }
}