{
  "depot": "JANGAON",
  "target_date": "2026-03-18",
  "predicted_depot_pkm": 2367055.75,
  "total_services": 115,
  "count_add_slot": 67,
  "count_cut": 0,
  "count_no_change": 48,
  "total_allocated_pkm": 2219037.7932516816,
  "quadrant_counts": {
    "UNDERSUPPLY": 96,
    "OVERSUPPLY": 17,
    "INEFFICIENT": 2
  },
  "quadrant_pcts": {
    "UNDERSUPPLY": 83.5,
    "OVERSUPPLY": 14.8,
    "INEFFICIENT": 1.7
  },
  "total_revenue": 2598672.772992213,
  "total_contribution": 1813795.0929922124,
  "total_planned_kms": 49455.0,
  "depot_avg_epk": 52.64049054986629,
  "depot_avg_or": 0.8694718475697346,
  "revenue_by_quadrant": {
    "INEFFICIENT": 10567.965435907989,
    "OVERSUPPLY": 292715.3462174976,
    "UNDERSUPPLY": 2295389.461338807
  },
  "contribution_by_quadrant": {
    "INEFFICIENT": -3723.634564092012,
    "OVERSUPPLY": 149642.08621749756,
    "UNDERSUPPLY": 1667876.641338807
  }
}