{
  "depot": "ARMOOR",
  "target_date": "2026-03-18",
  "predicted_depot_pkm": 1436474.375,
  "total_services": 90,
  "count_add_slot": 33,
  "count_cut": 2,
  "count_no_change": 55,
  "total_allocated_pkm": 1305261.0011675165,
  "quadrant_counts": {
    "UNDERSUPPLY": 56,
    "OVERSUPPLY": 29,
    "INEFFICIENT": 5
  },
  "quadrant_pcts": {
    "UNDERSUPPLY": 62.2,
    "OVERSUPPLY": 32.2,
    "INEFFICIENT": 5.6
  },
  "total_revenue": 1796135.8633816193,
  "total_contribution": 1115166.6633816194,
  "total_planned_kms": 36987.0,
  "depot_avg_epk": 50.616583504915326,
  "depot_avg_or": 0.7203632440134083,
  "revenue_by_quadrant": {
    "INEFFICIENT": 13407.486132369002,
    "OVERSUPPLY": 440762.97138137923,
    "UNDERSUPPLY": 1341965.4058678711
  },
  "contribution_by_quadrant": {
    "INEFFICIENT": -21202.913867630996,
    "OVERSUPPLY": 176444.85138137924,
    "UNDERSUPPLY": 959924.7258678711
  }
}