{
  "depot": "WARANGAL-I",
  "target_date": "2026-03-18",
  "predicted_depot_pkm": 2014987.375,
  "total_services": 132,
  "count_add_slot": 19,
  "count_cut": 1,
  "count_no_change": 112,
  "total_allocated_pkm": 1884054.5515437506,
  "quadrant_counts": {
    "OVERSUPPLY": 73,
    "UNDERSUPPLY": 56,
    "INEFFICIENT": 3
  },
  "quadrant_pcts": {
    "OVERSUPPLY": 55.3,
    "UNDERSUPPLY": 42.4,
    "INEFFICIENT": 2.3
  },
  "total_revenue": 2759825.025494911,
  "total_contribution": 1216794.445494911,
  "total_planned_kms": 68078.0,
  "depot_avg_epk": 42.64881374668903,
  "depot_avg_or": 0.6608549195880085,
  "revenue_by_quadrant": {
    "INEFFICIENT": 20504.72929574748,
    "OVERSUPPLY": 1651756.7142305614,
    "UNDERSUPPLY": 1087563.5819686018
  },
  "contribution_by_quadrant": {
    "INEFFICIENT": -4416.210704252521,
    "OVERSUPPLY": 682468.0542305615,
    "UNDERSUPPLY": 538742.6019686018
  }
}