{
  "depot": "BHUPALAPALLAY",
  "target_date": "2026-03-18",
  "predicted_depot_pkm": 1562948.375,
  "total_services": 86,
  "count_add_slot": 35,
  "count_cut": 0,
  "count_no_change": 51,
  "total_allocated_pkm": 1511356.8280488162,
  "quadrant_counts": {
    "UNDERSUPPLY": 57,
    "OVERSUPPLY": 23,
    "INEFFICIENT": 6
  },
  "quadrant_pcts": {
    "UNDERSUPPLY": 66.3,
    "OVERSUPPLY": 26.7,
    "INEFFICIENT": 7.0
  },
  "total_revenue": 1908418.949565859,
  "total_contribution": 1071702.569565859,
  "total_planned_kms": 40068.0,
  "depot_avg_epk": 47.49992501779037,
  "depot_avg_or": 0.7548124082399699,
  "revenue_by_quadrant": {
    "INEFFICIENT": 14023.941811232591,
    "OVERSUPPLY": 383518.5618834949,
    "UNDERSUPPLY": 1510876.4458711313
  },
  "contribution_by_quadrant": {
    "INEFFICIENT": -41376.97818876741,
    "OVERSUPPLY": 171387.02188349492,
    "UNDERSUPPLY": 941692.5258711312
  }
}