{
  "depot": "BANSWADA",
  "target_date": "2026-03-18",
  "predicted_depot_pkm": 1625909.5,
  "total_services": 92,
  "count_add_slot": 40,
  "count_cut": 0,
  "count_no_change": 52,
  "total_allocated_pkm": 1536472.5411677486,
  "quadrant_counts": {
    "UNDERSUPPLY": 70,
    "OVERSUPPLY": 14,
    "INEFFICIENT": 8
  },
  "quadrant_pcts": {
    "UNDERSUPPLY": 76.1,
    "OVERSUPPLY": 15.2,
    "INEFFICIENT": 8.7
  },
  "total_revenue": 1851179.375080069,
  "total_contribution": 1147808.1850800691,
  "total_planned_kms": 37832.0,
  "depot_avg_epk": 48.05001707876656,
  "depot_avg_or": 0.7721340542200322,
  "revenue_by_quadrant": {
    "INEFFICIENT": 31509.083877622703,
    "OVERSUPPLY": 151995.46546658676,
    "UNDERSUPPLY": 1667674.8257358598
  },
  "contribution_by_quadrant": {
    "INEFFICIENT": -28440.286122377303,
    "OVERSUPPLY": 56277.84546658674,
    "UNDERSUPPLY": 1119970.6257358596
  }
}