{
  "depot": "WARANGAL-II",
  "target_date": "2026-03-26",
  "predicted_depot_pkm": 2667095.25,
  "total_services": 158,
  "count_add_slot": 26,
  "count_cut": 5,
  "count_no_change": 127,
  "total_allocated_pkm": 2430066.9450811525,
  "quadrant_counts": {
    "UNDERSUPPLY": 67,
    "INEFFICIENT": 55,
    "OVERSUPPLY": 36
  },
  "quadrant_pcts": {
    "UNDERSUPPLY": 42.4,
    "INEFFICIENT": 34.8,
    "OVERSUPPLY": 22.8
  },
  "total_revenue": 3208187.0234045065,
  "total_contribution": 254826.46340450633,
  "total_planned_kms": 75884.0,
  "depot_avg_epk": 42.63058642537573,
  "depot_avg_or": 0.6413200150171553,
  "revenue_by_quadrant": {
    "INEFFICIENT": 755445.0850018017,
    "OVERSUPPLY": 780717.0122734015,
    "UNDERSUPPLY": 1672024.926129303
  },
  "contribution_by_quadrant": {
    "INEFFICIENT": -357017.9549981982,
    "OVERSUPPLY": 77686.53227340158,
    "UNDERSUPPLY": 534157.8861293029
  }
}