{
  "depot": "JANGAON",
  "target_date": "2026-05-11",
  "predicted_depot_pkm": 2560939.75,
  "total_services": 115,
  "count_add_slot": 77,
  "count_cut": 1,
  "count_no_change": 37,
  "total_allocated_pkm": 2275515.8166561504,
  "quadrant_counts": {
    "UNDERSUPPLY": 88,
    "OVERSUPPLY": 18,
    "INEFFICIENT": 9
  },
  "quadrant_pcts": {
    "UNDERSUPPLY": 76.5,
    "OVERSUPPLY": 15.7,
    "INEFFICIENT": 7.8
  },
  "total_revenue": 2625385.8999915887,
  "total_contribution": 1840508.2199915887,
  "total_planned_kms": 49455.0,
  "depot_avg_epk": 53.32579297044946,
  "depot_avg_or": 0.899595164488671,
  "revenue_by_quadrant": {
    "INEFFICIENT": 4460.694245616494,
    "OVERSUPPLY": 342752.4352419198,
    "UNDERSUPPLY": 2278172.7705040523
  },
  "contribution_by_quadrant": {
    "INEFFICIENT": -63614.54575438351,
    "OVERSUPPLY": 185924.36524191985,
    "UNDERSUPPLY": 1718198.4005040522
  }
}