{
  "depot": "HAKIMPET",
  "target_date": "2026-05-11",
  "predicted_depot_pkm": 1377184.5,
  "total_services": 152,
  "count_add_slot": 127,
  "count_cut": 0,
  "count_no_change": 25,
  "total_allocated_pkm": 1336503.2293698285,
  "quadrant_counts": {
    "UNDERSUPPLY": 146,
    "OVERSUPPLY": 6
  },
  "quadrant_pcts": {
    "UNDERSUPPLY": 96.1,
    "OVERSUPPLY": 3.9
  },
  "total_revenue": 1803865.0692742239,
  "total_contribution": 982513.7129742238,
  "total_planned_kms": 31321.69,
  "depot_avg_epk": 58.41652204373463,
  "depot_avg_or": 1.0027119889109615,
  "revenue_by_quadrant": {
    "OVERSUPPLY": 38347.61347419673,
    "UNDERSUPPLY": 1765517.4558000271
  },
  "contribution_by_quadrant": {
    "OVERSUPPLY": 12716.893474196735,
    "UNDERSUPPLY": 969796.819500027
  }
}