{
  "depot": "SIRCILLA",
  "target_date": "2026-05-11",
  "predicted_depot_pkm": 1259759.0,
  "total_services": 65,
  "count_add_slot": 38,
  "count_cut": 2,
  "count_no_change": 25,
  "total_allocated_pkm": 1195249.64458482,
  "quadrant_counts": {
    "UNDERSUPPLY": 47,
    "OVERSUPPLY": 13,
    "INEFFICIENT": 5
  },
  "quadrant_pcts": {
    "UNDERSUPPLY": 72.3,
    "OVERSUPPLY": 20.0,
    "INEFFICIENT": 7.7
  },
  "total_revenue": 1460321.8371137888,
  "total_contribution": 754496.8371137888,
  "total_planned_kms": 28233.0,
  "depot_avg_epk": 52.25550996244768,
  "depot_avg_or": 0.8499679192400357,
  "revenue_by_quadrant": {
    "INEFFICIENT": 26819.202446934614,
    "OVERSUPPLY": 194638.16185331342,
    "UNDERSUPPLY": 1238864.4728135406
  },
  "contribution_by_quadrant": {
    "INEFFICIENT": -25805.797553065386,
    "OVERSUPPLY": 38813.16185331341,
    "UNDERSUPPLY": 741489.4728135407
  }
}