{
  "depot": "DILSHUKNAGAR",
  "target_date": "2026-05-11",
  "predicted_depot_pkm": 1505625.875,
  "total_services": 149,
  "count_add_slot": 111,
  "count_cut": 0,
  "count_no_change": 38,
  "total_allocated_pkm": 1405744.5416715373,
  "quadrant_counts": {
    "UNDERSUPPLY": 116,
    "INEFFICIENT": 31,
    "OVERSUPPLY": 2
  },
  "quadrant_pcts": {
    "UNDERSUPPLY": 77.9,
    "INEFFICIENT": 20.8,
    "OVERSUPPLY": 1.3
  },
  "total_revenue": 1898832.5112466738,
  "total_contribution": 1087850.5112466738,
  "total_planned_kms": 32439.28,
  "depot_avg_epk": 60.35101470394778,
  "depot_avg_or": 0.970396055281164,
  "revenue_by_quadrant": {
    "INEFFICIENT": 62048.43947068126,
    "OVERSUPPLY": 11143.887083789275,
    "UNDERSUPPLY": 1825640.184692203
  },
  "contribution_by_quadrant": {
    "INEFFICIENT": -125226.56052931874,
    "OVERSUPPLY": 4143.887083789275,
    "UNDERSUPPLY": 1208933.184692203
  }
}