{
  "depot": "MAHABOOBABAD",
  "target_date": "2026-05-11",
  "predicted_depot_pkm": 1595153.0,
  "total_services": 76,
  "count_add_slot": 53,
  "count_cut": 3,
  "count_no_change": 20,
  "total_allocated_pkm": 1492236.2752620787,
  "quadrant_counts": {
    "UNDERSUPPLY": 61,
    "OVERSUPPLY": 9,
    "INEFFICIENT": 6
  },
  "quadrant_pcts": {
    "UNDERSUPPLY": 80.3,
    "OVERSUPPLY": 11.8,
    "INEFFICIENT": 7.9
  },
  "total_revenue": 1726530.8558475038,
  "total_contribution": 1168043.0658475037,
  "total_planned_kms": 31066.0,
  "depot_avg_epk": 54.94702839337979,
  "depot_avg_or": 0.8879692006706291,
  "revenue_by_quadrant": {
    "INEFFICIENT": 8460.47898690323,
    "OVERSUPPLY": 122880.9878348931,
    "UNDERSUPPLY": 1595189.3890257075
  },
  "contribution_by_quadrant": {
    "INEFFICIENT": -33630.041013096765,
    "OVERSUPPLY": 56279.26783489309,
    "UNDERSUPPLY": 1145393.8390257074
  }
}