{
  "depot": "PICKET",
  "target_date": "2026-05-11",
  "predicted_depot_pkm": 1386397.875,
  "total_services": 75,
  "count_add_slot": 18,
  "count_cut": 0,
  "count_no_change": 57,
  "total_allocated_pkm": 1203043.0305889202,
  "quadrant_counts": {
    "UNDERSUPPLY": 44,
    "OVERSUPPLY": 30,
    "INEFFICIENT": 1
  },
  "quadrant_pcts": {
    "UNDERSUPPLY": 58.7,
    "OVERSUPPLY": 40.0,
    "INEFFICIENT": 1.3
  },
  "total_revenue": 1976279.2687319876,
  "total_contribution": 964504.2687319878,
  "total_planned_kms": 40471.0,
  "depot_avg_epk": 50.5635728489343,
  "depot_avg_or": 0.7678031487994984,
  "revenue_by_quadrant": {
    "INEFFICIENT": 0.0,
    "OVERSUPPLY": 658453.9867117302,
    "UNDERSUPPLY": 1317825.2820202576
  },
  "contribution_by_quadrant": {
    "INEFFICIENT": -14150.0,
    "OVERSUPPLY": 233303.9867117302,
    "UNDERSUPPLY": 745350.2820202576
  }
}