{
  "depot": "SATTUPALLY",
  "target_date": "2026-05-11",
  "predicted_depot_pkm": 2107619.75,
  "total_services": 105,
  "count_add_slot": 51,
  "count_cut": 2,
  "count_no_change": 52,
  "total_allocated_pkm": 1887975.3495713386,
  "quadrant_counts": {
    "UNDERSUPPLY": 80,
    "OVERSUPPLY": 18,
    "INEFFICIENT": 7
  },
  "quadrant_pcts": {
    "UNDERSUPPLY": 76.2,
    "OVERSUPPLY": 17.1,
    "INEFFICIENT": 6.7
  },
  "total_revenue": 2500083.708655247,
  "total_contribution": 1300108.708655247,
  "total_planned_kms": 47999.0,
  "depot_avg_epk": 52.42499274537579,
  "depot_avg_or": 0.8400485160626657,
  "revenue_by_quadrant": {
    "INEFFICIENT": 28521.620796364623,
    "OVERSUPPLY": 314468.6688689098,
    "UNDERSUPPLY": 2157093.4189899727
  },
  "contribution_by_quadrant": {
    "INEFFICIENT": -54053.37920363538,
    "OVERSUPPLY": 96568.66886890985,
    "UNDERSUPPLY": 1257593.4189899724
  }
}