{
  "depot": "KALVAKURTHY",
  "target_date": "2026-05-11",
  "predicted_depot_pkm": 2184468.5,
  "total_services": 98,
  "count_add_slot": 66,
  "count_cut": 1,
  "count_no_change": 31,
  "total_allocated_pkm": 2078324.9531617502,
  "quadrant_counts": {
    "UNDERSUPPLY": 79,
    "OVERSUPPLY": 14,
    "INEFFICIENT": 5
  },
  "quadrant_pcts": {
    "UNDERSUPPLY": 80.6,
    "OVERSUPPLY": 14.3,
    "INEFFICIENT": 5.1
  },
  "total_revenue": 2363282.597702108,
  "total_contribution": 1278307.5977021074,
  "total_planned_kms": 43399.0,
  "depot_avg_epk": 54.55233838846588,
  "depot_avg_or": 0.9085237712445593,
  "revenue_by_quadrant": {
    "INEFFICIENT": 18864.589424772676,
    "OVERSUPPLY": 263681.63787233207,
    "UNDERSUPPLY": 2080736.3704050027
  },
  "contribution_by_quadrant": {
    "INEFFICIENT": -26335.410575227324,
    "OVERSUPPLY": 79881.63787233205,
    "UNDERSUPPLY": 1224761.3704050027
  }
}