{
  "depot": "HCU",
  "target_date": "2026-05-11",
  "predicted_depot_pkm": 1514956.875,
  "total_services": 138,
  "count_add_slot": 125,
  "count_cut": 0,
  "count_no_change": 13,
  "total_allocated_pkm": 1391886.0845378442,
  "quadrant_counts": {
    "UNDERSUPPLY": 130,
    "INEFFICIENT": 4,
    "OVERSUPPLY": 4
  },
  "quadrant_pcts": {
    "UNDERSUPPLY": 94.2,
    "INEFFICIENT": 2.9,
    "OVERSUPPLY": 2.9
  },
  "total_revenue": 1920499.0702698817,
  "total_contribution": 1212801.3202698817,
  "total_planned_kms": 28307.910000000003,
  "depot_avg_epk": 68.15525773983796,
  "depot_avg_or": 1.4492033522711845,
  "revenue_by_quadrant": {
    "INEFFICIENT": 0.0,
    "OVERSUPPLY": 29329.058286741914,
    "UNDERSUPPLY": 1891170.01198314
  },
  "contribution_by_quadrant": {
    "INEFFICIENT": -17397.75,
    "OVERSUPPLY": 5698.058286741914,
    "UNDERSUPPLY": 1224501.01198314
  }
}