{
  "depot": "HYDERABAD-II",
  "target_date": "2026-05-11",
  "predicted_depot_pkm": 1893621.625,
  "total_services": 94,
  "count_add_slot": 56,
  "count_cut": 0,
  "count_no_change": 38,
  "total_allocated_pkm": 1795861.9787155194,
  "quadrant_counts": {
    "UNDERSUPPLY": 74,
    "OVERSUPPLY": 17,
    "INEFFICIENT": 3
  },
  "quadrant_pcts": {
    "UNDERSUPPLY": 78.7,
    "OVERSUPPLY": 18.1,
    "INEFFICIENT": 3.2
  },
  "total_revenue": 2466579.985928934,
  "total_contribution": 1350454.985928934,
  "total_planned_kms": 44645.0,
  "depot_avg_epk": 58.351576229834706,
  "depot_avg_or": 0.9244529516850719,
  "revenue_by_quadrant": {
    "INEFFICIENT": 58035.217972417944,
    "OVERSUPPLY": 365565.1676260924,
    "UNDERSUPPLY": 2042979.6003304238
  },
  "contribution_by_quadrant": {
    "INEFFICIENT": -6464.782027582056,
    "OVERSUPPLY": 122965.1676260924,
    "UNDERSUPPLY": 1233954.6003304238
  }
}