{
  "depot": "TANDUR",
  "target_date": "2026-05-11",
  "predicted_depot_pkm": 1814317.125,
  "total_services": 92,
  "count_add_slot": 51,
  "count_cut": 1,
  "count_no_change": 40,
  "total_allocated_pkm": 1716037.1314870305,
  "quadrant_counts": {
    "UNDERSUPPLY": 71,
    "OVERSUPPLY": 15,
    "INEFFICIENT": 6
  },
  "quadrant_pcts": {
    "UNDERSUPPLY": 77.2,
    "OVERSUPPLY": 16.3,
    "INEFFICIENT": 6.5
  },
  "total_revenue": 1988075.2902883678,
  "total_contribution": 1049575.2902883675,
  "total_planned_kms": 37540.0,
  "depot_avg_epk": 53.701885836661305,
  "depot_avg_or": 0.8592277785519432,
  "revenue_by_quadrant": {
    "INEFFICIENT": 23826.663934465643,
    "OVERSUPPLY": 272868.9009539101,
    "UNDERSUPPLY": 1691379.725399992
  },
  "contribution_by_quadrant": {
    "INEFFICIENT": -45323.33606553436,
    "OVERSUPPLY": 91668.9009539101,
    "UNDERSUPPLY": 1003229.7253999918
  }
}