{
  "depot": "ARMOOR",
  "target_date": "2026-05-11",
  "predicted_depot_pkm": 1645553.25,
  "total_services": 90,
  "count_add_slot": 41,
  "count_cut": 2,
  "count_no_change": 47,
  "total_allocated_pkm": 1446985.7865354577,
  "quadrant_counts": {
    "UNDERSUPPLY": 59,
    "OVERSUPPLY": 23,
    "INEFFICIENT": 8
  },
  "quadrant_pcts": {
    "UNDERSUPPLY": 65.6,
    "OVERSUPPLY": 25.6,
    "INEFFICIENT": 8.9
  },
  "total_revenue": 1811944.3665669842,
  "total_contribution": 1130975.1665669843,
  "total_planned_kms": 36987.0,
  "depot_avg_epk": 49.39092542403223,
  "depot_avg_or": 0.7996000184136572,
  "revenue_by_quadrant": {
    "INEFFICIENT": 6872.87629753789,
    "OVERSUPPLY": 305123.73801020446,
    "UNDERSUPPLY": 1499947.7522592419
  },
  "contribution_by_quadrant": {
    "INEFFICIENT": -53293.06370246211,
    "OVERSUPPLY": 143019.15801020444,
    "UNDERSUPPLY": 1041249.072259242
  }
}