{
  "depot": "MANCHERIAL",
  "target_date": "2026-05-11",
  "predicted_depot_pkm": 2660948.5,
  "total_services": 146,
  "count_add_slot": 87,
  "count_cut": 0,
  "count_no_change": 59,
  "total_allocated_pkm": 2602873.942770756,
  "quadrant_counts": {
    "UNDERSUPPLY": 112,
    "OVERSUPPLY": 27,
    "INEFFICIENT": 7
  },
  "quadrant_pcts": {
    "UNDERSUPPLY": 76.7,
    "OVERSUPPLY": 18.5,
    "INEFFICIENT": 4.8
  },
  "total_revenue": 3311513.935125227,
  "total_contribution": 1767938.9351252266,
  "total_planned_kms": 61743.0,
  "depot_avg_epk": 53.715459887672324,
  "depot_avg_or": 0.8737559139792531,
  "revenue_by_quadrant": {
    "INEFFICIENT": 30381.306809140966,
    "OVERSUPPLY": 592561.7711479143,
    "UNDERSUPPLY": 2688570.8571681716
  },
  "contribution_by_quadrant": {
    "INEFFICIENT": -26193.693190859034,
    "OVERSUPPLY": 251736.7711479143,
    "UNDERSUPPLY": 1542395.8571681713
  }
}