{
  "depot": "WANAPARTHI",
  "target_date": "2026-05-11",
  "predicted_depot_pkm": 2628164.5,
  "total_services": 130,
  "count_add_slot": 96,
  "count_cut": 0,
  "count_no_change": 34,
  "total_allocated_pkm": 2567279.1057837,
  "quadrant_counts": {
    "UNDERSUPPLY": 115,
    "OVERSUPPLY": 14,
    "INEFFICIENT": 1
  },
  "quadrant_pcts": {
    "UNDERSUPPLY": 88.5,
    "OVERSUPPLY": 10.8,
    "INEFFICIENT": 0.8
  },
  "total_revenue": 3114227.895510721,
  "total_contribution": 1839627.8955107208,
  "total_planned_kms": 50984.0,
  "depot_avg_epk": 61.61250750931256,
  "depot_avg_or": 1.0058728649403432,
  "revenue_by_quadrant": {
    "INEFFICIENT": 0.0,
    "OVERSUPPLY": 236132.59547609542,
    "UNDERSUPPLY": 2878095.3000346255
  },
  "contribution_by_quadrant": {
    "INEFFICIENT": -8250.0,
    "OVERSUPPLY": 91082.59547609542,
    "UNDERSUPPLY": 1756795.3000346252
  }
}