{
  "depot": "DUBBAKA",
  "target_date": "2026-05-11",
  "predicted_depot_pkm": 936863.25,
  "total_services": 41,
  "count_add_slot": 24,
  "count_cut": 6,
  "count_no_change": 11,
  "total_allocated_pkm": 773729.779391528,
  "quadrant_counts": {
    "UNDERSUPPLY": 28,
    "INEFFICIENT": 9,
    "OVERSUPPLY": 4
  },
  "quadrant_pcts": {
    "UNDERSUPPLY": 68.3,
    "INEFFICIENT": 22.0,
    "OVERSUPPLY": 9.8
  },
  "total_revenue": 910738.3761278228,
  "total_contribution": 484138.37612782285,
  "total_planned_kms": 17064.0,
  "depot_avg_epk": 51.592348265827255,
  "depot_avg_or": 0.7983055889218024,
  "revenue_by_quadrant": {
    "INEFFICIENT": 4929.454004005039,
    "OVERSUPPLY": 69829.93902597825,
    "UNDERSUPPLY": 835978.9830978395
  },
  "contribution_by_quadrant": {
    "INEFFICIENT": -68020.54599599497,
    "OVERSUPPLY": 25379.939025978252,
    "UNDERSUPPLY": 526778.9830978395
  }
}