{
  "depot": "BHEL",
  "target_date": "2026-05-11",
  "predicted_depot_pkm": 1622603.0,
  "total_services": 78,
  "count_add_slot": 9,
  "count_cut": 0,
  "count_no_change": 69,
  "total_allocated_pkm": 1383088.117383587,
  "quadrant_counts": {
    "UNDERSUPPLY": 47,
    "OVERSUPPLY": 25,
    "INEFFICIENT": 6
  },
  "quadrant_pcts": {
    "UNDERSUPPLY": 60.3,
    "OVERSUPPLY": 32.1,
    "INEFFICIENT": 7.7
  },
  "total_revenue": 2878650.8947321875,
  "total_contribution": 1457875.894732187,
  "total_planned_kms": 56831.0,
  "depot_avg_epk": 49.71912194820944,
  "depot_avg_or": 0.6789631199808474,
  "revenue_by_quadrant": {
    "INEFFICIENT": 12332.096405023256,
    "OVERSUPPLY": 913895.7084315737,
    "UNDERSUPPLY": 1952423.0898955902
  },
  "contribution_by_quadrant": {
    "INEFFICIENT": -86992.90359497674,
    "OVERSUPPLY": 436795.70843157364,
    "UNDERSUPPLY": 1108073.0898955902
  }
}