{
  "depot": "RAJENDRANAGAR",
  "target_date": "2026-05-11",
  "predicted_depot_pkm": 1982524.625,
  "total_services": 179,
  "count_add_slot": 134,
  "count_cut": 0,
  "count_no_change": 45,
  "total_allocated_pkm": 1810930.4916047615,
  "quadrant_counts": {
    "UNDERSUPPLY": 135,
    "INEFFICIENT": 41,
    "OVERSUPPLY": 3
  },
  "quadrant_pcts": {
    "UNDERSUPPLY": 75.4,
    "INEFFICIENT": 22.9,
    "OVERSUPPLY": 1.7
  },
  "total_revenue": 2446101.377593368,
  "total_contribution": 1455369.377593368,
  "total_planned_kms": 39629.28,
  "depot_avg_epk": 63.63270640002889,
  "depot_avg_or": 1.0248889530246155,
  "revenue_by_quadrant": {
    "INEFFICIENT": 69216.2604075388,
    "OVERSUPPLY": 15739.97586733304,
    "UNDERSUPPLY": 2361145.1413184963
  },
  "contribution_by_quadrant": {
    "INEFFICIENT": -158764.7395924612,
    "OVERSUPPLY": 4364.975867333041,
    "UNDERSUPPLY": 1609769.141318496
  }
}