{
  "depot": "KOTHAGUDEM",
  "target_date": "2026-05-11",
  "predicted_depot_pkm": 1339918.125,
  "total_services": 61,
  "count_add_slot": 40,
  "count_cut": 0,
  "count_no_change": 21,
  "total_allocated_pkm": 1212854.7711835555,
  "quadrant_counts": {
    "UNDERSUPPLY": 51,
    "OVERSUPPLY": 7,
    "INEFFICIENT": 3
  },
  "quadrant_pcts": {
    "UNDERSUPPLY": 83.6,
    "OVERSUPPLY": 11.5,
    "INEFFICIENT": 4.9
  },
  "total_revenue": 1490998.178855553,
  "total_contribution": 824748.1788555529,
  "total_planned_kms": 26650.0,
  "depot_avg_epk": 57.45452307760967,
  "depot_avg_or": 0.9159339320919431,
  "revenue_by_quadrant": {
    "INEFFICIENT": 19403.18263168022,
    "OVERSUPPLY": 130407.83334720747,
    "UNDERSUPPLY": 1341187.1628766654
  },
  "contribution_by_quadrant": {
    "INEFFICIENT": -18171.81736831978,
    "OVERSUPPLY": 39657.833347207474,
    "UNDERSUPPLY": 803262.1628766654
  }
}