{
  "depot": "NARAYANKHED",
  "target_date": "2026-05-11",
  "predicted_depot_pkm": 1176368.0,
  "total_services": 54,
  "count_add_slot": 27,
  "count_cut": 0,
  "count_no_change": 27,
  "total_allocated_pkm": 1071044.9600318833,
  "quadrant_counts": {
    "UNDERSUPPLY": 35,
    "INEFFICIENT": 10,
    "OVERSUPPLY": 9
  },
  "quadrant_pcts": {
    "UNDERSUPPLY": 64.8,
    "INEFFICIENT": 18.5,
    "OVERSUPPLY": 16.7
  },
  "total_revenue": 1317379.7306294292,
  "total_contribution": 703454.7306294296,
  "total_planned_kms": 24557.0,
  "depot_avg_epk": 50.164220430080846,
  "depot_avg_or": 0.7457612517385838,
  "revenue_by_quadrant": {
    "INEFFICIENT": 39285.36498689263,
    "OVERSUPPLY": 153379.98731313008,
    "UNDERSUPPLY": 1124714.378329407
  },
  "contribution_by_quadrant": {
    "INEFFICIENT": -48539.63501310737,
    "OVERSUPPLY": 47204.98731313007,
    "UNDERSUPPLY": 704789.3783294068
  }
}