{
  "depot": "KUKATPALLY",
  "target_date": "2026-05-11",
  "predicted_depot_pkm": 1433242.25,
  "total_services": 204,
  "count_add_slot": 114,
  "count_cut": 0,
  "count_no_change": 90,
  "total_allocated_pkm": 1204215.7140904185,
  "quadrant_counts": {
    "UNDERSUPPLY": 147,
    "INEFFICIENT": 35,
    "OVERSUPPLY": 22
  },
  "quadrant_pcts": {
    "UNDERSUPPLY": 72.1,
    "INEFFICIENT": 17.2,
    "OVERSUPPLY": 10.8
  },
  "total_revenue": 1637516.303469162,
  "total_contribution": 846266.6634691618,
  "total_planned_kms": 38029.06,
  "depot_avg_epk": 49.55904438426141,
  "depot_avg_or": 0.8029844490993056,
  "revenue_by_quadrant": {
    "INEFFICIENT": 12875.755180666423,
    "OVERSUPPLY": 154508.73226316064,
    "UNDERSUPPLY": 1470131.8160253349
  },
  "contribution_by_quadrant": {
    "INEFFICIENT": -202148.32481933356,
    "OVERSUPPLY": 65693.49226316065,
    "UNDERSUPPLY": 982721.4960253348
  }
}