{
  "depot": "NIZAMABAD-II",
  "target_date": "2026-05-11",
  "predicted_depot_pkm": 1878736.0,
  "total_services": 116,
  "count_add_slot": 63,
  "count_cut": 0,
  "count_no_change": 53,
  "total_allocated_pkm": 1876508.5384523366,
  "quadrant_counts": {
    "UNDERSUPPLY": 86,
    "OVERSUPPLY": 27,
    "INEFFICIENT": 3
  },
  "quadrant_pcts": {
    "UNDERSUPPLY": 74.1,
    "OVERSUPPLY": 23.3,
    "INEFFICIENT": 2.6
  },
  "total_revenue": 2532708.1870257864,
  "total_contribution": 1464508.187025786,
  "total_planned_kms": 42728.0,
  "depot_avg_epk": 59.83465079986176,
  "depot_avg_or": 0.8474478807223123,
  "revenue_by_quadrant": {
    "INEFFICIENT": 9000.15185864101,
    "OVERSUPPLY": 420686.04071938444,
    "UNDERSUPPLY": 2103021.9944477603
  },
  "contribution_by_quadrant": {
    "INEFFICIENT": -11299.84814135899,
    "OVERSUPPLY": 165986.04071938447,
    "UNDERSUPPLY": 1309821.9944477603
  }
}