{
  "depot": "BHAINSA",
  "target_date": "2026-05-11",
  "predicted_depot_pkm": 1705197.5,
  "total_services": 73,
  "count_add_slot": 59,
  "count_cut": 0,
  "count_no_change": 14,
  "total_allocated_pkm": 1633824.0874157029,
  "quadrant_counts": {
    "UNDERSUPPLY": 64,
    "INEFFICIENT": 6,
    "OVERSUPPLY": 3
  },
  "quadrant_pcts": {
    "UNDERSUPPLY": 87.7,
    "INEFFICIENT": 8.2,
    "OVERSUPPLY": 4.1
  },
  "total_revenue": 1824410.9962940703,
  "total_contribution": 1094910.9962940703,
  "total_planned_kms": 29180.0,
  "depot_avg_epk": 62.459897136477146,
  "depot_avg_or": 1.0463627977787535,
  "revenue_by_quadrant": {
    "INEFFICIENT": 28547.33038607803,
    "OVERSUPPLY": 43720.694426332746,
    "UNDERSUPPLY": 1752142.9714816594
  },
  "contribution_by_quadrant": {
    "INEFFICIENT": -27452.66961392197,
    "OVERSUPPLY": 12520.694426332748,
    "UNDERSUPPLY": 1109842.9714816594
  }
}