{
  "depot": "FAROOQNAGAR",
  "target_date": "2026-05-11",
  "predicted_depot_pkm": 1264019.0,
  "total_services": 153,
  "count_add_slot": 111,
  "count_cut": 0,
  "count_no_change": 42,
  "total_allocated_pkm": 1218498.1777099525,
  "quadrant_counts": {
    "UNDERSUPPLY": 125,
    "INEFFICIENT": 18,
    "OVERSUPPLY": 10
  },
  "quadrant_pcts": {
    "UNDERSUPPLY": 81.7,
    "INEFFICIENT": 11.8,
    "OVERSUPPLY": 6.5
  },
  "total_revenue": 1676194.0135929459,
  "total_contribution": 1035394.0135929459,
  "total_planned_kms": 25632.0,
  "depot_avg_epk": 64.60873198792356,
  "depot_avg_or": 1.0257900833206104,
  "revenue_by_quadrant": {
    "INEFFICIENT": 17013.398374851877,
    "OVERSUPPLY": 50364.454968911734,
    "UNDERSUPPLY": 1608816.1602491823
  },
  "contribution_by_quadrant": {
    "INEFFICIENT": -62536.60162514813,
    "OVERSUPPLY": 15864.454968911734,
    "UNDERSUPPLY": 1082066.1602491823
  }
}