{
  "depot": "MADHIRA",
  "target_date": "2026-05-11",
  "predicted_depot_pkm": 1629026.875,
  "total_services": 62,
  "count_add_slot": 48,
  "count_cut": 2,
  "count_no_change": 12,
  "total_allocated_pkm": 1476618.5285488581,
  "quadrant_counts": {
    "UNDERSUPPLY": 53,
    "OVERSUPPLY": 6,
    "INEFFICIENT": 3
  },
  "quadrant_pcts": {
    "UNDERSUPPLY": 85.5,
    "OVERSUPPLY": 9.7,
    "INEFFICIENT": 4.8
  },
  "total_revenue": 1903996.09804192,
  "total_contribution": 1144546.09804192,
  "total_planned_kms": 30378.0,
  "depot_avg_epk": 61.58011842163228,
  "depot_avg_or": 1.0050984189280454,
  "revenue_by_quadrant": {
    "INEFFICIENT": 11099.878611924534,
    "OVERSUPPLY": 115304.9637048777,
    "UNDERSUPPLY": 1777591.255725118
  },
  "contribution_by_quadrant": {
    "INEFFICIENT": -12600.121388075466,
    "OVERSUPPLY": 38179.96370487769,
    "UNDERSUPPLY": 1118966.255725118
  }
}