{
  "depot": "NAGARKURNOOL",
  "target_date": "2026-05-11",
  "predicted_depot_pkm": 1911867.625,
  "total_services": 79,
  "count_add_slot": 63,
  "count_cut": 0,
  "count_no_change": 16,
  "total_allocated_pkm": 1795578.7823677417,
  "quadrant_counts": {
    "UNDERSUPPLY": 69,
    "OVERSUPPLY": 6,
    "INEFFICIENT": 4
  },
  "quadrant_pcts": {
    "UNDERSUPPLY": 87.3,
    "OVERSUPPLY": 7.6,
    "INEFFICIENT": 5.1
  },
  "total_revenue": 2054754.265726876,
  "total_contribution": 1221354.265726876,
  "total_planned_kms": 33336.0,
  "depot_avg_epk": 60.780637603604525,
  "depot_avg_or": 1.0152530009729082,
  "revenue_by_quadrant": {
    "INEFFICIENT": 8362.7778433538,
    "OVERSUPPLY": 81736.13636912819,
    "UNDERSUPPLY": 1964655.351514394
  },
  "contribution_by_quadrant": {
    "INEFFICIENT": -19837.2221566462,
    "OVERSUPPLY": 24061.13636912818,
    "UNDERSUPPLY": 1217130.351514394
  }
}