{
  "depot": "BANSWADA",
  "target_date": "2026-05-11",
  "predicted_depot_pkm": 1897734.75,
  "total_services": 92,
  "count_add_slot": 57,
  "count_cut": 0,
  "count_no_change": 35,
  "total_allocated_pkm": 1766097.013556943,
  "quadrant_counts": {
    "UNDERSUPPLY": 72,
    "OVERSUPPLY": 14,
    "INEFFICIENT": 6
  },
  "quadrant_pcts": {
    "UNDERSUPPLY": 78.3,
    "OVERSUPPLY": 15.2,
    "INEFFICIENT": 6.5
  },
  "total_revenue": 2106301.1382384687,
  "total_contribution": 1402929.9482384685,
  "total_planned_kms": 37832.0,
  "depot_avg_epk": 54.982180147568066,
  "depot_avg_or": 0.8319878045154994,
  "revenue_by_quadrant": {
    "INEFFICIENT": 5455.226886895008,
    "OVERSUPPLY": 174177.48020300086,
    "UNDERSUPPLY": 1926668.4311485728
  },
  "contribution_by_quadrant": {
    "INEFFICIENT": -39446.12311310499,
    "OVERSUPPLY": 77670.66020300084,
    "UNDERSUPPLY": 1364705.4111485728
  }
}