{
  "depot": "HYDERABAD-I",
  "target_date": "2026-03-29",
  "predicted_depot_pkm": 1817205.75,
  "total_services": 112,
  "count_add_slot": 37,
  "count_cut": 2,
  "count_no_change": 73,
  "total_allocated_pkm": 1672668.8227809914,
  "quadrant_counts": {
    "UNDERSUPPLY": 55,
    "OVERSUPPLY": 47,
    "INEFFICIENT": 10
  },
  "quadrant_pcts": {
    "UNDERSUPPLY": 49.1,
    "OVERSUPPLY": 42.0,
    "INEFFICIENT": 8.9
  },
  "total_revenue": 2458905.471101136,
  "total_contribution": 1238184.231101136,
  "total_planned_kms": 56941.0,
  "depot_avg_epk": 45.96309973293877,
  "depot_avg_or": 0.7061542795423458,
  "revenue_by_quadrant": {
    "INEFFICIENT": 125937.54842904705,
    "OVERSUPPLY": 973134.2168522964,
    "UNDERSUPPLY": 1359833.7058197928
  },
  "contribution_by_quadrant": {
    "INEFFICIENT": -31803.831570952945,
    "OVERSUPPLY": 360852.6368522964,
    "UNDERSUPPLY": 909135.4258197927
  }
}