{
  "depot": "HANAMKONDA",
  "target_date": "2026-03-29",
  "predicted_depot_pkm": 2024810.125,
  "total_services": 169,
  "count_add_slot": 28,
  "count_cut": 0,
  "count_no_change": 141,
  "total_allocated_pkm": 1873654.181881842,
  "quadrant_counts": {
    "OVERSUPPLY": 72,
    "UNDERSUPPLY": 71,
    "INEFFICIENT": 16,
    "SOCIAL_OBLIGATION": 10
  },
  "quadrant_pcts": {
    "OVERSUPPLY": 42.6,
    "UNDERSUPPLY": 42.0,
    "INEFFICIENT": 9.5,
    "SOCIAL_OBLIGATION": 5.9
  },
  "total_revenue": 2312952.0500523634,
  "total_contribution": 820409.540052363,
  "total_planned_kms": 53984.0,
  "depot_avg_epk": 47.52811211767313,
  "depot_avg_or": 0.6788283566598025,
  "revenue_by_quadrant": {
    "INEFFICIENT": 204655.962735803,
    "OVERSUPPLY": 933067.8346229502,
    "SOCIAL_OBLIGATION": 150151.3074446991,
    "UNDERSUPPLY": 1025076.9452489108
  },
  "contribution_by_quadrant": {
    "INEFFICIENT": -41064.47726419702,
    "OVERSUPPLY": 411245.66462295013,
    "SOCIAL_OBLIGATION": -4882.232555300903,
    "UNDERSUPPLY": 455110.5852489108
  }
}