{
  "depot": "CONTONMENT",
  "target_date": "2026-03-29",
  "predicted_depot_pkm": 1632991.125,
  "total_services": 280,
  "count_add_slot": 105,
  "count_cut": 0,
  "count_no_change": 175,
  "total_allocated_pkm": 1423145.1049096093,
  "quadrant_counts": {
    "UNDERSUPPLY": 142,
    "OVERSUPPLY": 77,
    "INEFFICIENT": 53,
    "SOCIAL_OBLIGATION": 8
  },
  "quadrant_pcts": {
    "UNDERSUPPLY": 50.7,
    "OVERSUPPLY": 27.5,
    "INEFFICIENT": 18.9,
    "SOCIAL_OBLIGATION": 2.9
  },
  "total_revenue": 2231744.179476175,
  "total_contribution": 770545.4944761752,
  "total_planned_kms": 46119.0,
  "depot_avg_epk": 51.43028156524779,
  "depot_avg_or": 0.7510581688781687,
  "revenue_by_quadrant": {
    "INEFFICIENT": 145732.4333299287,
    "OVERSUPPLY": 564057.2714562315,
    "SOCIAL_OBLIGATION": 59007.59303981582,
    "UNDERSUPPLY": 1462946.8816501992
  },
  "contribution_by_quadrant": {
    "INEFFICIENT": -240933.9016700713,
    "OVERSUPPLY": 189182.12145623149,
    "SOCIAL_OBLIGATION": -6129.906960184173,
    "UNDERSUPPLY": 828427.1816501991
  }
}