{
  "depot": "BANSWADA",
  "target_date": "2026-03-29",
  "predicted_depot_pkm": 1620028.25,
  "total_services": 92,
  "count_add_slot": 31,
  "count_cut": 0,
  "count_no_change": 61,
  "total_allocated_pkm": 1490620.897091931,
  "quadrant_counts": {
    "UNDERSUPPLY": 62,
    "OVERSUPPLY": 23,
    "INEFFICIENT": 7
  },
  "quadrant_pcts": {
    "UNDERSUPPLY": 67.4,
    "OVERSUPPLY": 25.0,
    "INEFFICIENT": 7.6
  },
  "total_revenue": 1795427.6599298853,
  "total_contribution": 1092056.4699298856,
  "total_planned_kms": 37832.0,
  "depot_avg_epk": 46.45106264060762,
  "depot_avg_or": 0.7460762128975259,
  "revenue_by_quadrant": {
    "INEFFICIENT": 8767.863156244754,
    "OVERSUPPLY": 284407.7278897685,
    "UNDERSUPPLY": 1502252.0688838721
  },
  "contribution_by_quadrant": {
    "INEFFICIENT": -42163.896843755254,
    "OVERSUPPLY": 126572.01788976847,
    "UNDERSUPPLY": 1007648.3488838722
  }
}