{
  "depot": "WARANGAL-I",
  "target_date": "2026-03-29",
  "predicted_depot_pkm": 1983070.25,
  "total_services": 132,
  "count_add_slot": 14,
  "count_cut": 2,
  "count_no_change": 116,
  "total_allocated_pkm": 1754901.7038636403,
  "quadrant_counts": {
    "OVERSUPPLY": 75,
    "UNDERSUPPLY": 48,
    "INEFFICIENT": 9
  },
  "quadrant_pcts": {
    "OVERSUPPLY": 56.8,
    "UNDERSUPPLY": 36.4,
    "INEFFICIENT": 6.8
  },
  "total_revenue": 2599075.0817580586,
  "total_contribution": 1056044.5017580586,
  "total_planned_kms": 68078.0,
  "depot_avg_epk": 39.078662058751696,
  "depot_avg_or": 0.6054797702608721,
  "revenue_by_quadrant": {
    "INEFFICIENT": 7070.18780644499,
    "OVERSUPPLY": 1681753.352091027,
    "UNDERSUPPLY": 910251.5418605866
  },
  "contribution_by_quadrant": {
    "INEFFICIENT": -73678.45219355501,
    "OVERSUPPLY": 706395.3520910271,
    "UNDERSUPPLY": 423327.60186058655
  }
}