{
  "depot": "HAKIMPET",
  "target_date": "2026-04-10",
  "predicted_depot_pkm": 1302916.25,
  "total_services": 147,
  "count_add_slot": 101,
  "count_cut": 0,
  "count_no_change": 46,
  "total_allocated_pkm": 1192555.1493259193,
  "quadrant_counts": {
    "UNDERSUPPLY": 132,
    "INEFFICIENT": 8,
    "OVERSUPPLY": 7
  },
  "quadrant_pcts": {
    "UNDERSUPPLY": 89.8,
    "INEFFICIENT": 5.4,
    "OVERSUPPLY": 4.8
  },
  "total_revenue": 1608525.7565353438,
  "total_contribution": 799741.3462353437,
  "total_planned_kms": 30758.690000000002,
  "depot_avg_epk": 52.10575493375439,
  "depot_avg_or": 0.892371165048461,
  "revenue_by_quadrant": {
    "INEFFICIENT": 10810.254972824481,
    "OVERSUPPLY": 41728.13476429925,
    "UNDERSUPPLY": 1555987.36679822
  },
  "contribution_by_quadrant": {
    "INEFFICIENT": -25583.36502717552,
    "OVERSUPPLY": 12943.634764299246,
    "UNDERSUPPLY": 812381.07649822
  }
}