{
  "depot": "PARKAL",
  "target_date": "2026-04-10",
  "predicted_depot_pkm": 1315758.875,
  "total_services": 79,
  "count_add_slot": 19,
  "count_cut": 0,
  "count_no_change": 60,
  "total_allocated_pkm": 1285035.7116284647,
  "quadrant_counts": {
    "UNDERSUPPLY": 50,
    "OVERSUPPLY": 25,
    "INEFFICIENT": 4
  },
  "quadrant_pcts": {
    "UNDERSUPPLY": 63.3,
    "OVERSUPPLY": 31.6,
    "INEFFICIENT": 5.1
  },
  "total_revenue": 1538171.9634549667,
  "total_contribution": 811156.7534549666,
  "total_planned_kms": 34127.0,
  "depot_avg_epk": 44.78904055310498,
  "depot_avg_or": 0.7012186716858315,
  "revenue_by_quadrant": {
    "INEFFICIENT": 3582.9780522142482,
    "OVERSUPPLY": 380496.1212054529,
    "UNDERSUPPLY": 1154092.8641972996
  },
  "contribution_by_quadrant": {
    "INEFFICIENT": -25392.641947785753,
    "OVERSUPPLY": 150121.60120545287,
    "UNDERSUPPLY": 686427.7941972995
  }
}