{
  "depot": "THORROR",
  "target_date": "2026-04-10",
  "predicted_depot_pkm": 1732023.375,
  "total_services": 94,
  "count_add_slot": 47,
  "count_cut": 0,
  "count_no_change": 47,
  "total_allocated_pkm": 1685629.5664877777,
  "quadrant_counts": {
    "UNDERSUPPLY": 71,
    "OVERSUPPLY": 18,
    "INEFFICIENT": 5
  },
  "quadrant_pcts": {
    "UNDERSUPPLY": 75.5,
    "OVERSUPPLY": 19.1,
    "INEFFICIENT": 5.3
  },
  "total_revenue": 2094888.901282662,
  "total_contribution": 1157158.131282662,
  "total_planned_kms": 40942.0,
  "depot_avg_epk": 51.30610005695136,
  "depot_avg_or": 0.8120092373429482,
  "revenue_by_quadrant": {
    "INEFFICIENT": 17945.812381977084,
    "OVERSUPPLY": 292973.63465375133,
    "UNDERSUPPLY": 1783969.4542469338
  },
  "contribution_by_quadrant": {
    "INEFFICIENT": -21969.637618022916,
    "OVERSUPPLY": 114135.26465375132,
    "UNDERSUPPLY": 1064992.5042469339
  }
}