{
  "depot": "BHUPALAPALLAY",
  "target_date": "2026-03-31",
  "predicted_depot_pkm": 1452990.5,
  "total_services": 86,
  "count_add_slot": 23,
  "count_cut": 0,
  "count_no_change": 63,
  "total_allocated_pkm": 1378316.6431980142,
  "quadrant_counts": {
    "UNDERSUPPLY": 42,
    "OVERSUPPLY": 35,
    "INEFFICIENT": 9
  },
  "quadrant_pcts": {
    "UNDERSUPPLY": 48.8,
    "OVERSUPPLY": 40.7,
    "INEFFICIENT": 10.5
  },
  "total_revenue": 1745382.3861119996,
  "total_contribution": 908666.0061119995,
  "total_planned_kms": 40068.0,
  "depot_avg_epk": 43.18747600668849,
  "depot_avg_or": 0.6847451798661056,
  "revenue_by_quadrant": {
    "INEFFICIENT": 50112.77347597145,
    "OVERSUPPLY": 583315.3964367493,
    "UNDERSUPPLY": 1111954.2161992788
  },
  "contribution_by_quadrant": {
    "INEFFICIENT": -28434.94652402855,
    "OVERSUPPLY": 261741.1364367493,
    "UNDERSUPPLY": 675359.8161992788
  }
}