{
  "depot": "THORROR",
  "target_date": "2026-03-31",
  "predicted_depot_pkm": 1754345.75,
  "total_services": 94,
  "count_add_slot": 44,
  "count_cut": 1,
  "count_no_change": 49,
  "total_allocated_pkm": 1666923.3449278953,
  "quadrant_counts": {
    "UNDERSUPPLY": 70,
    "OVERSUPPLY": 22,
    "INEFFICIENT": 2
  },
  "quadrant_pcts": {
    "UNDERSUPPLY": 74.5,
    "OVERSUPPLY": 23.4,
    "INEFFICIENT": 2.1
  },
  "total_revenue": 2071439.2720914427,
  "total_contribution": 1133708.502091443,
  "total_planned_kms": 40942.0,
  "depot_avg_epk": 50.75666918020604,
  "depot_avg_or": 0.8082802976537284,
  "revenue_by_quadrant": {
    "INEFFICIENT": 6367.056530882204,
    "OVERSUPPLY": 349290.9473296069,
    "UNDERSUPPLY": 1715781.2682309537
  },
  "contribution_by_quadrant": {
    "INEFFICIENT": -10845.983469117797,
    "OVERSUPPLY": 143636.84732960694,
    "UNDERSUPPLY": 1000917.6382309537
  }
}