{
  "version": "xgb_v1",
  "created_date": "2026-05-26T20:34:28.062600",
  "target": "passenger_kms",
  "n_features": 50,
  "features": [
    "fes_hol_code",
    "dow_0",
    "dow_1",
    "dow_2",
    "dow_3",
    "dow_4",
    "dow_5",
    "dow_6",
    "month",
    "day_counter",
    "max_temp",
    "min_temp",
    "daily_rainfall",
    "is_rainy",
    "fes_hol_minus_1",
    "fes_hol_minus_2",
    "fes_hol_minus_3",
    "fes_hol_plus_1",
    "fes_hol_plus_2",
    "days_to_next_festival",
    "days_since_last_festival",
    "next_fes_hol_code",
    "next_festival_cluster_len",
    "post_festival_days",
    "festival_cluster_len",
    "post_festival_weekend",
    "pre_festival_weekend",
    "post_festival_return_workday",
    "pre_festival_wknd_x_cluster",
    "post_festival_wknd_x_cluster",
    "expected_intensity",
    "depot_festival_te",
    "fes_hol_category_te",
    "post_festival_intensity",
    "pre_festival_intensity",
    "pkm_lag_2",
    "pkm_lag_7",
    "pkm_lag_14",
    "pkm_lag_21",
    "pkm_roll7_mean",
    "pkm_roll7_std",
    "pkm_roll14_mean",
    "pkm_roll21_mean",
    "pkm_momentum_7_21",
    "pkm_same_dow_3med",
    "lag2_is_festival",
    "depot_te",
    "depot_dow_te",
    "depot_month_te",
    "telugu_thithi_encoded"
  ],
  "feature_importances": {
    "pkm_same_dow_3med": 0.366014301776886,
    "pkm_roll7_mean": 0.3300904631614685,
    "pkm_roll21_mean": 0.0601954348385334,
    "pkm_lag_2": 0.04745889827609062,
    "pkm_roll14_mean": 0.04273391515016556,
    "depot_dow_te": 0.03335413336753845,
    "depot_month_te": 0.015362730249762535,
    "fes_hol_category_te": 0.008047625422477722,
    "expected_intensity": 0.007749570999294519,
    "dow_0": 0.00556473433971405,
    "pkm_lag_7": 0.005352306645363569,
    "depot_te": 0.004969516769051552,
    "day_counter": 0.004724981728941202,
    "depot_festival_te": 0.004679617006331682,
    "festival_cluster_len": 0.004082851577550173,
    "lag2_is_festival": 0.0031459282618016005,
    "min_temp": 0.0030852998606860638,
    "post_festival_return_workday": 0.003037029877305031,
    "pre_festival_wknd_x_cluster": 0.0027142264880239964,
    "fes_hol_minus_2": 0.0025728477630764246,
    "fes_hol_plus_2": 0.0024660052731633186,
    "telugu_thithi_encoded": 0.002358328551054001,
    "fes_hol_minus_1": 0.0022336000110954046,
    "fes_hol_code": 0.0021821146365255117,
    "pkm_roll7_std": 0.0020802924409508705,
    "post_festival_days": 0.002050600713118911,
    "dow_2": 0.002040378050878644,
    "month": 0.0019814972765743732,
    "dow_6": 0.0019239266403019428,
    "next_fes_hol_code": 0.001876677735708654,
    "days_to_next_festival": 0.001826271996833384,
    "dow_5": 0.0017384326783940196,
    "next_festival_cluster_len": 0.0017207185737788677,
    "fes_hol_plus_1": 0.0015715500339865685,
    "pkm_lag_21": 0.0015658580232411623,
    "daily_rainfall": 0.0015409785555675626,
    "post_festival_wknd_x_cluster": 0.0015232246369123459,
    "fes_hol_minus_3": 0.0014888045843690634,
    "days_since_last_festival": 0.001379727153107524,
    "post_festival_intensity": 0.001344259362667799,
    "max_temp": 0.0013294258387759328,
    "pre_festival_weekend": 0.0012244454119354486,
    "post_festival_weekend": 0.001180698862299323,
    "pkm_momentum_7_21": 0.0008915197104215622,
    "dow_1": 0.0008627838687971234,
    "dow_4": 0.0006867769989185035,
    "dow_3": 0.0006283465772867203,
    "pkm_lag_14": 0.0006174055160954595,
    "pre_festival_intensity": 0.00037709128810092807,
    "is_rainy": 0.0003717806248459965
  }
}