{
  "depot": "WARANGAL-II",
  "target_date": "2026-04-11",
  "predicted_depot_pkm": 2640581.5,
  "total_services": 158,
  "count_add_slot": 42,
  "count_cut": 0,
  "count_no_change": 116,
  "total_allocated_pkm": 2619689.137487605,
  "quadrant_counts": {
    "UNDERSUPPLY": 85,
    "INEFFICIENT": 51,
    "OVERSUPPLY": 19,
    "SOCIAL_OBLIGATION": 3
  },
  "quadrant_pcts": {
    "UNDERSUPPLY": 53.8,
    "INEFFICIENT": 32.3,
    "OVERSUPPLY": 12.0,
    "SOCIAL_OBLIGATION": 1.9
  },
  "total_revenue": 3441259.0090795476,
  "total_contribution": 517828.04907954804,
  "total_planned_kms": 75132.0,
  "depot_avg_epk": 45.99142234258319,
  "depot_avg_or": 0.7166524285297368,
  "revenue_by_quadrant": {
    "INEFFICIENT": 809918.3484436566,
    "OVERSUPPLY": 367246.6073376238,
    "SOCIAL_OBLIGATION": 60621.85284295013,
    "UNDERSUPPLY": 2203472.2004553173
  },
  "contribution_by_quadrant": {
    "INEFFICIENT": -237667.03155634343,
    "OVERSUPPLY": 34064.94733762379,
    "SOCIAL_OBLIGATION": -2898.947157049868,
    "UNDERSUPPLY": 724329.0804553175
  }
}