{
  "depot": "MAHABOOBABAD",
  "target_date": "2026-04-11",
  "predicted_depot_pkm": 1328016.0,
  "total_services": 76,
  "count_add_slot": 35,
  "count_cut": 0,
  "count_no_change": 41,
  "total_allocated_pkm": 1275401.6096086306,
  "quadrant_counts": {
    "UNDERSUPPLY": 53,
    "OVERSUPPLY": 18,
    "INEFFICIENT": 5
  },
  "quadrant_pcts": {
    "UNDERSUPPLY": 69.7,
    "OVERSUPPLY": 23.7,
    "INEFFICIENT": 6.6
  },
  "total_revenue": 1480203.8062770835,
  "total_contribution": 921716.0162770833,
  "total_planned_kms": 31066.0,
  "depot_avg_epk": 46.91292795249669,
  "depot_avg_or": 0.756287650156914,
  "revenue_by_quadrant": {
    "INEFFICIENT": 8274.97521671613,
    "OVERSUPPLY": 247805.40160923864,
    "UNDERSUPPLY": 1224123.4294511287
  },
  "contribution_by_quadrant": {
    "INEFFICIENT": -25316.60478328387,
    "OVERSUPPLY": 113902.75160923865,
    "UNDERSUPPLY": 833129.8694511288
  }
}