{
  "depot": "KUKATPALLY",
  "target_date": "2026-04-11",
  "predicted_depot_pkm": 1384253.875,
  "total_services": 204,
  "count_add_slot": 116,
  "count_cut": 0,
  "count_no_change": 88,
  "total_allocated_pkm": 1340259.9248121497,
  "quadrant_counts": {
    "UNDERSUPPLY": 154,
    "OVERSUPPLY": 37,
    "INEFFICIENT": 13
  },
  "quadrant_pcts": {
    "UNDERSUPPLY": 75.5,
    "OVERSUPPLY": 18.1,
    "INEFFICIENT": 6.4
  },
  "total_revenue": 1829759.5025007194,
  "total_contribution": 1038509.8625007195,
  "total_planned_kms": 38029.06,
  "depot_avg_epk": 52.17294726392304,
  "depot_avg_or": 0.8421035844165052,
  "revenue_by_quadrant": {
    "INEFFICIENT": 20115.336596422807,
    "OVERSUPPLY": 285209.25338816526,
    "UNDERSUPPLY": 1524434.9125161315
  },
  "contribution_by_quadrant": {
    "INEFFICIENT": -56690.48340357719,
    "OVERSUPPLY": 105855.86338816528,
    "UNDERSUPPLY": 989344.4825161315
  }
}