{
  "depot": "ARMOOR",
  "target_date": "2026-04-11",
  "predicted_depot_pkm": 1387057.125,
  "total_services": 90,
  "count_add_slot": 22,
  "count_cut": 0,
  "count_no_change": 68,
  "total_allocated_pkm": 1195234.0366686655,
  "quadrant_counts": {
    "UNDERSUPPLY": 44,
    "OVERSUPPLY": 36,
    "INEFFICIENT": 10
  },
  "quadrant_pcts": {
    "UNDERSUPPLY": 48.9,
    "OVERSUPPLY": 40.0,
    "INEFFICIENT": 11.1
  },
  "total_revenue": 1481113.4223254842,
  "total_contribution": 800144.2223254844,
  "total_planned_kms": 36987.0,
  "depot_avg_epk": 40.25601709232895,
  "depot_avg_or": 0.6544888179075385,
  "revenue_by_quadrant": {
    "INEFFICIENT": 20390.944507729906,
    "OVERSUPPLY": 580042.7091467837,
    "UNDERSUPPLY": 880679.7686709708
  },
  "contribution_by_quadrant": {
    "INEFFICIENT": -56353.85549227009,
    "OVERSUPPLY": 275513.80914678366,
    "UNDERSUPPLY": 580984.2686709708
  }
}