{
  "depot": "HYDERABAD-II",
  "target_date": "2026-04-11",
  "predicted_depot_pkm": 1538537.0,
  "total_services": 94,
  "count_add_slot": 40,
  "count_cut": 0,
  "count_no_change": 54,
  "total_allocated_pkm": 1509443.3150089225,
  "quadrant_counts": {
    "UNDERSUPPLY": 49,
    "OVERSUPPLY": 45
  },
  "quadrant_pcts": {
    "UNDERSUPPLY": 52.1,
    "OVERSUPPLY": 47.9
  },
  "total_revenue": 2090008.3945186746,
  "total_contribution": 1266306.8945186746,
  "total_planned_kms": 44645.0,
  "depot_avg_epk": 48.31977478599443,
  "depot_avg_or": 0.7680584625308682,
  "revenue_by_quadrant": {
    "OVERSUPPLY": 771811.8826385374,
    "UNDERSUPPLY": 1318196.5118801373
  },
  "contribution_by_quadrant": {
    "OVERSUPPLY": 339030.8826385374,
    "UNDERSUPPLY": 927276.0118801371
  }
}