{
  "depot": "IBRAHIMPATNAM",
  "target_date": "2026-04-11",
  "predicted_depot_pkm": 2066683.0,
  "total_services": 189,
  "count_add_slot": 141,
  "count_cut": 0,
  "count_no_change": 48,
  "total_allocated_pkm": 1942394.608581447,
  "quadrant_counts": {
    "UNDERSUPPLY": 161,
    "OVERSUPPLY": 27,
    "INEFFICIENT": 1
  },
  "quadrant_pcts": {
    "UNDERSUPPLY": 85.2,
    "OVERSUPPLY": 14.3,
    "INEFFICIENT": 0.5
  },
  "total_revenue": 2595334.6752972757,
  "total_contribution": 1716744.5432972757,
  "total_planned_kms": 44778.7,
  "depot_avg_epk": 60.12374815881686,
  "depot_avg_or": 0.9811580205373881,
  "revenue_by_quadrant": {
    "INEFFICIENT": 6147.148697060775,
    "OVERSUPPLY": 263482.113133599,
    "UNDERSUPPLY": 2325705.413466616
  },
  "contribution_by_quadrant": {
    "INEFFICIENT": -848.051302939225,
    "OVERSUPPLY": 99847.06313359899,
    "UNDERSUPPLY": 1617745.531466616
  }
}