{
  "depot": "IBRAHIMPATNAM",
  "target_date": "2026-03-09",
  "predicted_depot_pkm": 2169965.25,
  "total_services": 189,
  "count_add_slot": 60,
  "count_cut": 0,
  "count_no_change": 129,
  "total_allocated_pkm": 1933414.1904744345,
  "quadrant_counts": {
    "UNDERSUPPLY": 127,
    "OVERSUPPLY": 62
  },
  "quadrant_pcts": {
    "UNDERSUPPLY": 67.2,
    "OVERSUPPLY": 32.8
  },
  "total_revenue": 2639018.0606820146,
  "total_contribution": 1759953.2806820148,
  "total_planned_kms": 44803.0,
  "depot_avg_epk": 60.3496047333572,
  "depot_avg_or": 0.7959227800867216,
  "revenue_by_quadrant": {
    "OVERSUPPLY": 711493.7483096444,
    "UNDERSUPPLY": 1927524.3123723702
  },
  "contribution_by_quadrant": {
    "OVERSUPPLY": 393030.78830964444,
    "UNDERSUPPLY": 1366922.49237237
  }
}