{
  "depot": "HANAMKONDA",
  "target_date": "2026-03-09",
  "predicted_depot_pkm": 2357809.25,
  "total_services": 169,
  "count_add_slot": 8,
  "count_cut": 1,
  "count_no_change": 160,
  "total_allocated_pkm": 1507297.6194314144,
  "quadrant_counts": {
    "OVERSUPPLY": 100,
    "INEFFICIENT": 42,
    "UNDERSUPPLY": 25,
    "SOCIAL_OBLIGATION": 2
  },
  "quadrant_pcts": {
    "OVERSUPPLY": 59.2,
    "INEFFICIENT": 24.9,
    "UNDERSUPPLY": 14.8,
    "SOCIAL_OBLIGATION": 1.2
  },
  "total_revenue": 1881721.5945030367,
  "total_contribution": 389179.0845030368,
  "total_planned_kms": 53984.0,
  "depot_avg_epk": 39.42393458726729,
  "depot_avg_or": 0.5583874317528232,
  "revenue_by_quadrant": {
    "INEFFICIENT": 486402.9308662975,
    "OVERSUPPLY": 1097942.6866051776,
    "SOCIAL_OBLIGATION": 30549.972010143247,
    "UNDERSUPPLY": 266826.0050214187
  },
  "contribution_by_quadrant": {
    "INEFFICIENT": -141664.53913370255,
    "OVERSUPPLY": 400690.9466051775,
    "SOCIAL_OBLIGATION": -970.2679898567549,
    "UNDERSUPPLY": 131122.94502141865
  }
}