{
  "depot": "YADAGIRIGUTTA",
  "target_date": "2026-05-25",
  "predicted_depot_pkm": 2151242.0,
  "total_services": 82,
  "count_add_slot": 54,
  "count_cut": 2,
  "count_no_change": 26,
  "total_allocated_pkm": 1698301.9395300027,
  "quadrant_counts": {
    "UNDERSUPPLY": 76,
    "OVERSUPPLY": 3,
    "INEFFICIENT": 3
  },
  "quadrant_pcts": {
    "UNDERSUPPLY": 92.7,
    "OVERSUPPLY": 3.7,
    "INEFFICIENT": 3.7
  },
  "total_revenue": 1979051.4438053577,
  "total_contribution": 1137326.4438053577,
  "total_planned_kms": 33669.0,
  "depot_avg_epk": 58.3438248992137,
  "depot_avg_or": 0.9072244754354417,
  "revenue_by_quadrant": {
    "INEFFICIENT": 0.0,
    "OVERSUPPLY": 43683.733847732474,
    "UNDERSUPPLY": 1935367.709957625
  },
  "contribution_by_quadrant": {
    "INEFFICIENT": -31450.0,
    "OVERSUPPLY": 15183.733847732474,
    "UNDERSUPPLY": 1153592.709957625
  }
}