{
  "depot": "BHUPALAPALLAY",
  "target_date": "2026-05-25",
  "predicted_depot_pkm": 1553466.0,
  "total_services": 86,
  "count_add_slot": 32,
  "count_cut": 0,
  "count_no_change": 54,
  "total_allocated_pkm": 1505105.8634247696,
  "quadrant_counts": {
    "UNDERSUPPLY": 59,
    "OVERSUPPLY": 18,
    "INEFFICIENT": 9
  },
  "quadrant_pcts": {
    "UNDERSUPPLY": 68.6,
    "OVERSUPPLY": 20.9,
    "INEFFICIENT": 10.5
  },
  "total_revenue": 1898746.6194823107,
  "total_contribution": 1061695.2794823109,
  "total_planned_kms": 40104.0,
  "depot_avg_epk": 47.066637292217834,
  "depot_avg_or": 0.7306169473849916,
  "revenue_by_quadrant": {
    "INEFFICIENT": 19702.986954263004,
    "OVERSUPPLY": 315341.09361074236,
    "UNDERSUPPLY": 1563702.5389173052
  },
  "contribution_by_quadrant": {
    "INEFFICIENT": -54075.473045736995,
    "OVERSUPPLY": 142315.79361074237,
    "UNDERSUPPLY": 973454.9589173052
  }
}