{
  "depot": "NARKATPALLY",
  "target_date": "2026-05-25",
  "predicted_depot_pkm": 692418.625,
  "total_services": 26,
  "count_add_slot": 26,
  "count_cut": 0,
  "count_no_change": 0,
  "total_allocated_pkm": 651728.1568113772,
  "quadrant_counts": {
    "UNDERSUPPLY": 26
  },
  "quadrant_pcts": {
    "UNDERSUPPLY": 100.0
  },
  "total_revenue": 725630.7615800224,
  "total_contribution": 466880.76158002234,
  "total_planned_kms": 10350.0,
  "depot_avg_epk": 70.19804256093276,
  "depot_avg_or": 1.1355089495723065,
  "revenue_by_quadrant": {
    "UNDERSUPPLY": 725630.7615800224
  },
  "contribution_by_quadrant": {
    "UNDERSUPPLY": 466880.7615800224
  }
}