{
  "depot": "KOLLAPUR",
  "target_date": "2026-05-25",
  "predicted_depot_pkm": 1514720.5,
  "total_services": 65,
  "count_add_slot": 47,
  "count_cut": 0,
  "count_no_change": 18,
  "total_allocated_pkm": 1433640.7148999164,
  "quadrant_counts": {
    "UNDERSUPPLY": 56,
    "OVERSUPPLY": 9
  },
  "quadrant_pcts": {
    "UNDERSUPPLY": 86.2,
    "OVERSUPPLY": 13.8
  },
  "total_revenue": 1714846.7032594047,
  "total_contribution": 978671.7032594046,
  "total_planned_kms": 29447.0,
  "depot_avg_epk": 58.72149663690802,
  "depot_avg_or": 0.9556356508166468,
  "revenue_by_quadrant": {
    "OVERSUPPLY": 136827.40765227444,
    "UNDERSUPPLY": 1578019.29560713
  },
  "contribution_by_quadrant": {
    "OVERSUPPLY": 39327.40765227444,
    "UNDERSUPPLY": 939344.2956071302
  }
}