{
  "depot": "MUSHIRABAD",
  "target_date": "2026-05-25",
  "predicted_depot_pkm": 1694030.125,
  "total_services": 201,
  "count_add_slot": 161,
  "count_cut": 0,
  "count_no_change": 40,
  "total_allocated_pkm": 1586054.6782143163,
  "quadrant_counts": {
    "UNDERSUPPLY": 165,
    "INEFFICIENT": 30,
    "OVERSUPPLY": 6
  },
  "quadrant_pcts": {
    "UNDERSUPPLY": 82.1,
    "INEFFICIENT": 14.9,
    "OVERSUPPLY": 3.0
  },
  "total_revenue": 2254173.5252436246,
  "total_contribution": 1464623.5252436246,
  "total_planned_kms": 31582.0,
  "depot_avg_epk": 72.94899730529988,
  "depot_avg_or": 1.122429894708647,
  "revenue_by_quadrant": {
    "INEFFICIENT": 2441.182669002352,
    "OVERSUPPLY": 29033.480265526916,
    "UNDERSUPPLY": 2222698.8623090954
  },
  "contribution_by_quadrant": {
    "INEFFICIENT": -137958.81733099764,
    "OVERSUPPLY": 8108.480265526918,
    "UNDERSUPPLY": 1594473.8623090954
  }
}