{
  "depot": "MAHABOOBABAD",
  "target_date": "2026-05-25",
  "predicted_depot_pkm": 1505280.5,
  "total_services": 76,
  "count_add_slot": 48,
  "count_cut": 3,
  "count_no_change": 25,
  "total_allocated_pkm": 1426479.4157209427,
  "quadrant_counts": {
    "UNDERSUPPLY": 59,
    "OVERSUPPLY": 12,
    "INEFFICIENT": 5
  },
  "quadrant_pcts": {
    "UNDERSUPPLY": 77.6,
    "OVERSUPPLY": 15.8,
    "INEFFICIENT": 6.6
  },
  "total_revenue": 1658709.585683723,
  "total_contribution": 1100221.7956837227,
  "total_planned_kms": 31066.0,
  "depot_avg_epk": 52.63073456412646,
  "depot_avg_or": 0.8483790093028096,
  "revenue_by_quadrant": {
    "INEFFICIENT": 6229.141454500728,
    "OVERSUPPLY": 151635.39088168758,
    "UNDERSUPPLY": 1500845.0533475345
  },
  "contribution_by_quadrant": {
    "INEFFICIENT": -27964.23854549927,
    "OVERSUPPLY": 65637.71088168758,
    "UNDERSUPPLY": 1062548.3233475345
  }
}