{
  "depot": "RANIGUNJ-I",
  "target_date": "2026-05-25",
  "predicted_depot_pkm": 1767731.375,
  "total_services": 222,
  "count_add_slot": 182,
  "count_cut": 0,
  "count_no_change": 40,
  "total_allocated_pkm": 1635500.2294612485,
  "quadrant_counts": {
    "UNDERSUPPLY": 195,
    "OVERSUPPLY": 26,
    "INEFFICIENT": 1
  },
  "quadrant_pcts": {
    "UNDERSUPPLY": 87.8,
    "OVERSUPPLY": 11.7,
    "INEFFICIENT": 0.5
  },
  "total_revenue": 2401963.6890581073,
  "total_contribution": 1512801.6890581073,
  "total_planned_kms": 35566.479999999996,
  "depot_avg_epk": 68.36743962277342,
  "depot_avg_or": 1.1675643630099346,
  "revenue_by_quadrant": {
    "INEFFICIENT": 0.0,
    "OVERSUPPLY": 182645.6491450661,
    "UNDERSUPPLY": 2219318.039913041
  },
  "contribution_by_quadrant": {
    "INEFFICIENT": -5950.0,
    "OVERSUPPLY": 61945.64914506609,
    "UNDERSUPPLY": 1456806.0399130413
  }
}