{
  "depot": "DUBBAKA",
  "target_date": "2026-05-25",
  "predicted_depot_pkm": 935022.4375,
  "total_services": 41,
  "count_add_slot": 22,
  "count_cut": 6,
  "count_no_change": 13,
  "total_allocated_pkm": 757927.7092497032,
  "quadrant_counts": {
    "UNDERSUPPLY": 29,
    "INEFFICIENT": 8,
    "OVERSUPPLY": 4
  },
  "quadrant_pcts": {
    "UNDERSUPPLY": 70.7,
    "INEFFICIENT": 19.5,
    "OVERSUPPLY": 9.8
  },
  "total_revenue": 897554.2298286584,
  "total_contribution": 470954.2298286585,
  "total_planned_kms": 17064.0,
  "depot_avg_epk": 50.46674983529989,
  "depot_avg_or": 0.7798061714676879,
  "revenue_by_quadrant": {
    "INEFFICIENT": 0.0,
    "OVERSUPPLY": 66546.03061275015,
    "UNDERSUPPLY": 831008.1992159083
  },
  "contribution_by_quadrant": {
    "INEFFICIENT": -64100.0,
    "OVERSUPPLY": 23896.030612750157,
    "UNDERSUPPLY": 511158.19921590836
  }
}