{
  "depot": "THORROR",
  "target_date": "2026-05-25",
  "predicted_depot_pkm": 2087235.25,
  "total_services": 94,
  "count_add_slot": 72,
  "count_cut": 5,
  "count_no_change": 17,
  "total_allocated_pkm": 2006747.3956065325,
  "quadrant_counts": {
    "UNDERSUPPLY": 84,
    "OVERSUPPLY": 5,
    "INEFFICIENT": 5
  },
  "quadrant_pcts": {
    "UNDERSUPPLY": 89.4,
    "OVERSUPPLY": 5.3,
    "INEFFICIENT": 5.3
  },
  "total_revenue": 2503974.7825511787,
  "total_contribution": 1566244.0125511792,
  "total_planned_kms": 40942.0,
  "depot_avg_epk": 61.13230865967314,
  "depot_avg_or": 0.967446328722313,
  "revenue_by_quadrant": {
    "INEFFICIENT": 20458.77482731412,
    "OVERSUPPLY": 79842.55825659548,
    "UNDERSUPPLY": 2403673.4494672697
  },
  "contribution_by_quadrant": {
    "INEFFICIENT": -20887.875172685883,
    "OVERSUPPLY": 39944.96825659548,
    "UNDERSUPPLY": 1547186.9194672697
  }
}