{
  "depot": "JEEDIMETLA",
  "target_date": "2026-05-25",
  "predicted_depot_pkm": 1847908.0,
  "total_services": 209,
  "count_add_slot": 148,
  "count_cut": 0,
  "count_no_change": 61,
  "total_allocated_pkm": 1715985.0129655246,
  "quadrant_counts": {
    "UNDERSUPPLY": 183,
    "OVERSUPPLY": 21,
    "INEFFICIENT": 5
  },
  "quadrant_pcts": {
    "UNDERSUPPLY": 87.6,
    "OVERSUPPLY": 10.0,
    "INEFFICIENT": 2.4
  },
  "total_revenue": 2384534.2780875955,
  "total_contribution": 1414309.2780875955,
  "total_planned_kms": 38809.0,
  "depot_avg_epk": 63.2168662468787,
  "depot_avg_or": 1.0037351064106455,
  "revenue_by_quadrant": {
    "INEFFICIENT": 18260.530647756274,
    "OVERSUPPLY": 172632.68365822348,
    "UNDERSUPPLY": 2193641.063781616
  },
  "contribution_by_quadrant": {
    "INEFFICIENT": -4914.469352243726,
    "OVERSUPPLY": 55307.68365822347,
    "UNDERSUPPLY": 1363916.0637816158
  }
}