{
  "depot": "KARIMNAGAR-I",
  "target_date": "2026-05-25",
  "predicted_depot_pkm": 1891548.25,
  "total_services": 108,
  "count_add_slot": 38,
  "count_cut": 7,
  "count_no_change": 63,
  "total_allocated_pkm": 1735698.0310332251,
  "quadrant_counts": {
    "UNDERSUPPLY": 80,
    "OVERSUPPLY": 20,
    "INEFFICIENT": 8
  },
  "quadrant_pcts": {
    "UNDERSUPPLY": 74.1,
    "OVERSUPPLY": 18.5,
    "INEFFICIENT": 7.4
  },
  "total_revenue": 2239240.1173137603,
  "total_contribution": 1101708.357313761,
  "total_planned_kms": 47350.0,
  "depot_avg_epk": 47.452485082248984,
  "depot_avg_or": 0.7548859252514253,
  "revenue_by_quadrant": {
    "INEFFICIENT": 13199.324729016147,
    "OVERSUPPLY": 451373.11301732546,
    "UNDERSUPPLY": 1774667.6795674192
  },
  "contribution_by_quadrant": {
    "INEFFICIENT": -35725.495270983854,
    "OVERSUPPLY": 191899.09301732547,
    "UNDERSUPPLY": 945534.7595674193
  }
}