{
  "depot": "IBRAHIMPATNAM",
  "target_date": "2026-02-28",
  "predicted_depot_pkm": 2309781.0,
  "total_services": 189,
  "count_add_slot": 86,
  "count_cut": 0,
  "count_no_change": 103,
  "total_allocated_pkm": 2093612.3321232316,
  "quadrant_counts": {
    "UNDERSUPPLY": 151,
    "OVERSUPPLY": 33,
    "INEFFICIENT": 3,
    "SOCIAL_OBLIGATION": 2
  },
  "quadrant_pcts": {
    "UNDERSUPPLY": 79.9,
    "OVERSUPPLY": 17.5,
    "INEFFICIENT": 1.6,
    "SOCIAL_OBLIGATION": 1.1
  },
  "total_revenue": 2733385.2727362355,
  "total_contribution": 1854320.4927362355,
  "total_planned_kms": 44803.0,
  "depot_avg_epk": 62.92260852783111,
  "depot_avg_or": 0.8544351557684583,
  "revenue_by_quadrant": {
    "INEFFICIENT": 0.0,
    "OVERSUPPLY": 362494.281801514,
    "SOCIAL_OBLIGATION": 0.0,
    "UNDERSUPPLY": 2370890.990934721
  },
  "contribution_by_quadrant": {
    "INEFFICIENT": -16920.64,
    "OVERSUPPLY": 190811.88180151395,
    "SOCIAL_OBLIGATION": -10357.599999999999,
    "UNDERSUPPLY": 1690786.8509347213
  }
}