{
  "depot": "KUKATPALLY",
  "target_date": "2026-02-28",
  "predicted_depot_pkm": 2018964.375,
  "total_services": 204,
  "count_add_slot": 92,
  "count_cut": 0,
  "count_no_change": 112,
  "total_allocated_pkm": 1617328.7599356207,
  "quadrant_counts": {
    "UNDERSUPPLY": 131,
    "OVERSUPPLY": 40,
    "INEFFICIENT": 25,
    "SOCIAL_OBLIGATION": 8
  },
  "quadrant_pcts": {
    "UNDERSUPPLY": 64.2,
    "OVERSUPPLY": 19.6,
    "INEFFICIENT": 12.3,
    "SOCIAL_OBLIGATION": 3.9
  },
  "total_revenue": 2069226.923265463,
  "total_contribution": 1277978.4232654632,
  "total_planned_kms": 38029.0,
  "depot_avg_epk": 54.55097344550079,
  "depot_avg_or": 0.8070769904391519,
  "revenue_by_quadrant": {
    "INEFFICIENT": 21455.606408733034,
    "OVERSUPPLY": 351119.30537317233,
    "SOCIAL_OBLIGATION": 0.0,
    "UNDERSUPPLY": 1696652.0114835578
  },
  "contribution_by_quadrant": {
    "INEFFICIENT": -77666.59359126697,
    "OVERSUPPLY": 189133.34537317234,
    "SOCIAL_OBLIGATION": -21567.2,
    "UNDERSUPPLY": 1188078.8714835579
  }
}