{
  "depot": "NIZAMABAD-I",
  "target_date": "2026-02-28",
  "predicted_depot_pkm": 1832987.75,
  "total_services": 125,
  "count_add_slot": 15,
  "count_cut": 0,
  "count_no_change": 110,
  "total_allocated_pkm": 1456356.3492775247,
  "quadrant_counts": {
    "OVERSUPPLY": 67,
    "UNDERSUPPLY": 49,
    "INEFFICIENT": 9
  },
  "quadrant_pcts": {
    "OVERSUPPLY": 53.6,
    "UNDERSUPPLY": 39.2,
    "INEFFICIENT": 7.2
  },
  "total_revenue": 1911513.1531618005,
  "total_contribution": 923789.1731618005,
  "total_planned_kms": 51753.0,
  "depot_avg_epk": 38.5746651401098,
  "depot_avg_or": 0.5999064659072736,
  "revenue_by_quadrant": {
    "INEFFICIENT": 26637.345297041767,
    "OVERSUPPLY": 945990.5531029806,
    "UNDERSUPPLY": 938885.2547617782
  },
  "contribution_by_quadrant": {
    "INEFFICIENT": -63819.27470295823,
    "OVERSUPPLY": 401032.89310298057,
    "UNDERSUPPLY": 586575.5547617781
  }
}