{
  "depot": "JANGAON",
  "target_date": "2026-03-11",
  "predicted_depot_pkm": 2205405.75,
  "total_services": 115,
  "count_add_slot": 47,
  "count_cut": 0,
  "count_no_change": 68,
  "total_allocated_pkm": 2082470.7432654845,
  "quadrant_counts": {
    "UNDERSUPPLY": 84,
    "OVERSUPPLY": 30,
    "INEFFICIENT": 1
  },
  "quadrant_pcts": {
    "UNDERSUPPLY": 73.0,
    "OVERSUPPLY": 26.1,
    "INEFFICIENT": 0.9
  },
  "total_revenue": 2448015.6905735945,
  "total_contribution": 1663138.0105735941,
  "total_planned_kms": 49455.0,
  "depot_avg_epk": 49.40671925490773,
  "depot_avg_or": 0.8138911975659969,
  "revenue_by_quadrant": {
    "INEFFICIENT": 8299.391084152478,
    "OVERSUPPLY": 487242.2684253478,
    "UNDERSUPPLY": 1952474.031064094
  },
  "contribution_by_quadrant": {
    "INEFFICIENT": -760.6089158475224,
    "OVERSUPPLY": 270113.8284253478,
    "UNDERSUPPLY": 1393784.791064094
  }
}