{
  "depot": "KODAD",
  "target_date": "2026-05-15",
  "predicted_depot_pkm": 1645885.0,
  "total_services": 80,
  "count_add_slot": 34,
  "count_cut": 1,
  "count_no_change": 45,
  "total_allocated_pkm": 1499018.653084578,
  "quadrant_counts": {
    "UNDERSUPPLY": 60,
    "OVERSUPPLY": 13,
    "INEFFICIENT": 7
  },
  "quadrant_pcts": {
    "UNDERSUPPLY": 75.0,
    "OVERSUPPLY": 16.2,
    "INEFFICIENT": 8.8
  },
  "total_revenue": 1890419.6242311161,
  "total_contribution": 968194.6242311159,
  "total_planned_kms": 36889.0,
  "depot_avg_epk": 51.576132409775006,
  "depot_avg_or": 0.7894340899925076,
  "revenue_by_quadrant": {
    "INEFFICIENT": 34730.39574104071,
    "OVERSUPPLY": 259819.3191067624,
    "UNDERSUPPLY": 1595869.9093833128
  },
  "contribution_by_quadrant": {
    "INEFFICIENT": -32444.60425895929,
    "OVERSUPPLY": 90769.31910676243,
    "UNDERSUPPLY": 909869.9093833128
  }
}