{
  "depot": "SIRCILLA",
  "target_date": "2026-05-15",
  "predicted_depot_pkm": 1173171.0,
  "total_services": 65,
  "count_add_slot": 25,
  "count_cut": 2,
  "count_no_change": 38,
  "total_allocated_pkm": 1067631.490433197,
  "quadrant_counts": {
    "UNDERSUPPLY": 45,
    "OVERSUPPLY": 14,
    "INEFFICIENT": 6
  },
  "quadrant_pcts": {
    "UNDERSUPPLY": 69.2,
    "OVERSUPPLY": 21.5,
    "INEFFICIENT": 9.2
  },
  "total_revenue": 1310679.5665277366,
  "total_contribution": 604854.5665277368,
  "total_planned_kms": 28233.0,
  "depot_avg_epk": 46.574660295857264,
  "depot_avg_or": 0.7570566028408903,
  "revenue_by_quadrant": {
    "INEFFICIENT": 27952.407622166524,
    "OVERSUPPLY": 202225.45347339092,
    "UNDERSUPPLY": 1080501.7054321794
  },
  "contribution_by_quadrant": {
    "INEFFICIENT": -35422.592377833476,
    "OVERSUPPLY": 38750.45347339091,
    "UNDERSUPPLY": 601526.7054321794
  }
}