{
  "depot": "MAHABOOBNAGAR",
  "target_date": "2026-05-15",
  "predicted_depot_pkm": 2526415.25,
  "total_services": 149,
  "count_add_slot": 74,
  "count_cut": 0,
  "count_no_change": 75,
  "total_allocated_pkm": 2392133.7548046857,
  "quadrant_counts": {
    "UNDERSUPPLY": 119,
    "OVERSUPPLY": 17,
    "INEFFICIENT": 13
  },
  "quadrant_pcts": {
    "UNDERSUPPLY": 79.9,
    "OVERSUPPLY": 11.4,
    "INEFFICIENT": 8.7
  },
  "total_revenue": 2984754.0561102997,
  "total_contribution": 1469418.0561102994,
  "total_planned_kms": 60613.44,
  "depot_avg_epk": 49.744854049133174,
  "depot_avg_or": 0.8148207204590392,
  "revenue_by_quadrant": {
    "INEFFICIENT": 43218.502435858245,
    "OVERSUPPLY": 346527.8309738584,
    "UNDERSUPPLY": 2595007.722700583
  },
  "contribution_by_quadrant": {
    "INEFFICIENT": -91781.49756414175,
    "OVERSUPPLY": 115802.83097385842,
    "UNDERSUPPLY": 1445396.7227005828
  }
}