{
  "depot": "FAROOQNAGAR",
  "target_date": "2026-05-15",
  "predicted_depot_pkm": 1110286.25,
  "total_services": 153,
  "count_add_slot": 95,
  "count_cut": 0,
  "count_no_change": 58,
  "total_allocated_pkm": 1020527.4070301225,
  "quadrant_counts": {
    "UNDERSUPPLY": 110,
    "INEFFICIENT": 25,
    "OVERSUPPLY": 18
  },
  "quadrant_pcts": {
    "UNDERSUPPLY": 71.9,
    "INEFFICIENT": 16.3,
    "OVERSUPPLY": 11.8
  },
  "total_revenue": 1403149.5452298988,
  "total_contribution": 762349.5452298988,
  "total_planned_kms": 25632.0,
  "depot_avg_epk": 53.74195373167614,
  "depot_avg_or": 0.853306962623976,
  "revenue_by_quadrant": {
    "INEFFICIENT": 24301.718066115875,
    "OVERSUPPLY": 91964.59516576155,
    "UNDERSUPPLY": 1286883.2319980212
  },
  "contribution_by_quadrant": {
    "INEFFICIENT": -79723.28193388412,
    "OVERSUPPLY": 30839.59516576155,
    "UNDERSUPPLY": 811233.2319980214
  }
}