{
  "depot": "KACHEGUDA",
  "target_date": "2026-05-15",
  "predicted_depot_pkm": 1492118.375,
  "total_services": 177,
  "count_add_slot": 127,
  "count_cut": 0,
  "count_no_change": 50,
  "total_allocated_pkm": 1324541.6299937782,
  "quadrant_counts": {
    "UNDERSUPPLY": 128,
    "INEFFICIENT": 42,
    "OVERSUPPLY": 7
  },
  "quadrant_pcts": {
    "UNDERSUPPLY": 72.3,
    "INEFFICIENT": 23.7,
    "OVERSUPPLY": 4.0
  },
  "total_revenue": 1780928.5676373318,
  "total_contribution": 996928.5676373317,
  "total_planned_kms": 31360.0,
  "depot_avg_epk": 60.226856905727445,
  "depot_avg_or": 0.9838336518692652,
  "revenue_by_quadrant": {
    "INEFFICIENT": 13600.184474734288,
    "OVERSUPPLY": 33965.43313429058,
    "UNDERSUPPLY": 1733362.9500283068
  },
  "contribution_by_quadrant": {
    "INEFFICIENT": -201049.8155252657,
    "OVERSUPPLY": 10140.433134290577,
    "UNDERSUPPLY": 1187837.9500283068
  }
}