{
  "depot": "WANAPARTHI",
  "target_date": "2026-05-15",
  "predicted_depot_pkm": 2409893.25,
  "total_services": 130,
  "count_add_slot": 81,
  "count_cut": 0,
  "count_no_change": 49,
  "total_allocated_pkm": 2291915.394883468,
  "quadrant_counts": {
    "UNDERSUPPLY": 109,
    "OVERSUPPLY": 17,
    "INEFFICIENT": 4
  },
  "quadrant_pcts": {
    "UNDERSUPPLY": 83.8,
    "OVERSUPPLY": 13.1,
    "INEFFICIENT": 3.1
  },
  "total_revenue": 2790982.4837752976,
  "total_contribution": 1516382.4837752976,
  "total_planned_kms": 50984.0,
  "depot_avg_epk": 55.10383100527789,
  "depot_avg_or": 0.8989429787782178,
  "revenue_by_quadrant": {
    "INEFFICIENT": 14831.673406702213,
    "OVERSUPPLY": 321586.23286579776,
    "UNDERSUPPLY": 2454564.577502798
  },
  "contribution_by_quadrant": {
    "INEFFICIENT": -16568.32659329779,
    "OVERSUPPLY": 125986.23286579776,
    "UNDERSUPPLY": 1406964.5775027976
  }
}