{
  "depot": "SURYAPET",
  "target_date": "2026-05-15",
  "predicted_depot_pkm": 2721619.25,
  "total_services": 156,
  "count_add_slot": 14,
  "count_cut": 1,
  "count_no_change": 141,
  "total_allocated_pkm": 2585908.1135191415,
  "quadrant_counts": {
    "OVERSUPPLY": 74,
    "UNDERSUPPLY": 71,
    "INEFFICIENT": 11
  },
  "quadrant_pcts": {
    "OVERSUPPLY": 47.4,
    "UNDERSUPPLY": 45.5,
    "INEFFICIENT": 7.1
  },
  "total_revenue": 3188752.6340122647,
  "total_contribution": 1442677.6340122647,
  "total_planned_kms": 69843.0,
  "depot_avg_epk": 45.15951295401356,
  "depot_avg_or": 0.6677880395453107,
  "revenue_by_quadrant": {
    "INEFFICIENT": 106206.74274148706,
    "OVERSUPPLY": 1310741.3520578258,
    "UNDERSUPPLY": 1771804.5392129517
  },
  "contribution_by_quadrant": {
    "INEFFICIENT": -24893.257258512942,
    "OVERSUPPLY": 511191.35205782583,
    "UNDERSUPPLY": 956379.5392129517
  }
}