{
  "depot": "DILSHUKNAGAR",
  "target_date": "2026-05-15",
  "predicted_depot_pkm": 1413155.5,
  "total_services": 149,
  "count_add_slot": 101,
  "count_cut": 0,
  "count_no_change": 48,
  "total_allocated_pkm": 1258454.6356757693,
  "quadrant_counts": {
    "UNDERSUPPLY": 111,
    "INEFFICIENT": 31,
    "OVERSUPPLY": 7
  },
  "quadrant_pcts": {
    "UNDERSUPPLY": 74.5,
    "INEFFICIENT": 20.8,
    "OVERSUPPLY": 4.7
  },
  "total_revenue": 1688117.8749134843,
  "total_contribution": 877135.8749134846,
  "total_planned_kms": 32439.28,
  "depot_avg_epk": 53.453388771774385,
  "depot_avg_or": 0.8636990347761391,
  "revenue_by_quadrant": {
    "INEFFICIENT": 2769.6242045260924,
    "OVERSUPPLY": 34059.176407934145,
    "UNDERSUPPLY": 1651289.0743010242
  },
  "contribution_by_quadrant": {
    "INEFFICIENT": -184505.3757954739,
    "OVERSUPPLY": 8959.176407934145,
    "UNDERSUPPLY": 1052682.0743010242
  }
}