{
  "depot": "MIDHANI",
  "target_date": "2026-05-15",
  "predicted_depot_pkm": 1344010.0,
  "total_services": 144,
  "count_add_slot": 110,
  "count_cut": 0,
  "count_no_change": 34,
  "total_allocated_pkm": 1175841.8026891674,
  "quadrant_counts": {
    "UNDERSUPPLY": 115,
    "INEFFICIENT": 23,
    "OVERSUPPLY": 6
  },
  "quadrant_pcts": {
    "UNDERSUPPLY": 79.9,
    "INEFFICIENT": 16.0,
    "OVERSUPPLY": 4.2
  },
  "total_revenue": 1611029.8431075918,
  "total_contribution": 938548.3431075918,
  "total_planned_kms": 26899.260000000002,
  "depot_avg_epk": 63.08524502826775,
  "depot_avg_or": 1.0018240025045366,
  "revenue_by_quadrant": {
    "INEFFICIENT": 0.0,
    "OVERSUPPLY": 35510.915964856424,
    "UNDERSUPPLY": 1575518.9271427353
  },
  "contribution_by_quadrant": {
    "INEFFICIENT": -137375.0,
    "OVERSUPPLY": 14110.91596485642,
    "UNDERSUPPLY": 1061812.4271427353
  }
}