{
  "depot": "IBRAHIMPATNAM",
  "target_date": "2026-05-15",
  "predicted_depot_pkm": 2045107.875,
  "total_services": 189,
  "count_add_slot": 138,
  "count_cut": 2,
  "count_no_change": 49,
  "total_allocated_pkm": 1857121.8664132736,
  "quadrant_counts": {
    "UNDERSUPPLY": 161,
    "INEFFICIENT": 15,
    "OVERSUPPLY": 13
  },
  "quadrant_pcts": {
    "UNDERSUPPLY": 85.2,
    "INEFFICIENT": 7.9,
    "OVERSUPPLY": 6.9
  },
  "total_revenue": 2464006.568754538,
  "total_contribution": 1585416.4367545377,
  "total_planned_kms": 44778.7,
  "depot_avg_epk": 57.17287072696981,
  "depot_avg_or": 0.9357353655565592,
  "revenue_by_quadrant": {
    "INEFFICIENT": 5993.651808488949,
    "OVERSUPPLY": 95952.61965394983,
    "UNDERSUPPLY": 2362060.297292099
  },
  "contribution_by_quadrant": {
    "INEFFICIENT": -81669.06819151105,
    "OVERSUPPLY": 28482.61965394984,
    "UNDERSUPPLY": 1638602.885292099
  }
}