{
  "depot": "NARSAMPET",
  "target_date": "2026-05-15",
  "predicted_depot_pkm": 1774561.625,
  "total_services": 94,
  "count_add_slot": 58,
  "count_cut": 7,
  "count_no_change": 29,
  "total_allocated_pkm": 1629034.4103541705,
  "quadrant_counts": {
    "UNDERSUPPLY": 70,
    "OVERSUPPLY": 14,
    "INEFFICIENT": 10
  },
  "quadrant_pcts": {
    "UNDERSUPPLY": 74.5,
    "OVERSUPPLY": 14.9,
    "INEFFICIENT": 10.6
  },
  "total_revenue": 1949876.5478238033,
  "total_contribution": 1077984.3478238035,
  "total_planned_kms": 40599.0,
  "depot_avg_epk": 47.91033739525684,
  "depot_avg_or": 0.8247634318269516,
  "revenue_by_quadrant": {
    "INEFFICIENT": 5145.210194243626,
    "OVERSUPPLY": 256631.4621454307,
    "UNDERSUPPLY": 1688099.8754841292
  },
  "contribution_by_quadrant": {
    "INEFFICIENT": -67164.18980575638,
    "OVERSUPPLY": 113942.3021454307,
    "UNDERSUPPLY": 1031206.235484129
  }
}