{
  "depot": "KALVAKURTHY",
  "target_date": "2026-05-15",
  "predicted_depot_pkm": 2091767.25,
  "total_services": 98,
  "count_add_slot": 57,
  "count_cut": 1,
  "count_no_change": 40,
  "total_allocated_pkm": 1971164.093133049,
  "quadrant_counts": {
    "UNDERSUPPLY": 77,
    "OVERSUPPLY": 16,
    "INEFFICIENT": 5
  },
  "quadrant_pcts": {
    "UNDERSUPPLY": 78.6,
    "OVERSUPPLY": 16.3,
    "INEFFICIENT": 5.1
  },
  "total_revenue": 2244683.3620556477,
  "total_contribution": 1159708.3620556477,
  "total_planned_kms": 43399.0,
  "depot_avg_epk": 51.66957021262324,
  "depot_avg_or": 0.8599648647828828,
  "revenue_by_quadrant": {
    "INEFFICIENT": 16903.739176031348,
    "OVERSUPPLY": 283657.6824055717,
    "UNDERSUPPLY": 1944121.9404740445
  },
  "contribution_by_quadrant": {
    "INEFFICIENT": -28296.260823968652,
    "OVERSUPPLY": 82107.68240557169,
    "UNDERSUPPLY": 1105896.9404740445
  }
}