{
  "depot": "MAHABOOBABAD",
  "target_date": "2026-05-15",
  "predicted_depot_pkm": 1475399.625,
  "total_services": 76,
  "count_add_slot": 42,
  "count_cut": 3,
  "count_no_change": 31,
  "total_allocated_pkm": 1343679.6864958943,
  "quadrant_counts": {
    "UNDERSUPPLY": 57,
    "OVERSUPPLY": 14,
    "INEFFICIENT": 5
  },
  "quadrant_pcts": {
    "UNDERSUPPLY": 75.0,
    "OVERSUPPLY": 18.4,
    "INEFFICIENT": 6.6
  },
  "total_revenue": 1558292.5557995283,
  "total_contribution": 999804.7657995288,
  "total_planned_kms": 31066.0,
  "depot_avg_epk": 49.54131014783547,
  "depot_avg_or": 0.7999972219883097,
  "revenue_by_quadrant": {
    "INEFFICIENT": 2319.4518331754734,
    "OVERSUPPLY": 187895.78657150333,
    "UNDERSUPPLY": 1368077.3173948498
  },
  "contribution_by_quadrant": {
    "INEFFICIENT": -31873.928166824524,
    "OVERSUPPLY": 82999.48657150331,
    "UNDERSUPPLY": 948679.20739485
  }
}