{
  "depot": "JEEDIMETLA",
  "target_date": "2026-05-15",
  "predicted_depot_pkm": 1716989.625,
  "total_services": 209,
  "count_add_slot": 129,
  "count_cut": 0,
  "count_no_change": 80,
  "total_allocated_pkm": 1568268.4798221667,
  "quadrant_counts": {
    "UNDERSUPPLY": 172,
    "OVERSUPPLY": 32,
    "INEFFICIENT": 5
  },
  "quadrant_pcts": {
    "UNDERSUPPLY": 82.3,
    "OVERSUPPLY": 15.3,
    "INEFFICIENT": 2.4
  },
  "total_revenue": 2182397.0649950206,
  "total_contribution": 1212172.0649950202,
  "total_planned_kms": 38809.0,
  "depot_avg_epk": 57.47574136094781,
  "depot_avg_or": 0.9124358043141009,
  "revenue_by_quadrant": {
    "INEFFICIENT": 15577.677585604955,
    "OVERSUPPLY": 246177.8141393063,
    "UNDERSUPPLY": 1920641.573270109
  },
  "contribution_by_quadrant": {
    "INEFFICIENT": -4097.322414395045,
    "OVERSUPPLY": 77327.81413930633,
    "UNDERSUPPLY": 1138941.573270109
  }
}