{
  "depot": "WARANGAL-II",
  "target_date": "2026-05-15",
  "predicted_depot_pkm": 2643424.5,
  "total_services": 158,
  "count_add_slot": 38,
  "count_cut": 1,
  "count_no_change": 119,
  "total_allocated_pkm": 2618000.1090746145,
  "quadrant_counts": {
    "UNDERSUPPLY": 97,
    "INEFFICIENT": 36,
    "OVERSUPPLY": 20,
    "SOCIAL_OBLIGATION": 5
  },
  "quadrant_pcts": {
    "UNDERSUPPLY": 61.4,
    "INEFFICIENT": 22.8,
    "OVERSUPPLY": 12.7,
    "SOCIAL_OBLIGATION": 3.2
  },
  "total_revenue": 3436577.065097893,
  "total_contribution": 513146.1050978932,
  "total_planned_kms": 75132.0,
  "depot_avg_epk": 46.0006250025825,
  "depot_avg_or": 0.7166590382719052,
  "revenue_by_quadrant": {
    "INEFFICIENT": 472559.5158043436,
    "OVERSUPPLY": 369868.3660798817,
    "SOCIAL_OBLIGATION": 104075.6146083455,
    "UNDERSUPPLY": 2490073.5686053224
  },
  "contribution_by_quadrant": {
    "INEFFICIENT": -268091.26419565635,
    "OVERSUPPLY": 35492.42607988173,
    "SOCIAL_OBLIGATION": -1792.3853916544977,
    "UNDERSUPPLY": 747537.3286053224
  }
}