{
  "depot": "PICKET",
  "target_date": "2026-05-15",
  "predicted_depot_pkm": 1193563.5,
  "total_services": 75,
  "count_add_slot": 9,
  "count_cut": 0,
  "count_no_change": 66,
  "total_allocated_pkm": 1032956.4588629886,
  "quadrant_counts": {
    "OVERSUPPLY": 54,
    "UNDERSUPPLY": 20,
    "INEFFICIENT": 1
  },
  "quadrant_pcts": {
    "OVERSUPPLY": 72.0,
    "UNDERSUPPLY": 26.7,
    "INEFFICIENT": 1.3
  },
  "total_revenue": 1704044.1057910444,
  "total_contribution": 692269.1057910441,
  "total_planned_kms": 40471.0,
  "depot_avg_epk": 43.49991351617356,
  "depot_avg_or": 0.662264156812221,
  "revenue_by_quadrant": {
    "INEFFICIENT": 0.0,
    "OVERSUPPLY": 1196601.513376841,
    "UNDERSUPPLY": 507442.592414203
  },
  "contribution_by_quadrant": {
    "INEFFICIENT": -14150.0,
    "OVERSUPPLY": 425576.51337684115,
    "UNDERSUPPLY": 280842.592414203
  }
}