{
  "depot": "NARKATPALLY",
  "target_date": "2026-05-15",
  "predicted_depot_pkm": 735286.5,
  "total_services": 26,
  "count_add_slot": 23,
  "count_cut": 0,
  "count_no_change": 3,
  "total_allocated_pkm": 667533.628448294,
  "quadrant_counts": {
    "UNDERSUPPLY": 25,
    "OVERSUPPLY": 1
  },
  "quadrant_pcts": {
    "UNDERSUPPLY": 96.2,
    "OVERSUPPLY": 3.8
  },
  "total_revenue": 743050.3204733778,
  "total_contribution": 484300.32047337765,
  "total_planned_kms": 10350.0,
  "depot_avg_epk": 71.23930295274977,
  "depot_avg_or": 1.1533656750376198,
  "revenue_by_quadrant": {
    "OVERSUPPLY": 11895.045839798282,
    "UNDERSUPPLY": 731155.2746335794
  },
  "contribution_by_quadrant": {
    "OVERSUPPLY": 4195.045839798282,
    "UNDERSUPPLY": 480105.2746335794
  }
}