{
  "depot": "BANSWADA",
  "target_date": "2026-05-15",
  "predicted_depot_pkm": 1781947.125,
  "total_services": 92,
  "count_add_slot": 33,
  "count_cut": 0,
  "count_no_change": 59,
  "total_allocated_pkm": 1589852.2168554894,
  "quadrant_counts": {
    "UNDERSUPPLY": 65,
    "OVERSUPPLY": 21,
    "INEFFICIENT": 6
  },
  "quadrant_pcts": {
    "UNDERSUPPLY": 70.7,
    "OVERSUPPLY": 22.8,
    "INEFFICIENT": 6.5
  },
  "total_revenue": 1900372.80238984,
  "total_contribution": 1197001.6123898397,
  "total_planned_kms": 37832.0,
  "depot_avg_epk": 49.658413661507815,
  "depot_avg_or": 0.7519091455454717,
  "revenue_by_quadrant": {
    "INEFFICIENT": 3678.1187800276325,
    "OVERSUPPLY": 292067.9377234057,
    "UNDERSUPPLY": 1604626.7458864066
  },
  "contribution_by_quadrant": {
    "INEFFICIENT": -41036.53121997237,
    "OVERSUPPLY": 143396.1277234057,
    "UNDERSUPPLY": 1094642.0158864064
  }
}