{
  "depot": "CHENGICHERLA",
  "target_date": "2026-05-15",
  "predicted_depot_pkm": 1697020.375,
  "total_services": 192,
  "count_add_slot": 149,
  "count_cut": 0,
  "count_no_change": 43,
  "total_allocated_pkm": 1564275.4988419465,
  "quadrant_counts": {
    "UNDERSUPPLY": 168,
    "OVERSUPPLY": 23,
    "INEFFICIENT": 1
  },
  "quadrant_pcts": {
    "UNDERSUPPLY": 87.5,
    "OVERSUPPLY": 12.0,
    "INEFFICIENT": 0.5
  },
  "total_revenue": 2125127.961608527,
  "total_contribution": 1218410.461608527,
  "total_planned_kms": 36268.7,
  "depot_avg_epk": 60.191806880904885,
  "depot_avg_or": 0.9967683530965886,
  "revenue_by_quadrant": {
    "INEFFICIENT": 6782.925383415304,
    "OVERSUPPLY": 184687.10706493765,
    "UNDERSUPPLY": 1933657.9291601742
  },
  "contribution_by_quadrant": {
    "INEFFICIENT": -917.0746165846958,
    "OVERSUPPLY": 50212.10706493765,
    "UNDERSUPPLY": 1169115.4291601742
  }
}