{
  "depot": "THORROR",
  "target_date": "2026-04-06",
  "predicted_depot_pkm": 2057303.625,
  "total_services": 94,
  "count_add_slot": 68,
  "count_cut": 0,
  "count_no_change": 26,
  "total_allocated_pkm": 1954570.0148138332,
  "quadrant_counts": {
    "UNDERSUPPLY": 81,
    "OVERSUPPLY": 9,
    "INEFFICIENT": 4
  },
  "quadrant_pcts": {
    "UNDERSUPPLY": 86.2,
    "OVERSUPPLY": 9.6,
    "INEFFICIENT": 4.3
  },
  "total_revenue": 2428787.438087426,
  "total_contribution": 1491056.6680874268,
  "total_planned_kms": 40942.0,
  "depot_avg_epk": 59.514313722741726,
  "depot_avg_or": 0.9423346814417717,
  "revenue_by_quadrant": {
    "INEFFICIENT": 15513.964433389496,
    "OVERSUPPLY": 149687.40083290695,
    "UNDERSUPPLY": 2263586.07282113
  },
  "contribution_by_quadrant": {
    "INEFFICIENT": -18086.315566610505,
    "OVERSUPPLY": 66313.06083290694,
    "UNDERSUPPLY": 1442829.9228211301
  }
}