{
  "depot": "HANAMKONDA",
  "target_date": "2026-04-06",
  "predicted_depot_pkm": 2240831.5,
  "total_services": 169,
  "count_add_slot": 70,
  "count_cut": 0,
  "count_no_change": 99,
  "total_allocated_pkm": 2116567.078830352,
  "quadrant_counts": {
    "UNDERSUPPLY": 121,
    "OVERSUPPLY": 37,
    "INEFFICIENT": 11
  },
  "quadrant_pcts": {
    "UNDERSUPPLY": 71.6,
    "OVERSUPPLY": 21.9,
    "INEFFICIENT": 6.5
  },
  "total_revenue": 2611944.887984496,
  "total_contribution": 1119402.3779844958,
  "total_planned_kms": 53984.0,
  "depot_avg_epk": 55.04124897791269,
  "depot_avg_or": 0.897988086801645,
  "revenue_by_quadrant": {
    "INEFFICIENT": 159741.7140387463,
    "OVERSUPPLY": 671615.582059967,
    "UNDERSUPPLY": 1780587.5918857828
  },
  "contribution_by_quadrant": {
    "INEFFICIENT": -17028.395961253736,
    "OVERSUPPLY": 298837.36205996695,
    "UNDERSUPPLY": 837593.4118857826
  }
}