{
  "depot": "BODHAN",
  "target_date": "2026-04-06",
  "predicted_depot_pkm": 1997502.5,
  "total_services": 104,
  "count_add_slot": 54,
  "count_cut": 0,
  "count_no_change": 50,
  "total_allocated_pkm": 1971422.760364878,
  "quadrant_counts": {
    "UNDERSUPPLY": 73,
    "OVERSUPPLY": 25,
    "INEFFICIENT": 6
  },
  "quadrant_pcts": {
    "UNDERSUPPLY": 70.2,
    "OVERSUPPLY": 24.0,
    "INEFFICIENT": 5.8
  },
  "total_revenue": 2530469.494513683,
  "total_contribution": 1589540.404513683,
  "total_planned_kms": 50213.0,
  "depot_avg_epk": 51.98078423081578,
  "depot_avg_or": 0.8417055134268379,
  "revenue_by_quadrant": {
    "INEFFICIENT": 32202.47958896942,
    "OVERSUPPLY": 649994.047378454,
    "UNDERSUPPLY": 1848272.9675462595
  },
  "contribution_by_quadrant": {
    "INEFFICIENT": -10049.28041103058,
    "OVERSUPPLY": 323640.84737845394,
    "UNDERSUPPLY": 1275948.8375462594
  }
}