{
  "depot": "NIZAMABAD-I",
  "target_date": "2026-04-06",
  "predicted_depot_pkm": 1936969.625,
  "total_services": 125,
  "count_add_slot": 39,
  "count_cut": 0,
  "count_no_change": 86,
  "total_allocated_pkm": 1604840.2705150773,
  "quadrant_counts": {
    "UNDERSUPPLY": 65,
    "OVERSUPPLY": 44,
    "INEFFICIENT": 16
  },
  "quadrant_pcts": {
    "UNDERSUPPLY": 52.0,
    "OVERSUPPLY": 35.2,
    "INEFFICIENT": 12.8
  },
  "total_revenue": 2133305.1421030345,
  "total_contribution": 1145581.162103034,
  "total_planned_kms": 51753.0,
  "depot_avg_epk": 43.9521150515413,
  "depot_avg_or": 0.6773694278068999,
  "revenue_by_quadrant": {
    "INEFFICIENT": 2044.484162357644,
    "OVERSUPPLY": 752068.6700037533,
    "UNDERSUPPLY": 1379191.987936923
  },
  "contribution_by_quadrant": {
    "INEFFICIENT": -167429.01583764236,
    "OVERSUPPLY": 397660.73000375327,
    "UNDERSUPPLY": 915349.447936923
  }
}