{
  "depot": "MAHABOOBABAD",
  "target_date": "2026-04-06",
  "predicted_depot_pkm": 1485022.875,
  "total_services": 76,
  "count_add_slot": 43,
  "count_cut": 0,
  "count_no_change": 33,
  "total_allocated_pkm": 1395061.5414163521,
  "quadrant_counts": {
    "UNDERSUPPLY": 56,
    "OVERSUPPLY": 15,
    "INEFFICIENT": 5
  },
  "quadrant_pcts": {
    "UNDERSUPPLY": 73.7,
    "OVERSUPPLY": 19.7,
    "INEFFICIENT": 6.6
  },
  "total_revenue": 1621806.8374467243,
  "total_contribution": 1063319.0474467245,
  "total_planned_kms": 31066.0,
  "depot_avg_epk": 51.32642557090244,
  "depot_avg_or": 0.8270860813893764,
  "revenue_by_quadrant": {
    "INEFFICIENT": 11468.252439608958,
    "OVERSUPPLY": 215095.2875458174,
    "UNDERSUPPLY": 1395243.2974612983
  },
  "contribution_by_quadrant": {
    "INEFFICIENT": -22123.32756039104,
    "OVERSUPPLY": 104019.2375458174,
    "UNDERSUPPLY": 981423.1374612984
  }
}