{
  "depot": "BHUPALAPALLAY",
  "target_date": "2026-04-06",
  "predicted_depot_pkm": 1631657.375,
  "total_services": 86,
  "count_add_slot": 35,
  "count_cut": 0,
  "count_no_change": 51,
  "total_allocated_pkm": 1568597.0380185144,
  "quadrant_counts": {
    "UNDERSUPPLY": 56,
    "OVERSUPPLY": 24,
    "INEFFICIENT": 6
  },
  "quadrant_pcts": {
    "UNDERSUPPLY": 65.1,
    "OVERSUPPLY": 27.9,
    "INEFFICIENT": 7.0
  },
  "total_revenue": 1983037.175559127,
  "total_contribution": 1145985.8355591267,
  "total_planned_kms": 40104.0,
  "depot_avg_epk": 49.020125108331584,
  "depot_avg_or": 0.7603099894399435,
  "revenue_by_quadrant": {
    "INEFFICIENT": 39046.05910155855,
    "OVERSUPPLY": 412397.32443363545,
    "UNDERSUPPLY": 1531593.7920239328
  },
  "contribution_by_quadrant": {
    "INEFFICIENT": -12602.700898441446,
    "OVERSUPPLY": 195992.06443363545,
    "UNDERSUPPLY": 962596.4720239328
  }
}