{
  "depot": "BANSWADA",
  "target_date": "2026-05-22",
  "predicted_depot_pkm": 1695973.25,
  "total_services": 92,
  "count_add_slot": 28,
  "count_cut": 0,
  "count_no_change": 64,
  "total_allocated_pkm": 1473164.7121606264,
  "quadrant_counts": {
    "UNDERSUPPLY": 55,
    "OVERSUPPLY": 29,
    "INEFFICIENT": 8
  },
  "quadrant_pcts": {
    "UNDERSUPPLY": 59.8,
    "OVERSUPPLY": 31.5,
    "INEFFICIENT": 8.7
  },
  "total_revenue": 1758529.299171797,
  "total_contribution": 1055158.109171797,
  "total_planned_kms": 37832.0,
  "depot_avg_epk": 46.3007589702007,
  "depot_avg_or": 0.7017502983278444,
  "revenue_by_quadrant": {
    "INEFFICIENT": 13147.712853604815,
    "OVERSUPPLY": 461591.1303182341,
    "UNDERSUPPLY": 1283790.455999958
  },
  "contribution_by_quadrant": {
    "INEFFICIENT": -44915.987146395186,
    "OVERSUPPLY": 226352.92031823407,
    "UNDERSUPPLY": 873721.1759999581
  }
}