{
  "depot": "JEEDIMETLA",
  "target_date": "2026-05-22",
  "predicted_depot_pkm": 1681432.375,
  "total_services": 209,
  "count_add_slot": 121,
  "count_cut": 0,
  "count_no_change": 88,
  "total_allocated_pkm": 1561909.6349234881,
  "quadrant_counts": {
    "UNDERSUPPLY": 172,
    "OVERSUPPLY": 30,
    "INEFFICIENT": 7
  },
  "quadrant_pcts": {
    "UNDERSUPPLY": 82.3,
    "OVERSUPPLY": 14.4,
    "INEFFICIENT": 3.3
  },
  "total_revenue": 2170419.11871334,
  "total_contribution": 1200194.1187133398,
  "total_planned_kms": 38809.0,
  "depot_avg_epk": 57.48239903371082,
  "depot_avg_or": 0.9129175106389978,
  "revenue_by_quadrant": {
    "INEFFICIENT": 25854.65171014893,
    "OVERSUPPLY": 282967.87830963277,
    "UNDERSUPPLY": 1861596.588693558
  },
  "contribution_by_quadrant": {
    "INEFFICIENT": -5295.34828985107,
    "OVERSUPPLY": 95117.87830963277,
    "UNDERSUPPLY": 1110371.588693558
  }
}