{
  "depot": "NIRMAL",
  "target_date": "2026-05-22",
  "predicted_depot_pkm": 2533360.75,
  "total_services": 152,
  "count_add_slot": 61,
  "count_cut": 0,
  "count_no_change": 91,
  "total_allocated_pkm": 2463546.445093534,
  "quadrant_counts": {
    "UNDERSUPPLY": 98,
    "OVERSUPPLY": 45,
    "INEFFICIENT": 9
  },
  "quadrant_pcts": {
    "UNDERSUPPLY": 64.5,
    "OVERSUPPLY": 29.6,
    "INEFFICIENT": 5.9
  },
  "total_revenue": 3147127.819030138,
  "total_contribution": 1457002.8190301382,
  "total_planned_kms": 67605.0,
  "depot_avg_epk": 47.35866770279656,
  "depot_avg_or": 0.7459679319692943,
  "revenue_by_quadrant": {
    "INEFFICIENT": 39555.749705011796,
    "OVERSUPPLY": 965437.167161732,
    "UNDERSUPPLY": 2142134.9021633943
  },
  "contribution_by_quadrant": {
    "INEFFICIENT": -48944.250294988204,
    "OVERSUPPLY": 318937.16716173204,
    "UNDERSUPPLY": 1187009.9021633943
  }
}