{
  "depot": "CHENGICHERLA",
  "target_date": "2026-05-22",
  "predicted_depot_pkm": 1657461.125,
  "total_services": 192,
  "count_add_slot": 151,
  "count_cut": 0,
  "count_no_change": 41,
  "total_allocated_pkm": 1518633.4790764728,
  "quadrant_counts": {
    "UNDERSUPPLY": 170,
    "OVERSUPPLY": 18,
    "INEFFICIENT": 4
  },
  "quadrant_pcts": {
    "UNDERSUPPLY": 88.5,
    "OVERSUPPLY": 9.4,
    "INEFFICIENT": 2.1
  },
  "total_revenue": 2066685.3519328688,
  "total_contribution": 1159967.851932869,
  "total_planned_kms": 36268.7,
  "depot_avg_epk": 58.87073327625432,
  "depot_avg_or": 0.9737712218240251,
  "revenue_by_quadrant": {
    "INEFFICIENT": 23584.3986469171,
    "OVERSUPPLY": 161659.78929094903,
    "UNDERSUPPLY": 1881441.1639950029
  },
  "contribution_by_quadrant": {
    "INEFFICIENT": -5015.601353082901,
    "OVERSUPPLY": 44934.78929094903,
    "UNDERSUPPLY": 1120048.6639950029
  }
}