{
  "depot": "FAROOQNAGAR",
  "target_date": "2026-05-22",
  "predicted_depot_pkm": 1163269.625,
  "total_services": 153,
  "count_add_slot": 107,
  "count_cut": 0,
  "count_no_change": 46,
  "total_allocated_pkm": 1087861.2339621047,
  "quadrant_counts": {
    "UNDERSUPPLY": 119,
    "INEFFICIENT": 20,
    "OVERSUPPLY": 14
  },
  "quadrant_pcts": {
    "UNDERSUPPLY": 77.8,
    "INEFFICIENT": 13.1,
    "OVERSUPPLY": 9.2
  },
  "total_revenue": 1495381.6265370534,
  "total_contribution": 854581.6265370535,
  "total_planned_kms": 25632.0,
  "depot_avg_epk": 57.6629980063425,
  "depot_avg_or": 0.9158598638930653,
  "revenue_by_quadrant": {
    "INEFFICIENT": 8511.198282681731,
    "OVERSUPPLY": 70023.16092591065,
    "UNDERSUPPLY": 1416847.2673284612
  },
  "contribution_by_quadrant": {
    "INEFFICIENT": -78013.80171731827,
    "OVERSUPPLY": 21473.160925910648,
    "UNDERSUPPLY": 911122.267328461
  }
}