{
  "depot": "VEMULAWADA",
  "target_date": "2026-05-22",
  "predicted_depot_pkm": 1332727.125,
  "total_services": 74,
  "count_add_slot": 29,
  "count_cut": 0,
  "count_no_change": 45,
  "total_allocated_pkm": 1231765.0126669053,
  "quadrant_counts": {
    "UNDERSUPPLY": 48,
    "OVERSUPPLY": 22,
    "INEFFICIENT": 4
  },
  "quadrant_pcts": {
    "UNDERSUPPLY": 64.9,
    "OVERSUPPLY": 29.7,
    "INEFFICIENT": 5.4
  },
  "total_revenue": 1523150.457399811,
  "total_contribution": 695350.4573998109,
  "total_planned_kms": 33112.0,
  "depot_avg_epk": 45.99868279673981,
  "depot_avg_or": 0.7662251257381029,
  "revenue_by_quadrant": {
    "INEFFICIENT": 15921.275332510168,
    "OVERSUPPLY": 384465.87947667803,
    "UNDERSUPPLY": 1122763.3025906226
  },
  "contribution_by_quadrant": {
    "INEFFICIENT": -28778.724667489834,
    "OVERSUPPLY": 124465.879476678,
    "UNDERSUPPLY": 599663.3025906226
  }
}