{
  "depot": "KALVAKURTHY",
  "target_date": "2026-05-22",
  "predicted_depot_pkm": 1955211.25,
  "total_services": 98,
  "count_add_slot": 49,
  "count_cut": 1,
  "count_no_change": 48,
  "total_allocated_pkm": 1849112.4263631792,
  "quadrant_counts": {
    "UNDERSUPPLY": 70,
    "OVERSUPPLY": 23,
    "INEFFICIENT": 5
  },
  "quadrant_pcts": {
    "UNDERSUPPLY": 71.4,
    "OVERSUPPLY": 23.5,
    "INEFFICIENT": 5.1
  },
  "total_revenue": 2106123.781328424,
  "total_contribution": 1021148.7813284238,
  "total_planned_kms": 43399.0,
  "depot_avg_epk": 48.43503772302899,
  "depot_avg_or": 0.8060013957651918,
  "revenue_by_quadrant": {
    "INEFFICIENT": 15697.311478849444,
    "OVERSUPPLY": 399160.81696993025,
    "UNDERSUPPLY": 1691265.652879644
  },
  "contribution_by_quadrant": {
    "INEFFICIENT": -33902.68852115056,
    "OVERSUPPLY": 122560.81696993027,
    "UNDERSUPPLY": 932490.6528796441
  }
}