{
  "depot": "MIYAPUR-II",
  "target_date": "2026-05-22",
  "predicted_depot_pkm": 1308492.625,
  "total_services": 176,
  "count_add_slot": 98,
  "count_cut": 0,
  "count_no_change": 78,
  "total_allocated_pkm": 1178650.7952433384,
  "quadrant_counts": {
    "UNDERSUPPLY": 114,
    "INEFFICIENT": 42,
    "OVERSUPPLY": 20
  },
  "quadrant_pcts": {
    "UNDERSUPPLY": 64.8,
    "INEFFICIENT": 23.9,
    "OVERSUPPLY": 11.4
  },
  "total_revenue": 2086025.8835015309,
  "total_contribution": 1391752.8835015306,
  "total_planned_kms": 27770.92,
  "depot_avg_epk": 72.61361418257653,
  "depot_avg_or": 1.191914166677999,
  "revenue_by_quadrant": {
    "INEFFICIENT": 11636.965032159138,
    "OVERSUPPLY": 201099.97115568892,
    "UNDERSUPPLY": 1873288.9473136826
  },
  "contribution_by_quadrant": {
    "INEFFICIENT": -122768.53496784085,
    "OVERSUPPLY": 102559.97115568892,
    "UNDERSUPPLY": 1411961.4473136826
  }
}