{
  "depot": "THORROR",
  "target_date": "2026-05-22",
  "predicted_depot_pkm": 1851245.625,
  "total_services": 94,
  "count_add_slot": 51,
  "count_cut": 5,
  "count_no_change": 38,
  "total_allocated_pkm": 1752336.5239349434,
  "quadrant_counts": {
    "UNDERSUPPLY": 79,
    "OVERSUPPLY": 10,
    "INEFFICIENT": 5
  },
  "quadrant_pcts": {
    "UNDERSUPPLY": 84.0,
    "OVERSUPPLY": 10.6,
    "INEFFICIENT": 5.3
  },
  "total_revenue": 2186810.868146777,
  "total_contribution": 1249080.0981467776,
  "total_planned_kms": 40942.0,
  "depot_avg_epk": 53.44433660644783,
  "depot_avg_or": 0.8459347314745624,
  "revenue_by_quadrant": {
    "INEFFICIENT": 19185.206191476434,
    "OVERSUPPLY": 159516.60565751794,
    "UNDERSUPPLY": 2008109.056297783
  },
  "contribution_by_quadrant": {
    "INEFFICIENT": -22161.443808523567,
    "OVERSUPPLY": 70847.15565751794,
    "UNDERSUPPLY": 1200394.386297783
  }
}