{
  "depot": "YADAGIRIGUTTA",
  "target_date": "2026-05-22",
  "predicted_depot_pkm": 1872677.625,
  "total_services": 82,
  "count_add_slot": 35,
  "count_cut": 2,
  "count_no_change": 45,
  "total_allocated_pkm": 1483358.7878243779,
  "quadrant_counts": {
    "UNDERSUPPLY": 63,
    "OVERSUPPLY": 16,
    "INEFFICIENT": 3
  },
  "quadrant_pcts": {
    "UNDERSUPPLY": 76.8,
    "OVERSUPPLY": 19.5,
    "INEFFICIENT": 3.7
  },
  "total_revenue": 1728930.889829087,
  "total_contribution": 887205.8898290873,
  "total_planned_kms": 33669.0,
  "depot_avg_epk": 50.960064171475054,
  "depot_avg_or": 0.7922856465045919,
  "revenue_by_quadrant": {
    "INEFFICIENT": 0.0,
    "OVERSUPPLY": 241715.53082004585,
    "UNDERSUPPLY": 1487215.3590090415
  },
  "contribution_by_quadrant": {
    "INEFFICIENT": -31450.0,
    "OVERSUPPLY": 83440.53082004587,
    "UNDERSUPPLY": 835215.3590090413
  }
}