{
  "depot": "HAKIMPET",
  "target_date": "2026-05-22",
  "predicted_depot_pkm": 1295906.375,
  "total_services": 152,
  "count_add_slot": 106,
  "count_cut": 0,
  "count_no_change": 46,
  "total_allocated_pkm": 1225317.0932209734,
  "quadrant_counts": {
    "UNDERSUPPLY": 140,
    "OVERSUPPLY": 11,
    "INEFFICIENT": 1
  },
  "quadrant_pcts": {
    "UNDERSUPPLY": 92.1,
    "OVERSUPPLY": 7.2,
    "INEFFICIENT": 0.7
  },
  "total_revenue": 1652093.8279819689,
  "total_contribution": 830742.4716819689,
  "total_planned_kms": 31321.69,
  "depot_avg_epk": 53.43260583854824,
  "depot_avg_or": 0.9173933537843676,
  "revenue_by_quadrant": {
    "INEFFICIENT": 3121.1402594591423,
    "OVERSUPPLY": 96973.454850571,
    "UNDERSUPPLY": 1551999.2328719387
  },
  "contribution_by_quadrant": {
    "INEFFICIENT": -583.2997405408578,
    "OVERSUPPLY": 32238.594850570997,
    "UNDERSUPPLY": 799087.1765719388
  }
}