{
  "depot": "MANCHERIAL",
  "target_date": "2026-05-22",
  "predicted_depot_pkm": 2317418.5,
  "total_services": 146,
  "count_add_slot": 46,
  "count_cut": 0,
  "count_no_change": 100,
  "total_allocated_pkm": 2191119.7336995453,
  "quadrant_counts": {
    "UNDERSUPPLY": 95,
    "OVERSUPPLY": 40,
    "INEFFICIENT": 11
  },
  "quadrant_pcts": {
    "UNDERSUPPLY": 65.1,
    "OVERSUPPLY": 27.4,
    "INEFFICIENT": 7.5
  },
  "total_revenue": 2802300.0064863185,
  "total_contribution": 1258725.0064863185,
  "total_planned_kms": 61743.0,
  "depot_avg_epk": 45.446190589890975,
  "depot_avg_or": 0.7392975539921488,
  "revenue_by_quadrant": {
    "INEFFICIENT": 45481.25880700557,
    "OVERSUPPLY": 773109.8949190899,
    "UNDERSUPPLY": 1983708.8527602232
  },
  "contribution_by_quadrant": {
    "INEFFICIENT": -62193.74119299443,
    "OVERSUPPLY": 292784.89491908986,
    "UNDERSUPPLY": 1028133.8527602231
  }
}