{
  "depot": "KUSHAIGUDA",
  "target_date": "2026-05-22",
  "predicted_depot_pkm": 1760430.75,
  "total_services": 226,
  "count_add_slot": 56,
  "count_cut": 0,
  "count_no_change": 170,
  "total_allocated_pkm": 1477390.889063945,
  "quadrant_counts": {
    "UNDERSUPPLY": 125,
    "OVERSUPPLY": 81,
    "INEFFICIENT": 20
  },
  "quadrant_pcts": {
    "UNDERSUPPLY": 55.3,
    "OVERSUPPLY": 35.8,
    "INEFFICIENT": 8.8
  },
  "total_revenue": 2038828.978818861,
  "total_contribution": 994928.9788188608,
  "total_planned_kms": 41756.0,
  "depot_avg_epk": 53.3388851213621,
  "depot_avg_or": 0.7400287513986937,
  "revenue_by_quadrant": {
    "INEFFICIENT": 32032.92263765186,
    "OVERSUPPLY": 662680.4625083104,
    "UNDERSUPPLY": 1344115.5936728984
  },
  "contribution_by_quadrant": {
    "INEFFICIENT": -103342.07736234814,
    "OVERSUPPLY": 270430.4625083105,
    "UNDERSUPPLY": 827840.5936728985
  }
}