{
  "depot": "WANAPARTHI",
  "target_date": "2026-05-22",
  "predicted_depot_pkm": 2246247.75,
  "total_services": 130,
  "count_add_slot": 70,
  "count_cut": 0,
  "count_no_change": 60,
  "total_allocated_pkm": 2149964.461543995,
  "quadrant_counts": {
    "UNDERSUPPLY": 97,
    "OVERSUPPLY": 29,
    "INEFFICIENT": 4
  },
  "quadrant_pcts": {
    "UNDERSUPPLY": 74.6,
    "OVERSUPPLY": 22.3,
    "INEFFICIENT": 3.1
  },
  "total_revenue": 2617268.764307674,
  "total_contribution": 1342668.764307674,
  "total_planned_kms": 50984.0,
  "depot_avg_epk": 51.47149852189612,
  "depot_avg_or": 0.8399384731579276,
  "revenue_by_quadrant": {
    "INEFFICIENT": 3702.724477648291,
    "OVERSUPPLY": 510740.21031725785,
    "UNDERSUPPLY": 2102825.829512768
  },
  "contribution_by_quadrant": {
    "INEFFICIENT": -27697.27552235171,
    "OVERSUPPLY": 188015.21031725785,
    "UNDERSUPPLY": 1182350.8295127677
  }
}