{
  "depot": "HAKIMPET",
  "target_date": "2026-05-12",
  "predicted_depot_pkm": 1345244.5,
  "total_services": 152,
  "count_add_slot": 117,
  "count_cut": 0,
  "count_no_change": 35,
  "total_allocated_pkm": 1266956.8408212494,
  "quadrant_counts": {
    "UNDERSUPPLY": 143,
    "OVERSUPPLY": 9
  },
  "quadrant_pcts": {
    "UNDERSUPPLY": 94.1,
    "OVERSUPPLY": 5.9
  },
  "total_revenue": 1709472.2003860325,
  "total_contribution": 888120.8440860324,
  "total_planned_kms": 31321.69,
  "depot_avg_epk": 55.126599119077596,
  "depot_avg_or": 0.9463308229032216,
  "revenue_by_quadrant": {
    "OVERSUPPLY": 60716.41762771764,
    "UNDERSUPPLY": 1648755.7827583149
  },
  "contribution_by_quadrant": {
    "OVERSUPPLY": 18608.677627717632,
    "UNDERSUPPLY": 869512.1664583148
  }
}