{
  "depot": "FALAKNUMA",
  "target_date": "2026-05-12",
  "predicted_depot_pkm": 1578043.0,
  "total_services": 148,
  "count_add_slot": 111,
  "count_cut": 0,
  "count_no_change": 37,
  "total_allocated_pkm": 1444322.091601836,
  "quadrant_counts": {
    "UNDERSUPPLY": 114,
    "INEFFICIENT": 30,
    "OVERSUPPLY": 4
  },
  "quadrant_pcts": {
    "UNDERSUPPLY": 77.0,
    "INEFFICIENT": 20.3,
    "OVERSUPPLY": 2.7
  },
  "total_revenue": 1923304.3497321352,
  "total_contribution": 1223154.3497321352,
  "total_planned_kms": 28006.0,
  "depot_avg_epk": 66.05119528740771,
  "depot_avg_or": 1.0746834437761041,
  "revenue_by_quadrant": {
    "INEFFICIENT": 31942.793980300077,
    "OVERSUPPLY": 23871.50974188804,
    "UNDERSUPPLY": 1867490.0460099473
  },
  "contribution_by_quadrant": {
    "INEFFICIENT": -74957.20601969992,
    "OVERSUPPLY": 9396.50974188804,
    "UNDERSUPPLY": 1288715.0460099473
  }
}