{
  "depot": "IBRAHIMPATNAM",
  "target_date": "2026-05-12",
  "predicted_depot_pkm": 2022103.25,
  "total_services": 189,
  "count_add_slot": 137,
  "count_cut": 2,
  "count_no_change": 50,
  "total_allocated_pkm": 1848097.7997342453,
  "quadrant_counts": {
    "UNDERSUPPLY": 161,
    "INEFFICIENT": 15,
    "OVERSUPPLY": 13
  },
  "quadrant_pcts": {
    "UNDERSUPPLY": 85.2,
    "INEFFICIENT": 7.9,
    "OVERSUPPLY": 6.9
  },
  "total_revenue": 2453937.710403475,
  "total_contribution": 1575347.5784034745,
  "total_planned_kms": 44778.7,
  "depot_avg_epk": 56.89765933114943,
  "depot_avg_or": 0.9310338391939696,
  "revenue_by_quadrant": {
    "INEFFICIENT": 16555.71191859074,
    "OVERSUPPLY": 105723.36260695591,
    "UNDERSUPPLY": 2331658.6358779278
  },
  "contribution_by_quadrant": {
    "INEFFICIENT": -71107.00808140927,
    "OVERSUPPLY": 34797.40260695592,
    "UNDERSUPPLY": 1611657.1838779277
  }
}