{
  "depot": "FAROOQNAGAR",
  "target_date": "2026-05-12",
  "predicted_depot_pkm": 1216759.125,
  "total_services": 153,
  "count_add_slot": 102,
  "count_cut": 0,
  "count_no_change": 51,
  "total_allocated_pkm": 1119456.904083022,
  "quadrant_counts": {
    "UNDERSUPPLY": 114,
    "OVERSUPPLY": 20,
    "INEFFICIENT": 19
  },
  "quadrant_pcts": {
    "UNDERSUPPLY": 74.5,
    "OVERSUPPLY": 13.1,
    "INEFFICIENT": 12.4
  },
  "total_revenue": 1539512.7544302528,
  "total_contribution": 898712.7544302528,
  "total_planned_kms": 25632.0,
  "depot_avg_epk": 59.20437334397748,
  "depot_avg_or": 0.9400289792024685,
  "revenue_by_quadrant": {
    "INEFFICIENT": 14674.908215447902,
    "OVERSUPPLY": 105961.01620407293,
    "UNDERSUPPLY": 1418876.830010732
  },
  "contribution_by_quadrant": {
    "INEFFICIENT": -68525.0917845521,
    "OVERSUPPLY": 37286.016204072934,
    "UNDERSUPPLY": 929951.830010732
  }
}