{
  "depot": "WARANGAL-II",
  "target_date": "2026-05-12",
  "predicted_depot_pkm": 2569984.0,
  "total_services": 158,
  "count_add_slot": 29,
  "count_cut": 1,
  "count_no_change": 128,
  "total_allocated_pkm": 2541541.0472118994,
  "quadrant_counts": {
    "UNDERSUPPLY": 88,
    "INEFFICIENT": 45,
    "OVERSUPPLY": 22,
    "SOCIAL_OBLIGATION": 3
  },
  "quadrant_pcts": {
    "UNDERSUPPLY": 55.7,
    "INEFFICIENT": 28.5,
    "OVERSUPPLY": 13.9,
    "SOCIAL_OBLIGATION": 1.9
  },
  "total_revenue": 3333340.5197445103,
  "total_contribution": 409909.5597445105,
  "total_planned_kms": 75132.0,
  "depot_avg_epk": 44.626447431556194,
  "depot_avg_or": 0.6949188840990802,
  "revenue_by_quadrant": {
    "INEFFICIENT": 615204.0094236025,
    "OVERSUPPLY": 403196.5649510608,
    "SOCIAL_OBLIGATION": 63095.690875767075,
    "UNDERSUPPLY": 2251844.25449408
  },
  "contribution_by_quadrant": {
    "INEFFICIENT": -294649.7505763975,
    "OVERSUPPLY": 41744.72495106084,
    "SOCIAL_OBLIGATION": -425.10912423292393,
    "UNDERSUPPLY": 663239.6944940801
  }
}