{
  "depot": "MUSHIRABAD",
  "target_date": "2026-05-12",
  "predicted_depot_pkm": 1628572.375,
  "total_services": 201,
  "count_add_slot": 160,
  "count_cut": 0,
  "count_no_change": 41,
  "total_allocated_pkm": 1512937.6212842427,
  "quadrant_counts": {
    "UNDERSUPPLY": 168,
    "INEFFICIENT": 29,
    "OVERSUPPLY": 4
  },
  "quadrant_pcts": {
    "UNDERSUPPLY": 83.6,
    "INEFFICIENT": 14.4,
    "OVERSUPPLY": 2.0
  },
  "total_revenue": 2152974.3961056094,
  "total_contribution": 1363424.396105609,
  "total_planned_kms": 31582.0,
  "depot_avg_epk": 69.9583964901858,
  "depot_avg_or": 1.0751538806104053,
  "revenue_by_quadrant": {
    "INEFFICIENT": 24383.79421938604,
    "OVERSUPPLY": 19610.134158040353,
    "UNDERSUPPLY": 2108980.4677281827
  },
  "contribution_by_quadrant": {
    "INEFFICIENT": -112241.20578061396,
    "OVERSUPPLY": 5360.134158040351,
    "UNDERSUPPLY": 1470305.4677281827
  }
}