{
  "depot": "NARSAMPET",
  "target_date": "2026-05-12",
  "predicted_depot_pkm": 1616838.25,
  "total_services": 94,
  "count_add_slot": 49,
  "count_cut": 7,
  "count_no_change": 38,
  "total_allocated_pkm": 1517493.3615001936,
  "quadrant_counts": {
    "UNDERSUPPLY": 68,
    "OVERSUPPLY": 15,
    "INEFFICIENT": 11
  },
  "quadrant_pcts": {
    "UNDERSUPPLY": 72.3,
    "OVERSUPPLY": 16.0,
    "INEFFICIENT": 11.7
  },
  "total_revenue": 1815922.3259557034,
  "total_contribution": 944030.125955703,
  "total_planned_kms": 40599.0,
  "depot_avg_epk": 44.701723858659285,
  "depot_avg_or": 0.769806000988589,
  "revenue_by_quadrant": {
    "INEFFICIENT": 21234.34347660726,
    "OVERSUPPLY": 283794.0726097326,
    "UNDERSUPPLY": 1510893.9098693633
  },
  "contribution_by_quadrant": {
    "INEFFICIENT": -60986.25652339274,
    "OVERSUPPLY": 126189.05260973261,
    "UNDERSUPPLY": 878827.3298693632
  }
}