{
  "depot": "KUSHAIGUDA",
  "target_date": "2026-05-12",
  "predicted_depot_pkm": 1918917.75,
  "total_services": 226,
  "count_add_slot": 86,
  "count_cut": 0,
  "count_no_change": 140,
  "total_allocated_pkm": 1676485.3841239305,
  "quadrant_counts": {
    "UNDERSUPPLY": 146,
    "OVERSUPPLY": 72,
    "INEFFICIENT": 8
  },
  "quadrant_pcts": {
    "UNDERSUPPLY": 64.6,
    "OVERSUPPLY": 31.9,
    "INEFFICIENT": 3.5
  },
  "total_revenue": 2315188.774794576,
  "total_contribution": 1271288.7747945762,
  "total_planned_kms": 41756.0,
  "depot_avg_epk": 59.01174342412847,
  "depot_avg_or": 0.8207151146936881,
  "revenue_by_quadrant": {
    "INEFFICIENT": 18477.824884172907,
    "OVERSUPPLY": 596142.1909064009,
    "UNDERSUPPLY": 1700568.7590040024
  },
  "contribution_by_quadrant": {
    "INEFFICIENT": -24847.175115827093,
    "OVERSUPPLY": 231542.19090640085,
    "UNDERSUPPLY": 1064593.7590040024
  }
}