{
  "depot": "ASIFABAD",
  "target_date": "2026-05-12",
  "predicted_depot_pkm": 1467981.25,
  "total_services": 76,
  "count_add_slot": 38,
  "count_cut": 1,
  "count_no_change": 37,
  "total_allocated_pkm": 1372998.9182750103,
  "quadrant_counts": {
    "UNDERSUPPLY": 53,
    "OVERSUPPLY": 14,
    "INEFFICIENT": 9
  },
  "quadrant_pcts": {
    "UNDERSUPPLY": 69.7,
    "OVERSUPPLY": 18.4,
    "INEFFICIENT": 11.8
  },
  "total_revenue": 1696662.7591688805,
  "total_contribution": 856762.7591688801,
  "total_planned_kms": 33596.0,
  "depot_avg_epk": 50.78323133460588,
  "depot_avg_or": 0.7994862583909788,
  "revenue_by_quadrant": {
    "INEFFICIENT": 31511.233491310213,
    "OVERSUPPLY": 283080.4324783338,
    "UNDERSUPPLY": 1382071.093199236
  },
  "contribution_by_quadrant": {
    "INEFFICIENT": -46738.76650868979,
    "OVERSUPPLY": 92630.43247833382,
    "UNDERSUPPLY": 810871.0931992362
  }
}