{
  "depot": "SURYAPET",
  "target_date": "2026-05-12",
  "predicted_depot_pkm": 2667677.5,
  "total_services": 156,
  "count_add_slot": 9,
  "count_cut": 0,
  "count_no_change": 147,
  "total_allocated_pkm": 2542386.108097321,
  "quadrant_counts": {
    "OVERSUPPLY": 75,
    "UNDERSUPPLY": 70,
    "INEFFICIENT": 11
  },
  "quadrant_pcts": {
    "OVERSUPPLY": 48.1,
    "UNDERSUPPLY": 44.9,
    "INEFFICIENT": 7.1
  },
  "total_revenue": 3133455.1362376604,
  "total_contribution": 1387380.1362376604,
  "total_planned_kms": 69843.0,
  "depot_avg_epk": 44.37602506763615,
  "depot_avg_or": 0.6564267707781151,
  "revenue_by_quadrant": {
    "INEFFICIENT": 101563.98074549106,
    "OVERSUPPLY": 1307079.463343982,
    "UNDERSUPPLY": 1724811.6921481877
  },
  "contribution_by_quadrant": {
    "INEFFICIENT": -29536.01925450894,
    "OVERSUPPLY": 496329.4633439818,
    "UNDERSUPPLY": 920586.6921481877
  }
}