{
  "depot": "BANDLAGUDA",
  "target_date": "2026-05-12",
  "predicted_depot_pkm": 1481805.125,
  "total_services": 148,
  "count_add_slot": 134,
  "count_cut": 0,
  "count_no_change": 14,
  "total_allocated_pkm": 1402481.5224280325,
  "quadrant_counts": {
    "UNDERSUPPLY": 140,
    "INEFFICIENT": 5,
    "OVERSUPPLY": 3
  },
  "quadrant_pcts": {
    "UNDERSUPPLY": 94.6,
    "INEFFICIENT": 3.4,
    "OVERSUPPLY": 2.0
  },
  "total_revenue": 1910126.5095919096,
  "total_contribution": 1259761.5095919096,
  "total_planned_kms": 26014.6,
  "depot_avg_epk": 75.44506378150724,
  "depot_avg_or": 1.203898565630555,
  "revenue_by_quadrant": {
    "INEFFICIENT": 5915.383113248239,
    "OVERSUPPLY": 14903.1657141377,
    "UNDERSUPPLY": 1889307.9607645236
  },
  "contribution_by_quadrant": {
    "INEFFICIENT": -35084.61688675176,
    "OVERSUPPLY": 5053.165714137699,
    "UNDERSUPPLY": 1289792.9607645236
  }
}