{
  "depot": "JAGITYAL",
  "target_date": "2026-05-12",
  "predicted_depot_pkm": 1982576.375,
  "total_services": 111,
  "count_add_slot": 50,
  "count_cut": 7,
  "count_no_change": 54,
  "total_allocated_pkm": 1793537.9207502473,
  "quadrant_counts": {
    "UNDERSUPPLY": 75,
    "OVERSUPPLY": 25,
    "INEFFICIENT": 11
  },
  "quadrant_pcts": {
    "UNDERSUPPLY": 67.6,
    "OVERSUPPLY": 22.5,
    "INEFFICIENT": 9.9
  },
  "total_revenue": 2214444.843266886,
  "total_contribution": 1033994.8432668858,
  "total_planned_kms": 47218.0,
  "depot_avg_epk": 46.9270448317012,
  "depot_avg_or": 0.7687869086529826,
  "revenue_by_quadrant": {
    "INEFFICIENT": 21493.25451901828,
    "OVERSUPPLY": 504818.39762256073,
    "UNDERSUPPLY": 1688133.191125307
  },
  "contribution_by_quadrant": {
    "INEFFICIENT": -82006.74548098171,
    "OVERSUPPLY": 170418.39762256076,
    "UNDERSUPPLY": 945583.1911253071
  }
}