{
  "depot": "JANGAON",
  "target_date": "2026-05-12",
  "predicted_depot_pkm": 2183037.75,
  "total_services": 115,
  "count_add_slot": 49,
  "count_cut": 1,
  "count_no_change": 65,
  "total_allocated_pkm": 1938344.9689248481,
  "quadrant_counts": {
    "UNDERSUPPLY": 82,
    "OVERSUPPLY": 23,
    "INEFFICIENT": 10
  },
  "quadrant_pcts": {
    "UNDERSUPPLY": 71.3,
    "OVERSUPPLY": 20.0,
    "INEFFICIENT": 8.7
  },
  "total_revenue": 2238809.337436997,
  "total_contribution": 1453931.6574369972,
  "total_planned_kms": 49455.0,
  "depot_avg_epk": 45.393804174339714,
  "depot_avg_or": 0.7652629268821878,
  "revenue_by_quadrant": {
    "INEFFICIENT": 10863.991326639143,
    "OVERSUPPLY": 369383.35630327486,
    "UNDERSUPPLY": 1858561.989807083
  },
  "contribution_by_quadrant": {
    "INEFFICIENT": -66162.52867336087,
    "OVERSUPPLY": 185657.12630327485,
    "UNDERSUPPLY": 1334437.059807083
  }
}