{
  "depot": "UTNOOR",
  "target_date": "2026-05-12",
  "predicted_depot_pkm": 850204.75,
  "total_services": 37,
  "count_add_slot": 31,
  "count_cut": 0,
  "count_no_change": 6,
  "total_allocated_pkm": 839593.1557809841,
  "quadrant_counts": {
    "UNDERSUPPLY": 33,
    "OVERSUPPLY": 4
  },
  "quadrant_pcts": {
    "UNDERSUPPLY": 89.2,
    "OVERSUPPLY": 10.8
  },
  "total_revenue": 1011702.9532060494,
  "total_contribution": 623102.9532060494,
  "total_planned_kms": 15544.0,
  "depot_avg_epk": 66.74769242746584,
  "depot_avg_or": 1.0586928756240817,
  "revenue_by_quadrant": {
    "OVERSUPPLY": 91467.01196380753,
    "UNDERSUPPLY": 920235.9412422419
  },
  "contribution_by_quadrant": {
    "OVERSUPPLY": 34817.01196380753,
    "UNDERSUPPLY": 588285.9412422419
  }
}