{
  "depot": "THORROR",
  "target_date": "2026-05-12",
  "predicted_depot_pkm": 1887552.125,
  "total_services": 94,
  "count_add_slot": 49,
  "count_cut": 5,
  "count_no_change": 40,
  "total_allocated_pkm": 1772932.0439051485,
  "quadrant_counts": {
    "UNDERSUPPLY": 78,
    "OVERSUPPLY": 11,
    "INEFFICIENT": 5
  },
  "quadrant_pcts": {
    "UNDERSUPPLY": 83.0,
    "OVERSUPPLY": 11.7,
    "INEFFICIENT": 5.3
  },
  "total_revenue": 2213633.1038215244,
  "total_contribution": 1275902.3338215244,
  "total_planned_kms": 40942.0,
  "depot_avg_epk": 54.20116665119277,
  "depot_avg_or": 0.8574604887187935,
  "revenue_by_quadrant": {
    "INEFFICIENT": 22639.50642104546,
    "OVERSUPPLY": 199045.8580540041,
    "UNDERSUPPLY": 1991947.7393464746
  },
  "contribution_by_quadrant": {
    "INEFFICIENT": -18431.193578954542,
    "OVERSUPPLY": 95687.8980540041,
    "UNDERSUPPLY": 1198645.6293464745
  }
}