{
  "depot": "MIYAPUR-II",
  "target_date": "2026-05-12",
  "predicted_depot_pkm": 1341918.5,
  "total_services": 176,
  "count_add_slot": 110,
  "count_cut": 0,
  "count_no_change": 66,
  "total_allocated_pkm": 1234876.2514715432,
  "quadrant_counts": {
    "UNDERSUPPLY": 119,
    "INEFFICIENT": 42,
    "OVERSUPPLY": 15
  },
  "quadrant_pcts": {
    "UNDERSUPPLY": 67.6,
    "INEFFICIENT": 23.9,
    "OVERSUPPLY": 8.5
  },
  "total_revenue": 2220585.2803403665,
  "total_contribution": 1526312.2803403668,
  "total_planned_kms": 27770.92,
  "depot_avg_epk": 76.81433084596742,
  "depot_avg_or": 1.2424807825927056,
  "revenue_by_quadrant": {
    "INEFFICIENT": 26945.76044854865,
    "OVERSUPPLY": 171339.9314432063,
    "UNDERSUPPLY": 2022299.588448612
  },
  "contribution_by_quadrant": {
    "INEFFICIENT": -107459.73955145135,
    "OVERSUPPLY": 95749.9314432063,
    "UNDERSUPPLY": 1538022.088448612
  }
}