{
  "depot": "THORROR",
  "target_date": "2026-03-18",
  "predicted_depot_pkm": 1913317.0,
  "total_services": 94,
  "count_add_slot": 63,
  "count_cut": 3,
  "count_no_change": 28,
  "total_allocated_pkm": 1840813.6107803436,
  "quadrant_counts": {
    "UNDERSUPPLY": 78,
    "OVERSUPPLY": 13,
    "INEFFICIENT": 3
  },
  "quadrant_pcts": {
    "UNDERSUPPLY": 83.0,
    "OVERSUPPLY": 13.8,
    "INEFFICIENT": 3.2
  },
  "total_revenue": 2293091.0222632512,
  "total_contribution": 1355360.252263251,
  "total_planned_kms": 40942.0,
  "depot_avg_epk": 56.07649605218883,
  "depot_avg_or": 0.8915753462824442,
  "revenue_by_quadrant": {
    "INEFFICIENT": 9197.456010731712,
    "OVERSUPPLY": 218014.88896749433,
    "UNDERSUPPLY": 2065878.6772850251
  },
  "contribution_by_quadrant": {
    "INEFFICIENT": -13965.35398926829,
    "OVERSUPPLY": 97608.38896749433,
    "UNDERSUPPLY": 1271717.217285025
  }
}