{
  "depot": "NIZAMABAD-I",
  "target_date": "2026-03-18",
  "predicted_depot_pkm": 1724717.5,
  "total_services": 125,
  "count_add_slot": 29,
  "count_cut": 0,
  "count_no_change": 96,
  "total_allocated_pkm": 1541713.6338375076,
  "quadrant_counts": {
    "OVERSUPPLY": 64,
    "UNDERSUPPLY": 53,
    "INEFFICIENT": 8
  },
  "quadrant_pcts": {
    "OVERSUPPLY": 51.2,
    "UNDERSUPPLY": 42.4,
    "INEFFICIENT": 6.4
  },
  "total_revenue": 2037125.9048174538,
  "total_contribution": 1049401.9248174536,
  "total_planned_kms": 51753.0,
  "depot_avg_epk": 41.49458696909397,
  "depot_avg_or": 0.6406657800428034,
  "revenue_by_quadrant": {
    "INEFFICIENT": 23236.263274279583,
    "OVERSUPPLY": 942266.7822525399,
    "UNDERSUPPLY": 1071622.8592906343
  },
  "contribution_by_quadrant": {
    "INEFFICIENT": -75150.77672572043,
    "OVERSUPPLY": 433025.8022525399,
    "UNDERSUPPLY": 691526.8992906342
  }
}