{
  "depot": "HAKIMPET",
  "target_date": "2026-03-18",
  "predicted_depot_pkm": 1378348.875,
  "total_services": 147,
  "count_add_slot": 40,
  "count_cut": 0,
  "count_no_change": 107,
  "total_allocated_pkm": 1316132.6888757467,
  "quadrant_counts": {
    "UNDERSUPPLY": 101,
    "OVERSUPPLY": 45,
    "INEFFICIENT": 1
  },
  "quadrant_pcts": {
    "UNDERSUPPLY": 68.7,
    "OVERSUPPLY": 30.6,
    "INEFFICIENT": 0.7
  },
  "total_revenue": 1792905.0953376214,
  "total_contribution": 984169.7853376211,
  "total_planned_kms": 30757.0,
  "depot_avg_epk": 58.27131880016215,
  "depot_avg_or": 0.7857718341534017,
  "revenue_by_quadrant": {
    "INEFFICIENT": 3613.3670972156533,
    "OVERSUPPLY": 504957.7092029536,
    "UNDERSUPPLY": 1284334.019037452
  },
  "contribution_by_quadrant": {
    "INEFFICIENT": -91.07290278434675,
    "OVERSUPPLY": 241283.63920295358,
    "UNDERSUPPLY": 742977.219037452
  }
}