{
  "depot": "IBRAHIMPATNAM",
  "target_date": "2026-03-18",
  "predicted_depot_pkm": 2031793.5,
  "total_services": 189,
  "count_add_slot": 67,
  "count_cut": 0,
  "count_no_change": 122,
  "total_allocated_pkm": 1938578.2691106093,
  "quadrant_counts": {
    "UNDERSUPPLY": 131,
    "OVERSUPPLY": 58
  },
  "quadrant_pcts": {
    "UNDERSUPPLY": 69.3,
    "OVERSUPPLY": 30.7
  },
  "total_revenue": 2633447.6836566166,
  "total_contribution": 1754382.9036566163,
  "total_planned_kms": 44803.0,
  "depot_avg_epk": 60.3309748531499,
  "depot_avg_or": 0.796541174080534,
  "revenue_by_quadrant": {
    "OVERSUPPLY": 683967.9539106243,
    "UNDERSUPPLY": 1949479.7297459922
  },
  "contribution_by_quadrant": {
    "OVERSUPPLY": 377578.6739106243,
    "UNDERSUPPLY": 1376804.2297459922
  }
}