{
  "depot": "BANSWADA",
  "target_date": "2026-05-14",
  "predicted_depot_pkm": 1842495.625,
  "total_services": 92,
  "count_add_slot": 44,
  "count_cut": 0,
  "count_no_change": 48,
  "total_allocated_pkm": 1643956.3492898508,
  "quadrant_counts": {
    "UNDERSUPPLY": 68,
    "OVERSUPPLY": 18,
    "INEFFICIENT": 6
  },
  "quadrant_pcts": {
    "UNDERSUPPLY": 73.9,
    "OVERSUPPLY": 19.6,
    "INEFFICIENT": 6.5
  },
  "total_revenue": 1964730.7081479544,
  "total_contribution": 1261359.5181479543,
  "total_planned_kms": 37832.0,
  "depot_avg_epk": 51.33792587530232,
  "depot_avg_or": 0.7774731977540366,
  "revenue_by_quadrant": {
    "INEFFICIENT": 4771.030814577936,
    "OVERSUPPLY": 251188.53999550614,
    "UNDERSUPPLY": 1708771.1373378704
  },
  "contribution_by_quadrant": {
    "INEFFICIENT": -39943.61918542207,
    "OVERSUPPLY": 123708.70999550614,
    "UNDERSUPPLY": 1177594.4273378702
  }
}