{
  "depot": "DILSHUKNAGAR",
  "target_date": "2026-05-14",
  "predicted_depot_pkm": 1392667.375,
  "total_services": 149,
  "count_add_slot": 101,
  "count_cut": 0,
  "count_no_change": 48,
  "total_allocated_pkm": 1247025.5352424916,
  "quadrant_counts": {
    "UNDERSUPPLY": 112,
    "INEFFICIENT": 31,
    "OVERSUPPLY": 6
  },
  "quadrant_pcts": {
    "UNDERSUPPLY": 75.2,
    "INEFFICIENT": 20.8,
    "OVERSUPPLY": 4.0
  },
  "total_revenue": 1672944.3999068332,
  "total_contribution": 861962.399906833,
  "total_planned_kms": 32439.28,
  "depot_avg_epk": 53.100138632237545,
  "depot_avg_or": 0.8578728288412707,
  "revenue_by_quadrant": {
    "INEFFICIENT": 2732.802430662925,
    "OVERSUPPLY": 30658.940545316254,
    "UNDERSUPPLY": 1639552.6569308538
  },
  "contribution_by_quadrant": {
    "INEFFICIENT": -184542.19756933706,
    "OVERSUPPLY": 9058.940545316254,
    "UNDERSUPPLY": 1037445.6569308538
  }
}