{
  "depot": "VEMULAWADA",
  "target_date": "2026-05-14",
  "predicted_depot_pkm": 1391321.125,
  "total_services": 74,
  "count_add_slot": 34,
  "count_cut": 0,
  "count_no_change": 40,
  "total_allocated_pkm": 1294600.4110869279,
  "quadrant_counts": {
    "UNDERSUPPLY": 53,
    "OVERSUPPLY": 17,
    "INEFFICIENT": 4
  },
  "quadrant_pcts": {
    "UNDERSUPPLY": 71.6,
    "OVERSUPPLY": 23.0,
    "INEFFICIENT": 5.4
  },
  "total_revenue": 1604215.955402353,
  "total_contribution": 776415.955402353,
  "total_planned_kms": 33112.0,
  "depot_avg_epk": 48.27334683200562,
  "depot_avg_or": 0.803210566816229,
  "revenue_by_quadrant": {
    "INEFFICIENT": 19782.998351450213,
    "OVERSUPPLY": 304471.50300093123,
    "UNDERSUPPLY": 1279961.4540499714
  },
  "contribution_by_quadrant": {
    "INEFFICIENT": -19317.001648549787,
    "OVERSUPPLY": 97871.50300093122,
    "UNDERSUPPLY": 697861.4540499715
  }
}