{
  "depot": "HAYATHNAGAR-II",
  "target_date": "2026-05-14",
  "predicted_depot_pkm": 1293942.0,
  "total_services": 169,
  "count_add_slot": 150,
  "count_cut": 0,
  "count_no_change": 19,
  "total_allocated_pkm": 1217774.1476430604,
  "quadrant_counts": {
    "UNDERSUPPLY": 155,
    "OVERSUPPLY": 8,
    "INEFFICIENT": 6
  },
  "quadrant_pcts": {
    "UNDERSUPPLY": 91.7,
    "OVERSUPPLY": 4.7,
    "INEFFICIENT": 3.6
  },
  "total_revenue": 1911904.7704039838,
  "total_contribution": 1244112.2704039835,
  "total_planned_kms": 26711.699999999997,
  "depot_avg_epk": 71.96722575469698,
  "depot_avg_or": 1.3096862105967046,
  "revenue_by_quadrant": {
    "INEFFICIENT": 16949.66685006967,
    "OVERSUPPLY": 44287.11675673494,
    "UNDERSUPPLY": 1850667.986797179
  },
  "contribution_by_quadrant": {
    "INEFFICIENT": -3631.583149930332,
    "OVERSUPPLY": 12296.366756734938,
    "UNDERSUPPLY": 1235447.486797179
  }
}