{
  "depot": "BODHAN",
  "target_date": "2026-05-14",
  "predicted_depot_pkm": 1990226.75,
  "total_services": 104,
  "count_add_slot": 48,
  "count_cut": 0,
  "count_no_change": 56,
  "total_allocated_pkm": 1897350.3131407893,
  "quadrant_counts": {
    "UNDERSUPPLY": 68,
    "OVERSUPPLY": 31,
    "INEFFICIENT": 5
  },
  "quadrant_pcts": {
    "UNDERSUPPLY": 65.4,
    "OVERSUPPLY": 29.8,
    "INEFFICIENT": 4.8
  },
  "total_revenue": 2443012.9727011696,
  "total_contribution": 1502083.8827011697,
  "total_planned_kms": 50213.0,
  "depot_avg_epk": 49.64725984763459,
  "depot_avg_or": 0.8053881891642158,
  "revenue_by_quadrant": {
    "INEFFICIENT": 19942.922911669077,
    "OVERSUPPLY": 696638.5049966655,
    "UNDERSUPPLY": 1726431.544792835
  },
  "contribution_by_quadrant": {
    "INEFFICIENT": -18825.717088330923,
    "OVERSUPPLY": 353695.81499666546,
    "UNDERSUPPLY": 1167213.784792835
  }
}