{
  "depot": "HAYATHNAGAR-I",
  "target_date": "2026-05-14",
  "predicted_depot_pkm": 1595961.75,
  "total_services": 174,
  "count_add_slot": 115,
  "count_cut": 0,
  "count_no_change": 59,
  "total_allocated_pkm": 1523216.2351422058,
  "quadrant_counts": {
    "UNDERSUPPLY": 117,
    "INEFFICIENT": 56,
    "OVERSUPPLY": 1
  },
  "quadrant_pcts": {
    "UNDERSUPPLY": 67.2,
    "INEFFICIENT": 32.2,
    "OVERSUPPLY": 0.6
  },
  "total_revenue": 1996747.6665602063,
  "total_contribution": 1209572.1665602063,
  "total_planned_kms": 31487.02,
  "depot_avg_epk": 59.205160422962656,
  "depot_avg_or": 0.9813305948568705,
  "revenue_by_quadrant": {
    "INEFFICIENT": 3040.119129387317,
    "OVERSUPPLY": 6004.912475737606,
    "UNDERSUPPLY": 1987702.6349550814
  },
  "contribution_by_quadrant": {
    "INEFFICIENT": -222859.8808706127,
    "OVERSUPPLY": 2154.9124757376057,
    "UNDERSUPPLY": 1430277.1349550814
  }
}