{
  "depot": "NARAYANPET",
  "target_date": "2026-05-14",
  "predicted_depot_pkm": 2062853.125,
  "total_services": 95,
  "count_add_slot": 60,
  "count_cut": 0,
  "count_no_change": 35,
  "total_allocated_pkm": 1924519.4002012382,
  "quadrant_counts": {
    "UNDERSUPPLY": 76,
    "OVERSUPPLY": 14,
    "INEFFICIENT": 5
  },
  "quadrant_pcts": {
    "UNDERSUPPLY": 80.0,
    "OVERSUPPLY": 14.7,
    "INEFFICIENT": 5.3
  },
  "total_revenue": 2332410.8793986402,
  "total_contribution": 1292148.3793986395,
  "total_planned_kms": 41610.5,
  "depot_avg_epk": 56.16583690218282,
  "depot_avg_or": 0.9055538041579342,
  "revenue_by_quadrant": {
    "INEFFICIENT": 18498.162120924404,
    "OVERSUPPLY": 220044.38890997047,
    "UNDERSUPPLY": 2093868.328367745
  },
  "contribution_by_quadrant": {
    "INEFFICIENT": -28801.837879075596,
    "OVERSUPPLY": 67594.38890997045,
    "UNDERSUPPLY": 1253355.828367745
  }
}