{
  "depot": "BARKATPURA",
  "target_date": "2026-05-14",
  "predicted_depot_pkm": 1595113.75,
  "total_services": 142,
  "count_add_slot": 100,
  "count_cut": 1,
  "count_no_change": 41,
  "total_allocated_pkm": 1511000.9970691933,
  "quadrant_counts": {
    "UNDERSUPPLY": 102,
    "INEFFICIENT": 40
  },
  "quadrant_pcts": {
    "UNDERSUPPLY": 71.8,
    "INEFFICIENT": 28.2
  },
  "total_revenue": 2014248.5421090694,
  "total_contribution": 1293898.5421090694,
  "total_planned_kms": 28814.0,
  "depot_avg_epk": 67.61591149326159,
  "depot_avg_or": 1.1034435530441844,
  "revenue_by_quadrant": {
    "INEFFICIENT": 0.0,
    "UNDERSUPPLY": 2014248.5421090694
  },
  "contribution_by_quadrant": {
    "INEFFICIENT": -201725.0,
    "UNDERSUPPLY": 1495623.5421090694
  }
}