{
  "depot": "BHAINSA",
  "target_date": "2026-05-14",
  "predicted_depot_pkm": 1449326.625,
  "total_services": 73,
  "count_add_slot": 45,
  "count_cut": 0,
  "count_no_change": 28,
  "total_allocated_pkm": 1379330.9033640055,
  "quadrant_counts": {
    "UNDERSUPPLY": 62,
    "INEFFICIENT": 7,
    "OVERSUPPLY": 4
  },
  "quadrant_pcts": {
    "UNDERSUPPLY": 84.9,
    "INEFFICIENT": 9.6,
    "OVERSUPPLY": 5.5
  },
  "total_revenue": 1540120.0974162144,
  "total_contribution": 810620.0974162143,
  "total_planned_kms": 29180.0,
  "depot_avg_epk": 52.724089142795364,
  "depot_avg_or": 0.8841255492409803,
  "revenue_by_quadrant": {
    "INEFFICIENT": 26496.808842453927,
    "OVERSUPPLY": 68805.54155176683,
    "UNDERSUPPLY": 1444817.7470219936
  },
  "contribution_by_quadrant": {
    "INEFFICIENT": -37353.191157546076,
    "OVERSUPPLY": 22805.541551766837,
    "UNDERSUPPLY": 825167.7470219935
  }
}