{
  "depot": "WARANGAL-II",
  "target_date": "2026-04-09",
  "predicted_depot_pkm": 2713110.0,
  "total_services": 158,
  "count_add_slot": 46,
  "count_cut": 0,
  "count_no_change": 112,
  "total_allocated_pkm": 2692343.605300664,
  "quadrant_counts": {
    "UNDERSUPPLY": 89,
    "INEFFICIENT": 43,
    "OVERSUPPLY": 20,
    "SOCIAL_OBLIGATION": 6
  },
  "quadrant_pcts": {
    "UNDERSUPPLY": 56.3,
    "INEFFICIENT": 27.2,
    "OVERSUPPLY": 12.7,
    "SOCIAL_OBLIGATION": 3.8
  },
  "total_revenue": 3538292.8378722332,
  "total_contribution": 614861.8778722332,
  "total_planned_kms": 75132.0,
  "depot_avg_epk": 47.27106787117134,
  "depot_avg_or": 0.7367306971209943,
  "revenue_by_quadrant": {
    "INEFFICIENT": 682789.9435396132,
    "OVERSUPPLY": 405644.7658645108,
    "SOCIAL_OBLIGATION": 121216.2314596717,
    "UNDERSUPPLY": 2328641.8970084377
  },
  "contribution_by_quadrant": {
    "INEFFICIENT": -201834.75646038685,
    "OVERSUPPLY": 37240.18586451083,
    "SOCIAL_OBLIGATION": -5825.368540328283,
    "UNDERSUPPLY": 785281.8170084376
  }
}