{
  "depot": "HAKIMPET",
  "target_date": "2026-04-09",
  "predicted_depot_pkm": 1416993.0,
  "total_services": 147,
  "count_add_slot": 119,
  "count_cut": 0,
  "count_no_change": 28,
  "total_allocated_pkm": 1303603.8160826168,
  "quadrant_counts": {
    "UNDERSUPPLY": 135,
    "INEFFICIENT": 8,
    "OVERSUPPLY": 4
  },
  "quadrant_pcts": {
    "UNDERSUPPLY": 91.8,
    "INEFFICIENT": 5.4,
    "OVERSUPPLY": 2.7
  },
  "total_revenue": 1758232.8232302093,
  "total_contribution": 949448.4129302094,
  "total_planned_kms": 30758.690000000002,
  "depot_avg_epk": 57.0315619700427,
  "depot_avg_or": 0.9767605775629542,
  "revenue_by_quadrant": {
    "INEFFICIENT": 18412.3594270901,
    "OVERSUPPLY": 20005.877379038066,
    "UNDERSUPPLY": 1719814.5864240811
  },
  "contribution_by_quadrant": {
    "INEFFICIENT": -17981.2605729099,
    "OVERSUPPLY": 6064.167379038065,
    "UNDERSUPPLY": 961365.5061240812
  }
}