{
  "depot": "CONTONMENT",
  "target_date": "2026-04-09",
  "predicted_depot_pkm": 1927590.75,
  "total_services": 280,
  "count_add_slot": 155,
  "count_cut": 0,
  "count_no_change": 125,
  "total_allocated_pkm": 1629015.0562683092,
  "quadrant_counts": {
    "UNDERSUPPLY": 173,
    "OVERSUPPLY": 59,
    "INEFFICIENT": 47,
    "SOCIAL_OBLIGATION": 1
  },
  "quadrant_pcts": {
    "UNDERSUPPLY": 61.8,
    "OVERSUPPLY": 21.1,
    "INEFFICIENT": 16.8,
    "SOCIAL_OBLIGATION": 0.4
  },
  "total_revenue": 2557596.542648542,
  "total_contribution": 1096825.4812485422,
  "total_planned_kms": 46115.74,
  "depot_avg_epk": 60.0805025781451,
  "depot_avg_or": 0.9585690028804578,
  "revenue_by_quadrant": {
    "INEFFICIENT": 114414.41874803789,
    "OVERSUPPLY": 410888.60002879106,
    "SOCIAL_OBLIGATION": 7381.906096156035,
    "UNDERSUPPLY": 2024911.617775557
  },
  "contribution_by_quadrant": {
    "INEFFICIENT": -250759.9286519621,
    "OVERSUPPLY": 107563.6616287911,
    "SOCIAL_OBLIGATION": -121.93390384396389,
    "UNDERSUPPLY": 1240143.6821755571
  }
}