{
  "depot": "NIZAMABAD-I",
  "target_date": "2026-04-09",
  "predicted_depot_pkm": 1580904.875,
  "total_services": 125,
  "count_add_slot": 11,
  "count_cut": 0,
  "count_no_change": 114,
  "total_allocated_pkm": 1277907.4609027086,
  "quadrant_counts": {
    "OVERSUPPLY": 75,
    "UNDERSUPPLY": 32,
    "INEFFICIENT": 18
  },
  "quadrant_pcts": {
    "OVERSUPPLY": 60.0,
    "UNDERSUPPLY": 25.6,
    "INEFFICIENT": 14.4
  },
  "total_revenue": 1707885.6324338417,
  "total_contribution": 720161.6524338416,
  "total_planned_kms": 51753.0,
  "depot_avg_epk": 35.111511000122206,
  "depot_avg_or": 0.5399032902664707,
  "revenue_by_quadrant": {
    "INEFFICIENT": 15491.89283357762,
    "OVERSUPPLY": 1068509.1888270448,
    "UNDERSUPPLY": 623884.5507732192
  },
  "contribution_by_quadrant": {
    "INEFFICIENT": -168273.84716642238,
    "OVERSUPPLY": 494255.0388270447,
    "UNDERSUPPLY": 394180.46077321924
  }
}