{
  "depot": "THORROR",
  "target_date": "2026-04-11",
  "predicted_depot_pkm": 1784843.5,
  "total_services": 94,
  "count_add_slot": 53,
  "count_cut": 0,
  "count_no_change": 41,
  "total_allocated_pkm": 1723539.9533183898,
  "quadrant_counts": {
    "UNDERSUPPLY": 73,
    "OVERSUPPLY": 16,
    "INEFFICIENT": 5
  },
  "quadrant_pcts": {
    "UNDERSUPPLY": 77.7,
    "OVERSUPPLY": 17.0,
    "INEFFICIENT": 5.3
  },
  "total_revenue": 2140749.5066589545,
  "total_contribution": 1203018.7366589548,
  "total_planned_kms": 40942.0,
  "depot_avg_epk": 52.44365136053051,
  "depot_avg_or": 0.8298676283546498,
  "revenue_by_quadrant": {
    "INEFFICIENT": 19678.469932837652,
    "OVERSUPPLY": 273517.5922788383,
    "UNDERSUPPLY": 1847553.4444472787
  },
  "contribution_by_quadrant": {
    "INEFFICIENT": -20236.98006716235,
    "OVERSUPPLY": 111414.29227883829,
    "UNDERSUPPLY": 1111841.4244472787
  }
}