{
  "depot": "NARSAMPET",
  "target_date": "2026-04-11",
  "predicted_depot_pkm": 1616932.25,
  "total_services": 94,
  "count_add_slot": 51,
  "count_cut": 0,
  "count_no_change": 43,
  "total_allocated_pkm": 1554476.7824745046,
  "quadrant_counts": {
    "UNDERSUPPLY": 66,
    "OVERSUPPLY": 21,
    "INEFFICIENT": 7
  },
  "quadrant_pcts": {
    "UNDERSUPPLY": 70.2,
    "OVERSUPPLY": 22.3,
    "INEFFICIENT": 7.4
  },
  "total_revenue": 1855217.1395008927,
  "total_contribution": 983324.9395008927,
  "total_planned_kms": 40599.0,
  "depot_avg_epk": 45.630176869434585,
  "depot_avg_or": 0.7850318785006173,
  "revenue_by_quadrant": {
    "INEFFICIENT": 25970.163458369767,
    "OVERSUPPLY": 341667.3041334462,
    "UNDERSUPPLY": 1487579.6719090766
  },
  "contribution_by_quadrant": {
    "INEFFICIENT": -30851.91654163023,
    "OVERSUPPLY": 142752.7441334462,
    "UNDERSUPPLY": 871424.1119090766
  }
}