{
  "depot": "BODHAN",
  "target_date": "2026-04-11",
  "predicted_depot_pkm": 1693597.125,
  "total_services": 104,
  "count_add_slot": 25,
  "count_cut": 0,
  "count_no_change": 79,
  "total_allocated_pkm": 1606028.7794650656,
  "quadrant_counts": {
    "UNDERSUPPLY": 49,
    "OVERSUPPLY": 46,
    "INEFFICIENT": 9
  },
  "quadrant_pcts": {
    "UNDERSUPPLY": 47.1,
    "OVERSUPPLY": 44.2,
    "INEFFICIENT": 8.7
  },
  "total_revenue": 2071701.5752118407,
  "total_contribution": 1130772.4852118406,
  "total_planned_kms": 50213.0,
  "depot_avg_epk": 42.06780407011183,
  "depot_avg_or": 0.6822375746670623,
  "revenue_by_quadrant": {
    "INEFFICIENT": 41243.93225277574,
    "OVERSUPPLY": 960323.8389986742,
    "UNDERSUPPLY": 1070133.8039603906
  },
  "contribution_by_quadrant": {
    "INEFFICIENT": -24026.70774722426,
    "OVERSUPPLY": 448090.12899867416,
    "UNDERSUPPLY": 706709.0639603906
  }
}