{
  "depot": "ARMOOR",
  "target_date": "2026-04-18",
  "predicted_depot_pkm": 1419299.5,
  "total_services": 90,
  "count_add_slot": 28,
  "count_cut": 0,
  "count_no_change": 62,
  "total_allocated_pkm": 1239956.1024577974,
  "quadrant_counts": {
    "UNDERSUPPLY": 53,
    "OVERSUPPLY": 27,
    "INEFFICIENT": 10
  },
  "quadrant_pcts": {
    "UNDERSUPPLY": 58.9,
    "OVERSUPPLY": 30.0,
    "INEFFICIENT": 11.1
  },
  "total_revenue": 1538509.6403875467,
  "total_contribution": 857540.4403875464,
  "total_planned_kms": 36987.0,
  "depot_avg_epk": 41.90575623889367,
  "depot_avg_or": 0.6801069341161503,
  "revenue_by_quadrant": {
    "INEFFICIENT": 24608.03371902382,
    "OVERSUPPLY": 366687.7055480259,
    "UNDERSUPPLY": 1147213.9011204967
  },
  "contribution_by_quadrant": {
    "INEFFICIENT": -52136.766280976175,
    "OVERSUPPLY": 159276.3455480259,
    "UNDERSUPPLY": 750400.8611204968
  }
}