{
  "depot": "JANGAON",
  "target_date": "2026-04-18",
  "predicted_depot_pkm": 1999261.0,
  "total_services": 115,
  "count_add_slot": 35,
  "count_cut": 0,
  "count_no_change": 80,
  "total_allocated_pkm": 1816865.8109169432,
  "quadrant_counts": {
    "UNDERSUPPLY": 71,
    "OVERSUPPLY": 33,
    "INEFFICIENT": 11
  },
  "quadrant_pcts": {
    "UNDERSUPPLY": 61.7,
    "OVERSUPPLY": 28.7,
    "INEFFICIENT": 9.6
  },
  "total_revenue": 2100001.4872379387,
  "total_contribution": 1315123.8072379387,
  "total_planned_kms": 49455.0,
  "depot_avg_epk": 42.58832318015386,
  "depot_avg_or": 0.7172406939858801,
  "revenue_by_quadrant": {
    "INEFFICIENT": 32997.07604398073,
    "OVERSUPPLY": 510535.90869195387,
    "UNDERSUPPLY": 1556468.502502004
  },
  "contribution_by_quadrant": {
    "INEFFICIENT": -52980.723956019276,
    "OVERSUPPLY": 260777.10869195388,
    "UNDERSUPPLY": 1107327.422502004
  }
}