{
  "depot": "WARANGAL-I",
  "target_date": "2026-04-18",
  "predicted_depot_pkm": 1948872.875,
  "total_services": 130,
  "count_add_slot": 16,
  "count_cut": 0,
  "count_no_change": 114,
  "total_allocated_pkm": 1861837.70731191,
  "quadrant_counts": {
    "OVERSUPPLY": 86,
    "UNDERSUPPLY": 43,
    "INEFFICIENT": 1
  },
  "quadrant_pcts": {
    "OVERSUPPLY": 66.2,
    "UNDERSUPPLY": 33.1,
    "INEFFICIENT": 0.8
  },
  "total_revenue": 2743691.77347502,
  "total_contribution": 1218297.7534750206,
  "total_planned_kms": 67106.0,
  "depot_avg_epk": 42.07241371883278,
  "depot_avg_or": 0.6518754049556883,
  "revenue_by_quadrant": {
    "INEFFICIENT": 19250.493393118297,
    "OVERSUPPLY": 1839877.406937702,
    "UNDERSUPPLY": 884563.8731442003
  },
  "contribution_by_quadrant": {
    "INEFFICIENT": -9560.0266068817,
    "OVERSUPPLY": 795250.9869377022,
    "UNDERSUPPLY": 432606.79314420023
  }
}