{
  "depot": "BHUPALAPALLAY",
  "target_date": "2026-04-18",
  "predicted_depot_pkm": 1445647.625,
  "total_services": 86,
  "count_add_slot": 23,
  "count_cut": 0,
  "count_no_change": 63,
  "total_allocated_pkm": 1400571.7793073612,
  "quadrant_counts": {
    "UNDERSUPPLY": 48,
    "OVERSUPPLY": 29,
    "INEFFICIENT": 9
  },
  "quadrant_pcts": {
    "UNDERSUPPLY": 55.8,
    "OVERSUPPLY": 33.7,
    "INEFFICIENT": 10.5
  },
  "total_revenue": 1766088.936857581,
  "total_contribution": 929037.5968575809,
  "total_planned_kms": 40104.0,
  "depot_avg_epk": 43.935039177916494,
  "depot_avg_or": 0.6831353976833133,
  "revenue_by_quadrant": {
    "INEFFICIENT": 42461.36417960477,
    "OVERSUPPLY": 497513.89004751376,
    "UNDERSUPPLY": 1226113.6826304623
  },
  "contribution_by_quadrant": {
    "INEFFICIENT": -39809.23582039523,
    "OVERSUPPLY": 227808.13004751375,
    "UNDERSUPPLY": 741038.7026304624
  }
}