{
  "depot": "NIZAMABAD-I",
  "target_date": "2026-04-18",
  "predicted_depot_pkm": 1712303.875,
  "total_services": 125,
  "count_add_slot": 19,
  "count_cut": 0,
  "count_no_change": 106,
  "total_allocated_pkm": 1389332.2950390356,
  "quadrant_counts": {
    "OVERSUPPLY": 67,
    "UNDERSUPPLY": 42,
    "INEFFICIENT": 16
  },
  "quadrant_pcts": {
    "OVERSUPPLY": 53.6,
    "UNDERSUPPLY": 33.6,
    "INEFFICIENT": 12.8
  },
  "total_revenue": 1849283.187138676,
  "total_contribution": 861559.2071386761,
  "total_planned_kms": 51753.0,
  "depot_avg_epk": 37.90390134313782,
  "depot_avg_or": 0.5841181584023116,
  "revenue_by_quadrant": {
    "INEFFICIENT": 12770.696676182091,
    "OVERSUPPLY": 988212.8154631834,
    "UNDERSUPPLY": 848299.6749993106
  },
  "contribution_by_quadrant": {
    "INEFFICIENT": -155640.10332381792,
    "OVERSUPPLY": 474361.0154631834,
    "UNDERSUPPLY": 542838.2949993106
  }
}