{
  "depot": "HYDERABAD-I",
  "target_date": "2026-04-18",
  "predicted_depot_pkm": 2037221.125,
  "total_services": 112,
  "count_add_slot": 47,
  "count_cut": 0,
  "count_no_change": 65,
  "total_allocated_pkm": 1798569.3581806058,
  "quadrant_counts": {
    "UNDERSUPPLY": 68,
    "OVERSUPPLY": 31,
    "INEFFICIENT": 13
  },
  "quadrant_pcts": {
    "UNDERSUPPLY": 60.7,
    "OVERSUPPLY": 27.7,
    "INEFFICIENT": 11.6
  },
  "total_revenue": 2670644.2112000575,
  "total_contribution": 1449922.9712000578,
  "total_planned_kms": 56941.0,
  "depot_avg_epk": 49.56475293598245,
  "depot_avg_or": 0.7144247899443688,
  "revenue_by_quadrant": {
    "INEFFICIENT": 39679.47874384698,
    "OVERSUPPLY": 798314.592546528,
    "UNDERSUPPLY": 1832650.1399096826
  },
  "contribution_by_quadrant": {
    "INEFFICIENT": -123971.48125615303,
    "OVERSUPPLY": 334781.23254652804,
    "UNDERSUPPLY": 1239113.2199096826
  }
}