{
  "depot": "MAHABOOBABAD",
  "target_date": "2026-04-18",
  "predicted_depot_pkm": 1322911.25,
  "total_services": 76,
  "count_add_slot": 36,
  "count_cut": 0,
  "count_no_change": 40,
  "total_allocated_pkm": 1286342.8462812998,
  "quadrant_counts": {
    "UNDERSUPPLY": 52,
    "OVERSUPPLY": 18,
    "INEFFICIENT": 6
  },
  "quadrant_pcts": {
    "UNDERSUPPLY": 68.4,
    "OVERSUPPLY": 23.7,
    "INEFFICIENT": 7.9
  },
  "total_revenue": 1491563.5505011678,
  "total_contribution": 933075.760501168,
  "total_planned_kms": 31066.0,
  "depot_avg_epk": 47.312071582079064,
  "depot_avg_or": 0.7631461898263247,
  "revenue_by_quadrant": {
    "INEFFICIENT": 10066.990864994415,
    "OVERSUPPLY": 267233.9472129183,
    "UNDERSUPPLY": 1214262.6124232553
  },
  "contribution_by_quadrant": {
    "INEFFICIENT": -29954.18913500558,
    "OVERSUPPLY": 130994.6372129183,
    "UNDERSUPPLY": 832035.3124232553
  }
}