{
  "depot": "BANSWADA",
  "target_date": "2026-03-16",
  "predicted_depot_pkm": 1769112.0,
  "total_services": 92,
  "count_add_slot": 59,
  "count_cut": 0,
  "count_no_change": 33,
  "total_allocated_pkm": 1680237.7749469175,
  "quadrant_counts": {
    "UNDERSUPPLY": 71,
    "OVERSUPPLY": 12,
    "INEFFICIENT": 9
  },
  "quadrant_pcts": {
    "UNDERSUPPLY": 77.2,
    "OVERSUPPLY": 13.0,
    "INEFFICIENT": 9.8
  },
  "total_revenue": 2024479.4028183268,
  "total_contribution": 1321108.2128183271,
  "total_planned_kms": 37832.0,
  "depot_avg_epk": 52.45503875990803,
  "depot_avg_or": 0.8427008454728585,
  "revenue_by_quadrant": {
    "INEFFICIENT": 50124.561758386786,
    "OVERSUPPLY": 137984.73320136726,
    "UNDERSUPPLY": 1836370.107858573
  },
  "contribution_by_quadrant": {
    "INEFFICIENT": -16041.918241613223,
    "OVERSUPPLY": 55634.83320136724,
    "UNDERSUPPLY": 1281515.297858573
  }
}