{
  "depot": "JANGAON",
  "target_date": "2026-03-16",
  "predicted_depot_pkm": 2705096.25,
  "total_services": 115,
  "count_add_slot": 83,
  "count_cut": 0,
  "count_no_change": 32,
  "total_allocated_pkm": 2533889.356061389,
  "quadrant_counts": {
    "UNDERSUPPLY": 105,
    "OVERSUPPLY": 9,
    "INEFFICIENT": 1
  },
  "quadrant_pcts": {
    "UNDERSUPPLY": 91.3,
    "OVERSUPPLY": 7.8,
    "INEFFICIENT": 0.9
  },
  "total_revenue": 2972643.019885292,
  "total_contribution": 2187765.3398852916,
  "total_planned_kms": 49455.0,
  "depot_avg_epk": 60.03682538329176,
  "depot_avg_or": 0.9907390423763367,
  "revenue_by_quadrant": {
    "INEFFICIENT": 8643.514534905727,
    "OVERSUPPLY": 147644.85377974279,
    "UNDERSUPPLY": 2816354.6515706433
  },
  "contribution_by_quadrant": {
    "INEFFICIENT": -416.4854650942725,
    "OVERSUPPLY": 78058.75377974278,
    "UNDERSUPPLY": 2110123.071570643
  }
}