{
  "depot": "BANSWADA",
  "target_date": "2026-04-12",
  "predicted_depot_pkm": 1514262.25,
  "total_services": 92,
  "count_add_slot": 17,
  "count_cut": 0,
  "count_no_change": 75,
  "total_allocated_pkm": 1417812.277916178,
  "quadrant_counts": {
    "UNDERSUPPLY": 54,
    "OVERSUPPLY": 30,
    "INEFFICIENT": 8
  },
  "quadrant_pcts": {
    "UNDERSUPPLY": 58.7,
    "OVERSUPPLY": 32.6,
    "INEFFICIENT": 8.7
  },
  "total_revenue": 1697083.7261274995,
  "total_contribution": 993712.5361274993,
  "total_planned_kms": 37832.0,
  "depot_avg_epk": 44.073051187461964,
  "depot_avg_or": 0.6651823972820412,
  "revenue_by_quadrant": {
    "INEFFICIENT": 6753.286073875116,
    "OVERSUPPLY": 416574.63051745313,
    "UNDERSUPPLY": 1273755.8095361711
  },
  "contribution_by_quadrant": {
    "INEFFICIENT": -52333.79392612489,
    "OVERSUPPLY": 202701.90051745312,
    "UNDERSUPPLY": 843344.4295361711
  }
}