{
  "depot": "JANGAON",
  "target_date": "2026-04-12",
  "predicted_depot_pkm": 1986154.875,
  "total_services": 115,
  "count_add_slot": 34,
  "count_cut": 0,
  "count_no_change": 81,
  "total_allocated_pkm": 1816980.487450481,
  "quadrant_counts": {
    "UNDERSUPPLY": 74,
    "OVERSUPPLY": 31,
    "INEFFICIENT": 10
  },
  "quadrant_pcts": {
    "UNDERSUPPLY": 64.3,
    "OVERSUPPLY": 27.0,
    "INEFFICIENT": 8.7
  },
  "total_revenue": 2095431.2569637646,
  "total_contribution": 1310553.5769637648,
  "total_planned_kms": 49455.0,
  "depot_avg_epk": 42.583645496479704,
  "depot_avg_or": 0.7185050987473955,
  "revenue_by_quadrant": {
    "INEFFICIENT": 26419.350557477126,
    "OVERSUPPLY": 466937.13681002095,
    "UNDERSUPPLY": 1602074.7695962666
  },
  "contribution_by_quadrant": {
    "INEFFICIENT": -49065.92944252287,
    "OVERSUPPLY": 228369.50681002095,
    "UNDERSUPPLY": 1131249.9995962665
  }
}