{
  "depot": "MAHABOOBABAD",
  "target_date": "2026-04-12",
  "predicted_depot_pkm": 1216877.0,
  "total_services": 76,
  "count_add_slot": 19,
  "count_cut": 0,
  "count_no_change": 57,
  "total_allocated_pkm": 1175215.7720925498,
  "quadrant_counts": {
    "UNDERSUPPLY": 49,
    "OVERSUPPLY": 21,
    "INEFFICIENT": 6
  },
  "quadrant_pcts": {
    "UNDERSUPPLY": 64.5,
    "OVERSUPPLY": 27.6,
    "INEFFICIENT": 7.9
  },
  "total_revenue": 1362746.267101832,
  "total_contribution": 804258.477101832,
  "total_planned_kms": 31066.0,
  "depot_avg_epk": 43.24789933054328,
  "depot_avg_or": 0.6974577805918263,
  "revenue_by_quadrant": {
    "INEFFICIENT": 13692.312741729475,
    "OVERSUPPLY": 294963.40092169115,
    "UNDERSUPPLY": 1054090.5534384113
  },
  "contribution_by_quadrant": {
    "INEFFICIENT": -26328.867258270522,
    "OVERSUPPLY": 137078.03092169116,
    "UNDERSUPPLY": 693509.3134384113
  }
}