{
  "depot": "ARMOOR",
  "target_date": "2026-04-12",
  "predicted_depot_pkm": 1311981.25,
  "total_services": 90,
  "count_add_slot": 16,
  "count_cut": 0,
  "count_no_change": 74,
  "total_allocated_pkm": 1135043.9298586673,
  "quadrant_counts": {
    "OVERSUPPLY": 41,
    "UNDERSUPPLY": 39,
    "INEFFICIENT": 10
  },
  "quadrant_pcts": {
    "OVERSUPPLY": 45.6,
    "UNDERSUPPLY": 43.3,
    "INEFFICIENT": 11.1
  },
  "total_revenue": 1406174.1583286535,
  "total_contribution": 725204.9583286536,
  "total_planned_kms": 36987.0,
  "depot_avg_epk": 38.2640125876809,
  "depot_avg_or": 0.6223669869130654,
  "revenue_by_quadrant": {
    "INEFFICIENT": 19978.92448925444,
    "OVERSUPPLY": 630294.3859852805,
    "UNDERSUPPLY": 755900.8478541186
  },
  "contribution_by_quadrant": {
    "INEFFICIENT": -56765.87551074556,
    "OVERSUPPLY": 289922.0459852805,
    "UNDERSUPPLY": 492048.7878541186
  }
}