{
  "depot": "HANAMKONDA",
  "target_date": "2026-04-12",
  "predicted_depot_pkm": 1891860.375,
  "total_services": 169,
  "count_add_slot": 57,
  "count_cut": 0,
  "count_no_change": 112,
  "total_allocated_pkm": 1844644.1583770206,
  "quadrant_counts": {
    "UNDERSUPPLY": 87,
    "OVERSUPPLY": 52,
    "INEFFICIENT": 29,
    "SOCIAL_OBLIGATION": 1
  },
  "quadrant_pcts": {
    "UNDERSUPPLY": 51.5,
    "OVERSUPPLY": 30.8,
    "INEFFICIENT": 17.2,
    "SOCIAL_OBLIGATION": 0.6
  },
  "total_revenue": 2276104.312284195,
  "total_contribution": 783561.8022841944,
  "total_planned_kms": 53984.0,
  "depot_avg_epk": 49.02328252927329,
  "depot_avg_or": 0.7991799603775389,
  "revenue_by_quadrant": {
    "INEFFICIENT": 381829.8414377564,
    "OVERSUPPLY": 821294.8797384851,
    "SOCIAL_OBLIGATION": 16013.419128476262,
    "UNDERSUPPLY": 1056966.1719794767
  },
  "contribution_by_quadrant": {
    "INEFFICIENT": -67775.88856224366,
    "OVERSUPPLY": 329592.78973848507,
    "SOCIAL_OBLIGATION": -100.86087152373875,
    "UNDERSUPPLY": 521845.7619794767
  }
}