{
  "depot": "WARANGAL-I",
  "target_date": "2026-04-12",
  "predicted_depot_pkm": 1825439.25,
  "total_services": 130,
  "count_add_slot": 8,
  "count_cut": 0,
  "count_no_change": 122,
  "total_allocated_pkm": 1726689.2833669602,
  "quadrant_counts": {
    "OVERSUPPLY": 101,
    "UNDERSUPPLY": 29
  },
  "quadrant_pcts": {
    "OVERSUPPLY": 77.7,
    "UNDERSUPPLY": 22.3
  },
  "total_revenue": 2523179.1442049295,
  "total_contribution": 997785.1242049297,
  "total_planned_kms": 67106.0,
  "depot_avg_epk": 38.86116365510838,
  "depot_avg_or": 0.6038897719550238,
  "revenue_by_quadrant": {
    "OVERSUPPLY": 1946808.0925360222,
    "UNDERSUPPLY": 576371.0516689075
  },
  "contribution_by_quadrant": {
    "OVERSUPPLY": 723068.1525360222,
    "UNDERSUPPLY": 274716.9716689075
  }
}