{
  "depot": "NARSAMPET",
  "target_date": "2026-04-12",
  "predicted_depot_pkm": 1560397.875,
  "total_services": 94,
  "count_add_slot": 38,
  "count_cut": 0,
  "count_no_change": 56,
  "total_allocated_pkm": 1498734.5018608337,
  "quadrant_counts": {
    "UNDERSUPPLY": 67,
    "OVERSUPPLY": 20,
    "INEFFICIENT": 7
  },
  "quadrant_pcts": {
    "UNDERSUPPLY": 71.3,
    "OVERSUPPLY": 21.3,
    "INEFFICIENT": 7.4
  },
  "total_revenue": 1789424.8590369856,
  "total_contribution": 917532.6590369852,
  "total_planned_kms": 40599.0,
  "depot_avg_epk": 44.026937964645086,
  "depot_avg_or": 0.757888703991884,
  "revenue_by_quadrant": {
    "INEFFICIENT": 26290.607099109642,
    "OVERSUPPLY": 329652.0258909765,
    "UNDERSUPPLY": 1433482.226046899
  },
  "contribution_by_quadrant": {
    "INEFFICIENT": -30531.472900890356,
    "OVERSUPPLY": 136263.46589097645,
    "UNDERSUPPLY": 811800.6660468992
  }
}