{
  "depot": "WARANGAL-I",
  "target_date": "2026-03-02",
  "predicted_depot_pkm": 2279508.75,
  "total_services": 132,
  "count_add_slot": 1,
  "count_cut": 1,
  "count_no_change": 130,
  "total_allocated_pkm": 1411994.6007908217,
  "quadrant_counts": {
    "OVERSUPPLY": 107,
    "INEFFICIENT": 15,
    "UNDERSUPPLY": 10
  },
  "quadrant_pcts": {
    "OVERSUPPLY": 81.1,
    "INEFFICIENT": 11.4,
    "UNDERSUPPLY": 7.6
  },
  "total_revenue": 2030895.4667872488,
  "total_contribution": 487864.886787249,
  "total_planned_kms": 68078.0,
  "depot_avg_epk": 31.270813110991377,
  "depot_avg_or": 0.48678644838403506,
  "revenue_by_quadrant": {
    "INEFFICIENT": 248813.1838614156,
    "OVERSUPPLY": 1593237.8593838327,
    "UNDERSUPPLY": 188844.42354200073
  },
  "contribution_by_quadrant": {
    "INEFFICIENT": -23463.556138584383,
    "OVERSUPPLY": 417892.8793838326,
    "UNDERSUPPLY": 93435.56354200072
  }
}