{
  "depot": "KARIMNAGAR-I",
  "target_date": "2026-04-19",
  "predicted_depot_pkm": 1595042.625,
  "total_services": 108,
  "count_add_slot": 10,
  "count_cut": 0,
  "count_no_change": 98,
  "total_allocated_pkm": 1511085.3949703118,
  "quadrant_counts": {
    "OVERSUPPLY": 54,
    "UNDERSUPPLY": 51,
    "INEFFICIENT": 3
  },
  "quadrant_pcts": {
    "OVERSUPPLY": 50.0,
    "UNDERSUPPLY": 47.2,
    "INEFFICIENT": 2.8
  },
  "total_revenue": 1872420.8643409228,
  "total_contribution": 734889.1043409227,
  "total_planned_kms": 47350.0,
  "depot_avg_epk": 41.685190386413915,
  "depot_avg_or": 0.6711196453731888,
  "revenue_by_quadrant": {
    "INEFFICIENT": 5247.88551078522,
    "OVERSUPPLY": 897730.8331226683,
    "UNDERSUPPLY": 969442.1457074692
  },
  "contribution_by_quadrant": {
    "INEFFICIENT": -83286.85448921478,
    "OVERSUPPLY": 385538.75312266836,
    "UNDERSUPPLY": 432637.20570746926
  }
}