{
  "depot": "MAHABOOBABAD",
  "target_date": "2026-04-19",
  "predicted_depot_pkm": 1252700.5,
  "total_services": 76,
  "count_add_slot": 27,
  "count_cut": 0,
  "count_no_change": 49,
  "total_allocated_pkm": 1219672.4647308222,
  "quadrant_counts": {
    "UNDERSUPPLY": 49,
    "OVERSUPPLY": 20,
    "INEFFICIENT": 7
  },
  "quadrant_pcts": {
    "UNDERSUPPLY": 64.5,
    "OVERSUPPLY": 26.3,
    "INEFFICIENT": 9.2
  },
  "total_revenue": 1413918.0137080245,
  "total_contribution": 855430.2237080247,
  "total_planned_kms": 31066.0,
  "depot_avg_epk": 44.879371248880474,
  "depot_avg_or": 0.724005560625816,
  "revenue_by_quadrant": {
    "INEFFICIENT": 18172.312022568607,
    "OVERSUPPLY": 293212.62337082083,
    "UNDERSUPPLY": 1102533.0783146352
  },
  "contribution_by_quadrant": {
    "INEFFICIENT": -30790.147977431392,
    "OVERSUPPLY": 145348.43337082083,
    "UNDERSUPPLY": 740871.9383146353
  }
}