{
  "depot": "NARSAMPET",
  "target_date": "2026-04-19",
  "predicted_depot_pkm": 1544268.125,
  "total_services": 94,
  "count_add_slot": 35,
  "count_cut": 0,
  "count_no_change": 59,
  "total_allocated_pkm": 1488298.5497511069,
  "quadrant_counts": {
    "UNDERSUPPLY": 67,
    "OVERSUPPLY": 21,
    "INEFFICIENT": 6
  },
  "quadrant_pcts": {
    "UNDERSUPPLY": 71.3,
    "OVERSUPPLY": 22.3,
    "INEFFICIENT": 6.4
  },
  "total_revenue": 1775728.9423131035,
  "total_contribution": 903836.7423131035,
  "total_planned_kms": 40599.0,
  "depot_avg_epk": 43.73176955275881,
  "depot_avg_or": 0.7543853119291288,
  "revenue_by_quadrant": {
    "INEFFICIENT": 15711.850493746355,
    "OVERSUPPLY": 342363.19952062983,
    "UNDERSUPPLY": 1417653.8922987273
  },
  "contribution_by_quadrant": {
    "INEFFICIENT": -29151.749506253644,
    "OVERSUPPLY": 127758.73952062982,
    "UNDERSUPPLY": 805229.7522987274
  }
}