{
  "depot": "YADAGIRIGUTTA",
  "target_date": "2026-05-19",
  "predicted_depot_pkm": 1910113.5,
  "total_services": 82,
  "count_add_slot": 37,
  "count_cut": 2,
  "count_no_change": 43,
  "total_allocated_pkm": 1515694.4487948096,
  "quadrant_counts": {
    "UNDERSUPPLY": 68,
    "OVERSUPPLY": 11,
    "INEFFICIENT": 3
  },
  "quadrant_pcts": {
    "UNDERSUPPLY": 82.9,
    "OVERSUPPLY": 13.4,
    "INEFFICIENT": 3.7
  },
  "total_revenue": 1769025.6042448618,
  "total_contribution": 927300.6042448618,
  "total_planned_kms": 33669.0,
  "depot_avg_epk": 52.114455496593465,
  "depot_avg_or": 0.8097174737238894,
  "revenue_by_quadrant": {
    "INEFFICIENT": 0.0,
    "OVERSUPPLY": 160868.808592744,
    "UNDERSUPPLY": 1608156.7956521178
  },
  "contribution_by_quadrant": {
    "INEFFICIENT": -31450.0,
    "OVERSUPPLY": 51968.80859274398,
    "UNDERSUPPLY": 906781.7956521179
  }
}