{
  "depot": "RAJENDRANAGAR",
  "target_date": "2026-05-19",
  "predicted_depot_pkm": 1768550.5,
  "total_services": 179,
  "count_add_slot": 122,
  "count_cut": 0,
  "count_no_change": 57,
  "total_allocated_pkm": 1558118.334937422,
  "quadrant_counts": {
    "UNDERSUPPLY": 128,
    "INEFFICIENT": 39,
    "OVERSUPPLY": 12
  },
  "quadrant_pcts": {
    "UNDERSUPPLY": 71.5,
    "INEFFICIENT": 21.8,
    "OVERSUPPLY": 6.7
  },
  "total_revenue": 2102105.2122879913,
  "total_contribution": 1111373.2122879915,
  "total_planned_kms": 39629.28,
  "depot_avg_epk": 55.63505756095958,
  "depot_avg_or": 0.8970218362815339,
  "revenue_by_quadrant": {
    "INEFFICIENT": 18090.819690801378,
    "OVERSUPPLY": 109083.76420330878,
    "UNDERSUPPLY": 1974930.6283938815
  },
  "contribution_by_quadrant": {
    "INEFFICIENT": -206390.18030919862,
    "OVERSUPPLY": 34425.764203308776,
    "UNDERSUPPLY": 1283337.6283938815
  }
}