{
  "depot": "IBRAHIMPATNAM",
  "target_date": "2026-05-19",
  "predicted_depot_pkm": 1978294.875,
  "total_services": 189,
  "count_add_slot": 127,
  "count_cut": 2,
  "count_no_change": 60,
  "total_allocated_pkm": 1795468.0445630327,
  "quadrant_counts": {
    "UNDERSUPPLY": 158,
    "OVERSUPPLY": 16,
    "INEFFICIENT": 15
  },
  "quadrant_pcts": {
    "UNDERSUPPLY": 83.6,
    "OVERSUPPLY": 8.5,
    "INEFFICIENT": 7.9
  },
  "total_revenue": 2382046.6825973326,
  "total_contribution": 1503456.550597333,
  "total_planned_kms": 44778.7,
  "depot_avg_epk": 55.33739293203304,
  "depot_avg_or": 0.9058001924915194,
  "revenue_by_quadrant": {
    "INEFFICIENT": 6515.523797976844,
    "OVERSUPPLY": 119887.29020577166,
    "UNDERSUPPLY": 2255643.8685935843
  },
  "contribution_by_quadrant": {
    "INEFFICIENT": -81147.19620202316,
    "OVERSUPPLY": 41302.714205771656,
    "UNDERSUPPLY": 1543301.0325935844
  }
}