{
  "depot": "NIRMAL",
  "target_date": "2026-05-19",
  "predicted_depot_pkm": 2526505.75,
  "total_services": 152,
  "count_add_slot": 57,
  "count_cut": 0,
  "count_no_change": 95,
  "total_allocated_pkm": 2457708.4678005786,
  "quadrant_counts": {
    "UNDERSUPPLY": 97,
    "OVERSUPPLY": 47,
    "INEFFICIENT": 8
  },
  "quadrant_pcts": {
    "UNDERSUPPLY": 63.8,
    "OVERSUPPLY": 30.9,
    "INEFFICIENT": 5.3
  },
  "total_revenue": 3145025.9073971356,
  "total_contribution": 1454900.907397136,
  "total_planned_kms": 67605.0,
  "depot_avg_epk": 47.176882308003144,
  "depot_avg_or": 0.7427597299588173,
  "revenue_by_quadrant": {
    "INEFFICIENT": 39468.25128379495,
    "OVERSUPPLY": 999152.9017593947,
    "UNDERSUPPLY": 2106404.754353946
  },
  "contribution_by_quadrant": {
    "INEFFICIENT": -40981.74871620505,
    "OVERSUPPLY": 336352.90175939474,
    "UNDERSUPPLY": 1159529.7543539463
  }
}