{
  "depot": "WANAPARTHI",
  "target_date": "2026-05-19",
  "predicted_depot_pkm": 2267008.0,
  "total_services": 130,
  "count_add_slot": 70,
  "count_cut": 0,
  "count_no_change": 60,
  "total_allocated_pkm": 2153053.384628798,
  "quadrant_counts": {
    "UNDERSUPPLY": 100,
    "OVERSUPPLY": 26,
    "INEFFICIENT": 4
  },
  "quadrant_pcts": {
    "UNDERSUPPLY": 76.9,
    "OVERSUPPLY": 20.0,
    "INEFFICIENT": 3.1
  },
  "total_revenue": 2622098.95954971,
  "total_contribution": 1347498.9595497102,
  "total_planned_kms": 50984.0,
  "depot_avg_epk": 51.60274405115403,
  "depot_avg_or": 0.842090405579137,
  "revenue_by_quadrant": {
    "INEFFICIENT": 5353.6021038778135,
    "OVERSUPPLY": 452575.3930129626,
    "UNDERSUPPLY": 2164169.9644328696
  },
  "contribution_by_quadrant": {
    "INEFFICIENT": -26046.397896122187,
    "OVERSUPPLY": 167950.39301296257,
    "UNDERSUPPLY": 1205594.9644328698
  }
}