{
  "depot": "PARGI",
  "target_date": "2026-05-19",
  "predicted_depot_pkm": 1565655.75,
  "total_services": 78,
  "count_add_slot": 42,
  "count_cut": 1,
  "count_no_change": 35,
  "total_allocated_pkm": 1447693.458990351,
  "quadrant_counts": {
    "UNDERSUPPLY": 62,
    "OVERSUPPLY": 15,
    "INEFFICIENT": 1
  },
  "quadrant_pcts": {
    "UNDERSUPPLY": 79.5,
    "OVERSUPPLY": 19.2,
    "INEFFICIENT": 1.3
  },
  "total_revenue": 1669135.1640611964,
  "total_contribution": 857510.164061196,
  "total_planned_kms": 32465.0,
  "depot_avg_epk": 51.65085270990869,
  "depot_avg_or": 0.8515867665141226,
  "revenue_by_quadrant": {
    "INEFFICIENT": 5107.532190205307,
    "OVERSUPPLY": 252297.51013986743,
    "UNDERSUPPLY": 1411730.1217311234
  },
  "contribution_by_quadrant": {
    "INEFFICIENT": -3092.4678097946926,
    "OVERSUPPLY": 84422.51013986745,
    "UNDERSUPPLY": 776180.1217311234
  }
}