{
  "depot": "JEEDIMETLA",
  "target_date": "2026-05-19",
  "predicted_depot_pkm": 1626386.25,
  "total_services": 209,
  "count_add_slot": 111,
  "count_cut": 0,
  "count_no_change": 98,
  "total_allocated_pkm": 1498743.6622243496,
  "quadrant_counts": {
    "UNDERSUPPLY": 162,
    "OVERSUPPLY": 39,
    "INEFFICIENT": 8
  },
  "quadrant_pcts": {
    "UNDERSUPPLY": 77.5,
    "OVERSUPPLY": 18.7,
    "INEFFICIENT": 3.8
  },
  "total_revenue": 2083682.2500263185,
  "total_contribution": 1113457.250026318,
  "total_planned_kms": 38809.0,
  "depot_avg_epk": 55.07285747964452,
  "depot_avg_or": 0.8745888468663726,
  "revenue_by_quadrant": {
    "INEFFICIENT": 31326.68743218857,
    "OVERSUPPLY": 333003.4379556484,
    "UNDERSUPPLY": 1719352.124638481
  },
  "contribution_by_quadrant": {
    "INEFFICIENT": -3448.312567811432,
    "OVERSUPPLY": 112078.43795564843,
    "UNDERSUPPLY": 1004827.1246384811
  }
}