{
  "depot": "DUBBAKA",
  "target_date": "2026-05-19",
  "predicted_depot_pkm": 799813.75,
  "total_services": 41,
  "count_add_slot": 15,
  "count_cut": 6,
  "count_no_change": 20,
  "total_allocated_pkm": 629919.0236887257,
  "quadrant_counts": {
    "UNDERSUPPLY": 25,
    "INEFFICIENT": 9,
    "OVERSUPPLY": 7
  },
  "quadrant_pcts": {
    "UNDERSUPPLY": 61.0,
    "INEFFICIENT": 22.0,
    "OVERSUPPLY": 17.1
  },
  "total_revenue": 746503.5907320755,
  "total_contribution": 319903.5907320756,
  "total_planned_kms": 17064.0,
  "depot_avg_epk": 41.919887160155284,
  "depot_avg_or": 0.6475467453009768,
  "revenue_by_quadrant": {
    "INEFFICIENT": 3403.8106675665326,
    "OVERSUPPLY": 107910.6713246987,
    "UNDERSUPPLY": 635189.1087398104
  },
  "contribution_by_quadrant": {
    "INEFFICIENT": -69546.18933243347,
    "OVERSUPPLY": 32360.671324698702,
    "UNDERSUPPLY": 357089.10873981036
  }
}