{
  "depot": "HAYATHNAGAR-I",
  "target_date": "2026-05-19",
  "predicted_depot_pkm": 1544080.0,
  "total_services": 174,
  "count_add_slot": 115,
  "count_cut": 0,
  "count_no_change": 59,
  "total_allocated_pkm": 1474696.9767712068,
  "quadrant_counts": {
    "UNDERSUPPLY": 117,
    "INEFFICIENT": 55,
    "OVERSUPPLY": 2
  },
  "quadrant_pcts": {
    "UNDERSUPPLY": 67.2,
    "INEFFICIENT": 31.6,
    "OVERSUPPLY": 1.1
  },
  "total_revenue": 1933251.4272819466,
  "total_contribution": 1146075.9272819466,
  "total_planned_kms": 31487.02,
  "depot_avg_epk": 57.52205507477328,
  "depot_avg_or": 0.953365079509755,
  "revenue_by_quadrant": {
    "INEFFICIENT": 0.0,
    "OVERSUPPLY": 11239.603802628713,
    "UNDERSUPPLY": 1922011.8234793178
  },
  "contribution_by_quadrant": {
    "INEFFICIENT": -222050.0,
    "OVERSUPPLY": 3439.603802628714,
    "UNDERSUPPLY": 1364686.3234793178
  }
}