{
  "depot": "MIYAPUR-II",
  "target_date": "2026-05-19",
  "predicted_depot_pkm": 1340206.125,
  "total_services": 176,
  "count_add_slot": 107,
  "count_cut": 0,
  "count_no_change": 69,
  "total_allocated_pkm": 1206516.8012458715,
  "quadrant_counts": {
    "UNDERSUPPLY": 115,
    "INEFFICIENT": 42,
    "OVERSUPPLY": 19
  },
  "quadrant_pcts": {
    "UNDERSUPPLY": 65.3,
    "INEFFICIENT": 23.9,
    "OVERSUPPLY": 10.8
  },
  "total_revenue": 2152146.28197193,
  "total_contribution": 1457873.2819719303,
  "total_planned_kms": 27770.92,
  "depot_avg_epk": 74.67452682000643,
  "depot_avg_or": 1.2168708190767974,
  "revenue_by_quadrant": {
    "INEFFICIENT": 11077.999930696782,
    "OVERSUPPLY": 204027.69599276505,
    "UNDERSUPPLY": 1937040.5860484685
  },
  "contribution_by_quadrant": {
    "INEFFICIENT": -123327.50006930322,
    "OVERSUPPLY": 110077.69599276506,
    "UNDERSUPPLY": 1471123.0860484685
  }
}