{
  "depot": "CONTONMENT",
  "target_date": "2026-05-19",
  "predicted_depot_pkm": 1941470.875,
  "total_services": 280,
  "count_add_slot": 153,
  "count_cut": 0,
  "count_no_change": 127,
  "total_allocated_pkm": 1494099.6467336733,
  "quadrant_counts": {
    "UNDERSUPPLY": 174,
    "OVERSUPPLY": 54,
    "INEFFICIENT": 49,
    "SOCIAL_OBLIGATION": 3
  },
  "quadrant_pcts": {
    "UNDERSUPPLY": 62.1,
    "OVERSUPPLY": 19.3,
    "INEFFICIENT": 17.5,
    "SOCIAL_OBLIGATION": 1.1
  },
  "total_revenue": 2421164.5124976747,
  "total_contribution": 960393.451097675,
  "total_planned_kms": 46115.74,
  "depot_avg_epk": 57.29329986723172,
  "depot_avg_or": 0.8955271370400217,
  "revenue_by_quadrant": {
    "INEFFICIENT": 53847.820656868054,
    "OVERSUPPLY": 395349.89271996997,
    "SOCIAL_OBLIGATION": 23606.2728311707,
    "UNDERSUPPLY": 1948360.5262896663
  },
  "contribution_by_quadrant": {
    "INEFFICIENT": -333388.93274313194,
    "OVERSUPPLY": 127054.73631996998,
    "SOCIAL_OBLIGATION": -3907.807168829303,
    "UNDERSUPPLY": 1170635.4546896662
  }
}