{
  "depot": "NIZAMABAD-I",
  "target_date": "2026-03-06",
  "predicted_depot_pkm": 1648211.5,
  "total_services": 125,
  "count_add_slot": 4,
  "count_cut": 0,
  "count_no_change": 121,
  "total_allocated_pkm": 1330674.559544685,
  "quadrant_counts": {
    "OVERSUPPLY": 81,
    "UNDERSUPPLY": 37,
    "INEFFICIENT": 7
  },
  "quadrant_pcts": {
    "OVERSUPPLY": 64.8,
    "UNDERSUPPLY": 29.6,
    "INEFFICIENT": 5.6
  },
  "total_revenue": 1749823.5065529507,
  "total_contribution": 762099.5265529508,
  "total_planned_kms": 51753.0,
  "depot_avg_epk": 35.24862241915602,
  "depot_avg_or": 0.5467058674371088,
  "revenue_by_quadrant": {
    "INEFFICIENT": 17587.005812805364,
    "OVERSUPPLY": 1056522.0595953574,
    "UNDERSUPPLY": 675714.4411447879
  },
  "contribution_by_quadrant": {
    "INEFFICIENT": -60037.33418719464,
    "OVERSUPPLY": 414161.87959535734,
    "UNDERSUPPLY": 407974.981144788
  }
}