{
  "depot": "BODHAN",
  "target_date": "2026-03-06",
  "predicted_depot_pkm": 1644676.25,
  "total_services": 101,
  "count_add_slot": 14,
  "count_cut": 0,
  "count_no_change": 87,
  "total_allocated_pkm": 1431000.8033105412,
  "quadrant_counts": {
    "OVERSUPPLY": 48,
    "UNDERSUPPLY": 46,
    "INEFFICIENT": 7
  },
  "quadrant_pcts": {
    "OVERSUPPLY": 47.5,
    "UNDERSUPPLY": 45.5,
    "INEFFICIENT": 6.9
  },
  "total_revenue": 1859185.4785616314,
  "total_contribution": 923197.1185616314,
  "total_planned_kms": 49952.0,
  "depot_avg_epk": 38.83997285101106,
  "depot_avg_or": 0.6317684560301169,
  "revenue_by_quadrant": {
    "INEFFICIENT": 58967.359750787684,
    "OVERSUPPLY": 863744.8944634156,
    "UNDERSUPPLY": 936473.2243474282
  },
  "contribution_by_quadrant": {
    "INEFFICIENT": -14897.500249212317,
    "OVERSUPPLY": 342149.65446341556,
    "UNDERSUPPLY": 595944.9643474282
  }
}