{
  "depot": "ARMOOR",
  "target_date": "2026-03-06",
  "predicted_depot_pkm": 1414093.25,
  "total_services": 90,
  "count_add_slot": 18,
  "count_cut": 2,
  "count_no_change": 70,
  "total_allocated_pkm": 1147024.5977955158,
  "quadrant_counts": {
    "OVERSUPPLY": 44,
    "UNDERSUPPLY": 39,
    "INEFFICIENT": 7
  },
  "quadrant_pcts": {
    "OVERSUPPLY": 48.9,
    "UNDERSUPPLY": 43.3,
    "INEFFICIENT": 7.8
  },
  "total_revenue": 1419164.299204954,
  "total_contribution": 738195.099204954,
  "total_planned_kms": 36987.0,
  "depot_avg_epk": 38.97606018690827,
  "depot_avg_or": 0.6326525361401842,
  "revenue_by_quadrant": {
    "INEFFICIENT": 32408.71012487931,
    "OVERSUPPLY": 610357.7884771597,
    "UNDERSUPPLY": 776397.8006029151
  },
  "contribution_by_quadrant": {
    "INEFFICIENT": -17061.589875120688,
    "OVERSUPPLY": 248512.84847715968,
    "UNDERSUPPLY": 506743.8406029151
  }
}