{
  "depot": "BANSWADA",
  "target_date": "2026-03-06",
  "predicted_depot_pkm": 1549692.125,
  "total_services": 92,
  "count_add_slot": 9,
  "count_cut": 0,
  "count_no_change": 83,
  "total_allocated_pkm": 1243492.654714718,
  "quadrant_counts": {
    "OVERSUPPLY": 43,
    "UNDERSUPPLY": 38,
    "INEFFICIENT": 11
  },
  "quadrant_pcts": {
    "OVERSUPPLY": 46.7,
    "UNDERSUPPLY": 41.3,
    "INEFFICIENT": 12.0
  },
  "total_revenue": 1482228.7699076352,
  "total_contribution": 778857.5799076351,
  "total_planned_kms": 37832.0,
  "depot_avg_epk": 38.488050919278884,
  "depot_avg_or": 0.6236187462644281,
  "revenue_by_quadrant": {
    "INEFFICIENT": 51674.214740913485,
    "OVERSUPPLY": 625200.8977497802,
    "UNDERSUPPLY": 805353.6574169414
  },
  "contribution_by_quadrant": {
    "INEFFICIENT": -29820.335259086525,
    "OVERSUPPLY": 297972.69774978026,
    "UNDERSUPPLY": 510705.21741694136
  }
}