{
  "depot": "BANSWADA",
  "target_date": "2026-03-07",
  "predicted_depot_pkm": 1610169.125,
  "total_services": 92,
  "count_add_slot": 13,
  "count_cut": 0,
  "count_no_change": 79,
  "total_allocated_pkm": 1294630.4200801712,
  "quadrant_counts": {
    "UNDERSUPPLY": 46,
    "OVERSUPPLY": 38,
    "INEFFICIENT": 8
  },
  "quadrant_pcts": {
    "UNDERSUPPLY": 50.0,
    "OVERSUPPLY": 41.3,
    "INEFFICIENT": 8.7
  },
  "total_revenue": 1544516.939081033,
  "total_contribution": 841145.7490810327,
  "total_planned_kms": 37832.0,
  "depot_avg_epk": 40.12261120582243,
  "depot_avg_or": 0.6496586394918712,
  "revenue_by_quadrant": {
    "INEFFICIENT": 32586.930255932413,
    "OVERSUPPLY": 547216.3668989418,
    "UNDERSUPPLY": 964713.6419261586
  },
  "contribution_by_quadrant": {
    "INEFFICIENT": -24057.84974406759,
    "OVERSUPPLY": 252599.27689894175,
    "UNDERSUPPLY": 612604.3219261586
  }
}