{
  "depot": "JANGAON",
  "target_date": "2026-03-07",
  "predicted_depot_pkm": 2253346.75,
  "total_services": 115,
  "count_add_slot": 55,
  "count_cut": 0,
  "count_no_change": 60,
  "total_allocated_pkm": 2136443.2587117623,
  "quadrant_counts": {
    "UNDERSUPPLY": 89,
    "OVERSUPPLY": 24,
    "INEFFICIENT": 2
  },
  "quadrant_pcts": {
    "UNDERSUPPLY": 77.4,
    "OVERSUPPLY": 20.9,
    "INEFFICIENT": 1.7
  },
  "total_revenue": 2480247.478850084,
  "total_contribution": 1695369.7988500833,
  "total_planned_kms": 49455.0,
  "depot_avg_epk": 50.05655012229469,
  "depot_avg_or": 0.8344539852481022,
  "revenue_by_quadrant": {
    "INEFFICIENT": 8242.984063373793,
    "OVERSUPPLY": 408029.4764025838,
    "UNDERSUPPLY": 2063975.018384126
  },
  "contribution_by_quadrant": {
    "INEFFICIENT": -4721.575936626206,
    "OVERSUPPLY": 234041.8164025838,
    "UNDERSUPPLY": 1466049.5583841258
  }
}