{
  "depot": "HAKIMPET",
  "target_date": "2026-03-07",
  "predicted_depot_pkm": 1367508.25,
  "total_services": 147,
  "count_add_slot": 17,
  "count_cut": 0,
  "count_no_change": 130,
  "total_allocated_pkm": 1190692.091942228,
  "quadrant_counts": {
    "OVERSUPPLY": 78,
    "UNDERSUPPLY": 65,
    "INEFFICIENT": 4
  },
  "quadrant_pcts": {
    "OVERSUPPLY": 53.1,
    "UNDERSUPPLY": 44.2,
    "INEFFICIENT": 2.7
  },
  "total_revenue": 1603917.0840041726,
  "total_contribution": 795181.7740041728,
  "total_planned_kms": 30757.0,
  "depot_avg_epk": 52.14109378784601,
  "depot_avg_or": 0.7063078622078268,
  "revenue_by_quadrant": {
    "INEFFICIENT": 7871.669433965016,
    "OVERSUPPLY": 817806.024831794,
    "UNDERSUPPLY": 778239.3897384137
  },
  "contribution_by_quadrant": {
    "INEFFICIENT": -6070.040566034984,
    "OVERSUPPLY": 360107.39483179396,
    "UNDERSUPPLY": 441144.41973841377
  }
}