{
  "depot": "NARSAMPET",
  "target_date": "2026-04-22",
  "predicted_depot_pkm": 1726501.125,
  "total_services": 94,
  "count_add_slot": 59,
  "count_cut": 0,
  "count_no_change": 35,
  "total_allocated_pkm": 1669133.640070553,
  "quadrant_counts": {
    "UNDERSUPPLY": 72,
    "OVERSUPPLY": 16,
    "INEFFICIENT": 6
  },
  "quadrant_pcts": {
    "UNDERSUPPLY": 76.6,
    "OVERSUPPLY": 17.0,
    "INEFFICIENT": 6.4
  },
  "total_revenue": 1991594.3200398341,
  "total_contribution": 1119702.1200398344,
  "total_planned_kms": 40599.0,
  "depot_avg_epk": 49.01645431393116,
  "depot_avg_or": 0.8457905549661827,
  "revenue_by_quadrant": {
    "INEFFICIENT": 15071.913084403179,
    "OVERSUPPLY": 295732.4783625066,
    "UNDERSUPPLY": 1680789.9285929245
  },
  "contribution_by_quadrant": {
    "INEFFICIENT": -29791.68691559682,
    "OVERSUPPLY": 126122.69836250662,
    "UNDERSUPPLY": 1023371.1085929244
  }
}