{
  "depot": "BHUPALAPALLAY",
  "target_date": "2026-04-22",
  "predicted_depot_pkm": 1574573.75,
  "total_services": 86,
  "count_add_slot": 35,
  "count_cut": 0,
  "count_no_change": 51,
  "total_allocated_pkm": 1519743.428701465,
  "quadrant_counts": {
    "UNDERSUPPLY": 53,
    "OVERSUPPLY": 26,
    "INEFFICIENT": 7
  },
  "quadrant_pcts": {
    "UNDERSUPPLY": 61.6,
    "OVERSUPPLY": 30.2,
    "INEFFICIENT": 8.1
  },
  "total_revenue": 1914801.929436856,
  "total_contribution": 1077750.5894368559,
  "total_planned_kms": 40104.0,
  "depot_avg_epk": 47.6825388828221,
  "depot_avg_or": 0.7412541319581784,
  "revenue_by_quadrant": {
    "INEFFICIENT": 23587.013817445546,
    "OVERSUPPLY": 448832.3301274049,
    "UNDERSUPPLY": 1442382.5854920053
  },
  "contribution_by_quadrant": {
    "INEFFICIENT": -46098.74618255445,
    "OVERSUPPLY": 209275.9301274049,
    "UNDERSUPPLY": 914573.4054920054
  }
}