{
  "depot": "HANAMKONDA",
  "target_date": "2026-04-22",
  "predicted_depot_pkm": 2034947.25,
  "total_services": 169,
  "count_add_slot": 72,
  "count_cut": 0,
  "count_no_change": 97,
  "total_allocated_pkm": 1982160.6275644728,
  "quadrant_counts": {
    "UNDERSUPPLY": 107,
    "OVERSUPPLY": 42,
    "INEFFICIENT": 19,
    "SOCIAL_OBLIGATION": 1
  },
  "quadrant_pcts": {
    "UNDERSUPPLY": 63.3,
    "OVERSUPPLY": 24.9,
    "INEFFICIENT": 11.2,
    "SOCIAL_OBLIGATION": 0.6
  },
  "total_revenue": 2445841.256148259,
  "total_contribution": 953298.7461482596,
  "total_planned_kms": 53984.0,
  "depot_avg_epk": 53.28796015498129,
  "depot_avg_or": 0.8693414980005248,
  "revenue_by_quadrant": {
    "INEFFICIENT": 242115.55484218558,
    "OVERSUPPLY": 703451.6477153815,
    "SOCIAL_OBLIGATION": 15855.659889216622,
    "UNDERSUPPLY": 1484418.393701476
  },
  "contribution_by_quadrant": {
    "INEFFICIENT": -51947.725157814435,
    "OVERSUPPLY": 264053.7877153815,
    "SOCIAL_OBLIGATION": -81.54011078337862,
    "UNDERSUPPLY": 741274.223701476
  }
}