{
  "depot": "BHAINSA",
  "target_date": "2026-05-18",
  "predicted_depot_pkm": 1628248.375,
  "total_services": 73,
  "count_add_slot": 58,
  "count_cut": 0,
  "count_no_change": 15,
  "total_allocated_pkm": 1552638.6776948136,
  "quadrant_counts": {
    "UNDERSUPPLY": 63,
    "INEFFICIENT": 6,
    "OVERSUPPLY": 4
  },
  "quadrant_pcts": {
    "UNDERSUPPLY": 86.3,
    "INEFFICIENT": 8.2,
    "OVERSUPPLY": 5.5
  },
  "total_revenue": 1734656.6403583444,
  "total_contribution": 1005156.6403583445,
  "total_planned_kms": 29180.0,
  "depot_avg_epk": 59.383602912655824,
  "depot_avg_or": 0.9958068780353493,
  "revenue_by_quadrant": {
    "INEFFICIENT": 18557.40907231131,
    "OVERSUPPLY": 60891.91357373271,
    "UNDERSUPPLY": 1655207.3177123005
  },
  "contribution_by_quadrant": {
    "INEFFICIENT": -37442.59092768869,
    "OVERSUPPLY": 19891.91357373271,
    "UNDERSUPPLY": 1022707.3177123005
  }
}