{
  "depot": "KUKATPALLY",
  "target_date": "2026-05-18",
  "predicted_depot_pkm": 1564146.375,
  "total_services": 204,
  "count_add_slot": 116,
  "count_cut": 0,
  "count_no_change": 88,
  "total_allocated_pkm": 1207821.548356016,
  "quadrant_counts": {
    "UNDERSUPPLY": 143,
    "INEFFICIENT": 36,
    "OVERSUPPLY": 25
  },
  "quadrant_pcts": {
    "UNDERSUPPLY": 70.1,
    "INEFFICIENT": 17.6,
    "OVERSUPPLY": 12.3
  },
  "total_revenue": 1642970.5138530338,
  "total_contribution": 851720.8738530339,
  "total_planned_kms": 38029.06,
  "depot_avg_epk": 49.535249157135034,
  "depot_avg_or": 0.8022489513679696,
  "revenue_by_quadrant": {
    "INEFFICIENT": 9166.08808310593,
    "OVERSUPPLY": 155773.942386764,
    "UNDERSUPPLY": 1478030.4833831638
  },
  "contribution_by_quadrant": {
    "INEFFICIENT": -208492.99191689407,
    "OVERSUPPLY": 65477.192386764014,
    "UNDERSUPPLY": 994736.6733831639
  }
}