{
  "depot": "MANCHERIAL",
  "target_date": "2026-05-18",
  "predicted_depot_pkm": 2349738.5,
  "total_services": 146,
  "count_add_slot": 44,
  "count_cut": 0,
  "count_no_change": 102,
  "total_allocated_pkm": 2226493.0318375193,
  "quadrant_counts": {
    "UNDERSUPPLY": 96,
    "OVERSUPPLY": 40,
    "INEFFICIENT": 10
  },
  "quadrant_pcts": {
    "UNDERSUPPLY": 65.8,
    "OVERSUPPLY": 27.4,
    "INEFFICIENT": 6.8
  },
  "total_revenue": 2858885.973770296,
  "total_contribution": 1315310.9737702957,
  "total_planned_kms": 61743.0,
  "depot_avg_epk": 46.093574557368086,
  "depot_avg_or": 0.7485458120217161,
  "revenue_by_quadrant": {
    "INEFFICIENT": 70604.34050044516,
    "OVERSUPPLY": 794644.9719398874,
    "UNDERSUPPLY": 1993636.6613299632
  },
  "contribution_by_quadrant": {
    "INEFFICIENT": -30320.65949955484,
    "OVERSUPPLY": 311669.97193988744,
    "UNDERSUPPLY": 1033961.6613299631
  }
}