{
  "depot": "NARSAPUR",
  "target_date": "2026-05-18",
  "predicted_depot_pkm": 724888.3125,
  "total_services": 35,
  "count_add_slot": 21,
  "count_cut": 2,
  "count_no_change": 12,
  "total_allocated_pkm": 622358.2378390861,
  "quadrant_counts": {
    "UNDERSUPPLY": 23,
    "INEFFICIENT": 9,
    "OVERSUPPLY": 3
  },
  "quadrant_pcts": {
    "UNDERSUPPLY": 65.7,
    "INEFFICIENT": 25.7,
    "OVERSUPPLY": 8.6
  },
  "total_revenue": 701224.1331388081,
  "total_contribution": 367874.1331388081,
  "total_planned_kms": 13334.0,
  "depot_avg_epk": 50.38834554224435,
  "depot_avg_or": 0.7915868499102896,
  "revenue_by_quadrant": {
    "INEFFICIENT": 19497.768864084916,
    "OVERSUPPLY": 39675.17182503918,
    "UNDERSUPPLY": 642051.192449684
  },
  "contribution_by_quadrant": {
    "INEFFICIENT": -54827.23113591509,
    "OVERSUPPLY": 10300.17182503918,
    "UNDERSUPPLY": 412401.192449684
  }
}