{
  "depot": "NARSAMPET",
  "target_date": "2026-05-18",
  "predicted_depot_pkm": 1829268.875,
  "total_services": 94,
  "count_add_slot": 65,
  "count_cut": 6,
  "count_no_change": 23,
  "total_allocated_pkm": 1688215.1663645424,
  "quadrant_counts": {
    "UNDERSUPPLY": 73,
    "INEFFICIENT": 11,
    "OVERSUPPLY": 10
  },
  "quadrant_pcts": {
    "UNDERSUPPLY": 77.7,
    "INEFFICIENT": 11.7,
    "OVERSUPPLY": 10.6
  },
  "total_revenue": 2016550.1784383801,
  "total_contribution": 1144657.9784383802,
  "total_planned_kms": 40599.0,
  "depot_avg_epk": 49.655796243435866,
  "depot_avg_or": 0.8554047748349924,
  "revenue_by_quadrant": {
    "INEFFICIENT": 20031.153189368575,
    "OVERSUPPLY": 181393.38682166726,
    "UNDERSUPPLY": 1815125.6384273444
  },
  "contribution_by_quadrant": {
    "INEFFICIENT": -60886.246810631426,
    "OVERSUPPLY": 77505.78682166725,
    "UNDERSUPPLY": 1128038.4384273442
  }
}