{
  "depot": "ARMOOR",
  "target_date": "2026-05-18",
  "predicted_depot_pkm": 1631134.125,
  "total_services": 90,
  "count_add_slot": 38,
  "count_cut": 2,
  "count_no_change": 50,
  "total_allocated_pkm": 1386217.4990061866,
  "quadrant_counts": {
    "UNDERSUPPLY": 61,
    "OVERSUPPLY": 17,
    "INEFFICIENT": 12
  },
  "quadrant_pcts": {
    "UNDERSUPPLY": 67.8,
    "OVERSUPPLY": 18.9,
    "INEFFICIENT": 13.3
  },
  "total_revenue": 1760040.2565012665,
  "total_contribution": 1079071.0565012663,
  "total_planned_kms": 36987.0,
  "depot_avg_epk": 47.426094371116555,
  "depot_avg_or": 0.7663503913058313,
  "revenue_by_quadrant": {
    "INEFFICIENT": 15251.520595630924,
    "OVERSUPPLY": 234040.73512217405,
    "UNDERSUPPLY": 1510748.0007834614
  },
  "contribution_by_quadrant": {
    "INEFFICIENT": -70157.43940436907,
    "OVERSUPPLY": 110647.13512217408,
    "UNDERSUPPLY": 1038581.3607834614
  }
}