{
  "depot": "ACHAMPET",
  "target_date": "2026-05-18",
  "predicted_depot_pkm": 1993143.5,
  "total_services": 83,
  "count_add_slot": 58,
  "count_cut": 0,
  "count_no_change": 25,
  "total_allocated_pkm": 1885883.8474627666,
  "quadrant_counts": {
    "UNDERSUPPLY": 73,
    "OVERSUPPLY": 8,
    "INEFFICIENT": 2
  },
  "quadrant_pcts": {
    "UNDERSUPPLY": 88.0,
    "OVERSUPPLY": 9.6,
    "INEFFICIENT": 2.4
  },
  "total_revenue": 2267381.271243467,
  "total_contribution": 1363981.2712434672,
  "total_planned_kms": 36136.0,
  "depot_avg_epk": 62.860030246693356,
  "depot_avg_or": 0.9373268807954951,
  "revenue_by_quadrant": {
    "INEFFICIENT": 4749.111354709266,
    "OVERSUPPLY": 124571.56732319134,
    "UNDERSUPPLY": 2138060.5925655663
  },
  "contribution_by_quadrant": {
    "INEFFICIENT": -18500.88864529073,
    "OVERSUPPLY": 37646.56732319134,
    "UNDERSUPPLY": 1344835.5925655665
  }
}