{
  "depot": "NIZAMABAD-I",
  "target_date": "2026-05-18",
  "predicted_depot_pkm": 2011855.625,
  "total_services": 125,
  "count_add_slot": 36,
  "count_cut": 0,
  "count_no_change": 89,
  "total_allocated_pkm": 1643784.166277511,
  "quadrant_counts": {
    "UNDERSUPPLY": 73,
    "OVERSUPPLY": 38,
    "INEFFICIENT": 14
  },
  "quadrant_pcts": {
    "UNDERSUPPLY": 58.4,
    "OVERSUPPLY": 30.4,
    "INEFFICIENT": 11.2
  },
  "total_revenue": 2226962.0034876894,
  "total_contribution": 1239238.023487689,
  "total_planned_kms": 51753.0,
  "depot_avg_epk": 45.73423909693245,
  "depot_avg_or": 0.6976068823788132,
  "revenue_by_quadrant": {
    "INEFFICIENT": 0.0,
    "OVERSUPPLY": 677732.6262027958,
    "UNDERSUPPLY": 1549229.3772848933
  },
  "contribution_by_quadrant": {
    "INEFFICIENT": -153388.58000000002,
    "OVERSUPPLY": 366690.3262027957,
    "UNDERSUPPLY": 1025936.2772848933
  }
}