{
  "depot": "HAYATHNAGAR-I",
  "target_date": "2026-05-18",
  "predicted_depot_pkm": 1719699.375,
  "total_services": 174,
  "count_add_slot": 116,
  "count_cut": 0,
  "count_no_change": 58,
  "total_allocated_pkm": 1639628.9462129902,
  "quadrant_counts": {
    "UNDERSUPPLY": 116,
    "INEFFICIENT": 55,
    "OVERSUPPLY": 3
  },
  "quadrant_pcts": {
    "UNDERSUPPLY": 66.7,
    "INEFFICIENT": 31.6,
    "OVERSUPPLY": 1.7
  },
  "total_revenue": 2149438.1574387057,
  "total_contribution": 1362262.6574387052,
  "total_planned_kms": 31487.02,
  "depot_avg_epk": 63.848514333135164,
  "depot_avg_or": 1.0582370622273123,
  "revenue_by_quadrant": {
    "INEFFICIENT": 0.0,
    "OVERSUPPLY": 18777.056339350205,
    "UNDERSUPPLY": 2130661.101099355
  },
  "contribution_by_quadrant": {
    "INEFFICIENT": -222050.0,
    "OVERSUPPLY": 7127.056339350205,
    "UNDERSUPPLY": 1577185.6010993551
  }
}