{
  "depot": "NARKATPALLY",
  "target_date": "2026-05-18",
  "predicted_depot_pkm": 788855.625,
  "total_services": 26,
  "count_add_slot": 24,
  "count_cut": 0,
  "count_no_change": 2,
  "total_allocated_pkm": 720318.5381445729,
  "quadrant_counts": {
    "UNDERSUPPLY": 24,
    "OVERSUPPLY": 2
  },
  "quadrant_pcts": {
    "UNDERSUPPLY": 92.3,
    "OVERSUPPLY": 7.7
  },
  "total_revenue": 802540.2508049624,
  "total_contribution": 543790.2508049625,
  "total_planned_kms": 10350.0,
  "depot_avg_epk": 76.91808681700462,
  "depot_avg_or": 1.2451433285852394,
  "revenue_by_quadrant": {
    "OVERSUPPLY": 27236.67274044861,
    "UNDERSUPPLY": 775303.5780645139
  },
  "contribution_by_quadrant": {
    "OVERSUPPLY": 11386.67274044861,
    "UNDERSUPPLY": 532403.5780645139
  }
}