{
  "depot": "MAHABOOBABAD",
  "target_date": "2026-05-18",
  "predicted_depot_pkm": 1592378.875,
  "total_services": 76,
  "count_add_slot": 49,
  "count_cut": 3,
  "count_no_change": 24,
  "total_allocated_pkm": 1461989.4751128517,
  "quadrant_counts": {
    "UNDERSUPPLY": 60,
    "OVERSUPPLY": 11,
    "INEFFICIENT": 5
  },
  "quadrant_pcts": {
    "UNDERSUPPLY": 78.9,
    "OVERSUPPLY": 14.5,
    "INEFFICIENT": 6.6
  },
  "total_revenue": 1696780.0210812718,
  "total_contribution": 1138292.2310812715,
  "total_planned_kms": 31066.0,
  "depot_avg_epk": 53.91899229528739,
  "depot_avg_or": 0.8702603367994414,
  "revenue_by_quadrant": {
    "INEFFICIENT": 1536.4442137843257,
    "OVERSUPPLY": 149353.12762997794,
    "UNDERSUPPLY": 1545890.4492375096
  },
  "contribution_by_quadrant": {
    "INEFFICIENT": -32656.935786215672,
    "OVERSUPPLY": 70785.20762997794,
    "UNDERSUPPLY": 1100163.9592375096
  }
}