{
  "depot": "HUZURABAD",
  "target_date": "2026-05-18",
  "predicted_depot_pkm": 1548846.25,
  "total_services": 67,
  "count_add_slot": 49,
  "count_cut": 0,
  "count_no_change": 18,
  "total_allocated_pkm": 1385147.0775301196,
  "quadrant_counts": {
    "UNDERSUPPLY": 59,
    "OVERSUPPLY": 6,
    "INEFFICIENT": 2
  },
  "quadrant_pcts": {
    "UNDERSUPPLY": 88.1,
    "OVERSUPPLY": 9.0,
    "INEFFICIENT": 3.0
  },
  "total_revenue": 1627573.9377290818,
  "total_contribution": 916973.9377290814,
  "total_planned_kms": 28424.0,
  "depot_avg_epk": 57.07173690092878,
  "depot_avg_or": 0.9573156876918498,
  "revenue_by_quadrant": {
    "INEFFICIENT": 0.0,
    "OVERSUPPLY": 90388.14336565365,
    "UNDERSUPPLY": 1537185.794363428
  },
  "contribution_by_quadrant": {
    "INEFFICIENT": -23100.0,
    "OVERSUPPLY": 27363.14336565366,
    "UNDERSUPPLY": 912710.7943634278
  }
}