{
  "depot": "HAKIMPET",
  "target_date": "2026-05-03",
  "predicted_depot_pkm": 1191421.0,
  "total_services": 147,
  "count_add_slot": 47,
  "count_cut": 0,
  "count_no_change": 100,
  "total_allocated_pkm": 893367.5079069787,
  "quadrant_counts": {
    "UNDERSUPPLY": 100,
    "OVERSUPPLY": 25,
    "INEFFICIENT": 22
  },
  "quadrant_pcts": {
    "UNDERSUPPLY": 68.0,
    "OVERSUPPLY": 17.0,
    "INEFFICIENT": 15.0
  },
  "total_revenue": 1200876.568149996,
  "total_contribution": 392092.1578499961,
  "total_planned_kms": 30758.690000000002,
  "depot_avg_epk": 40.43154470962043,
  "depot_avg_or": 0.6933977248909732,
  "revenue_by_quadrant": {
    "INEFFICIENT": 4400.262775700352,
    "OVERSUPPLY": 186012.1682876717,
    "UNDERSUPPLY": 1010464.137086624
  },
  "contribution_by_quadrant": {
    "INEFFICIENT": -129883.26202429965,
    "OVERSUPPLY": 48304.33948767168,
    "UNDERSUPPLY": 473671.08038662403
  }
}