{
  "depot": "MAHABOOBABAD",
  "target_date": "2026-05-03",
  "predicted_depot_pkm": 1261975.375,
  "total_services": 76,
  "count_add_slot": 22,
  "count_cut": 0,
  "count_no_change": 54,
  "total_allocated_pkm": 1151699.2130595157,
  "quadrant_counts": {
    "UNDERSUPPLY": 42,
    "OVERSUPPLY": 27,
    "INEFFICIENT": 7
  },
  "quadrant_pcts": {
    "UNDERSUPPLY": 55.3,
    "OVERSUPPLY": 35.5,
    "INEFFICIENT": 9.2
  },
  "total_revenue": 1332989.537332495,
  "total_contribution": 774501.7473324947,
  "total_planned_kms": 31066.0,
  "depot_avg_epk": 42.52607905704646,
  "depot_avg_or": 0.6870511960998463,
  "revenue_by_quadrant": {
    "INEFFICIENT": 20693.28058045015,
    "OVERSUPPLY": 391377.037180217,
    "UNDERSUPPLY": 920919.2195718277
  },
  "contribution_by_quadrant": {
    "INEFFICIENT": -25400.299419549847,
    "OVERSUPPLY": 184191.96718021698,
    "UNDERSUPPLY": 615710.0795718277
  }
}