{
  "depot": "IBRAHIMPATNAM",
  "target_date": "2026-05-03",
  "predicted_depot_pkm": 1856723.625,
  "total_services": 189,
  "count_add_slot": 114,
  "count_cut": 0,
  "count_no_change": 75,
  "total_allocated_pkm": 1667706.172899195,
  "quadrant_counts": {
    "UNDERSUPPLY": 142,
    "OVERSUPPLY": 29,
    "INEFFICIENT": 18
  },
  "quadrant_pcts": {
    "UNDERSUPPLY": 75.1,
    "OVERSUPPLY": 15.3,
    "INEFFICIENT": 9.5
  },
  "total_revenue": 2225724.319851973,
  "total_contribution": 1347134.1878519729,
  "total_planned_kms": 44778.7,
  "depot_avg_epk": 52.36877513073561,
  "depot_avg_or": 0.8543429258490205,
  "revenue_by_quadrant": {
    "INEFFICIENT": 72690.23150570379,
    "OVERSUPPLY": 248003.13347229757,
    "UNDERSUPPLY": 1905030.9548739716
  },
  "contribution_by_quadrant": {
    "INEFFICIENT": -35426.5284942962,
    "OVERSUPPLY": 104292.73147229759,
    "UNDERSUPPLY": 1278267.9848739717
  }
}