{
  "depot": "KARIMNAGAR-I",
  "target_date": "2026-05-03",
  "predicted_depot_pkm": 1645082.875,
  "total_services": 108,
  "count_add_slot": 18,
  "count_cut": 0,
  "count_no_change": 90,
  "total_allocated_pkm": 1500482.3284058578,
  "quadrant_counts": {
    "UNDERSUPPLY": 52,
    "OVERSUPPLY": 51,
    "INEFFICIENT": 5
  },
  "quadrant_pcts": {
    "UNDERSUPPLY": 48.1,
    "OVERSUPPLY": 47.2,
    "INEFFICIENT": 4.6
  },
  "total_revenue": 1852871.0446148019,
  "total_contribution": 715339.2846148018,
  "total_planned_kms": 47350.0,
  "depot_avg_epk": 41.35033677265182,
  "depot_avg_or": 0.6656596425255857,
  "revenue_by_quadrant": {
    "INEFFICIENT": 11711.129415249941,
    "OVERSUPPLY": 785159.6792918186,
    "UNDERSUPPLY": 1056000.2359077332
  },
  "contribution_by_quadrant": {
    "INEFFICIENT": -86468.77058475005,
    "OVERSUPPLY": 316917.2192918186,
    "UNDERSUPPLY": 484890.8359077332
  }
}