{
  "depot": "BHUPALAPALLAY",
  "target_date": "2026-05-03",
  "predicted_depot_pkm": 1444281.125,
  "total_services": 86,
  "count_add_slot": 14,
  "count_cut": 0,
  "count_no_change": 72,
  "total_allocated_pkm": 1311474.333981641,
  "quadrant_counts": {
    "UNDERSUPPLY": 41,
    "OVERSUPPLY": 35,
    "INEFFICIENT": 10
  },
  "quadrant_pcts": {
    "UNDERSUPPLY": 47.7,
    "OVERSUPPLY": 40.7,
    "INEFFICIENT": 11.6
  },
  "total_revenue": 1657474.253975269,
  "total_contribution": 820422.9139752688,
  "total_planned_kms": 40104.0,
  "depot_avg_epk": 41.359856688142074,
  "depot_avg_or": 0.6446348351405141,
  "revenue_by_quadrant": {
    "INEFFICIENT": 36346.458495542975,
    "OVERSUPPLY": 630399.7062330884,
    "UNDERSUPPLY": 990728.0892466374
  },
  "contribution_by_quadrant": {
    "INEFFICIENT": -50403.30150445702,
    "OVERSUPPLY": 304816.12623308843,
    "UNDERSUPPLY": 566010.0892466374
  }
}