{
  "depot": "HYDERABAD-II",
  "target_date": "2026-05-03",
  "predicted_depot_pkm": 1735353.125,
  "total_services": 94,
  "count_add_slot": 53,
  "count_cut": 0,
  "count_no_change": 41,
  "total_allocated_pkm": 1671013.1365347812,
  "quadrant_counts": {
    "UNDERSUPPLY": 62,
    "OVERSUPPLY": 32
  },
  "quadrant_pcts": {
    "UNDERSUPPLY": 66.0,
    "OVERSUPPLY": 34.0
  },
  "total_revenue": 2275470.5845983126,
  "total_contribution": 1451769.0845983129,
  "total_planned_kms": 44645.0,
  "depot_avg_epk": 54.66581811533209,
  "depot_avg_or": 0.8652240485191403,
  "revenue_by_quadrant": {
    "OVERSUPPLY": 605554.7926212646,
    "UNDERSUPPLY": 1669915.791977048
  },
  "contribution_by_quadrant": {
    "OVERSUPPLY": 253558.6126212646,
    "UNDERSUPPLY": 1198210.4719770479
  }
}