{
  "depot": "DILSHUKNAGAR",
  "target_date": "2026-05-10",
  "predicted_depot_pkm": 1269729.25,
  "total_services": 149,
  "count_add_slot": 92,
  "count_cut": 0,
  "count_no_change": 57,
  "total_allocated_pkm": 1185603.3253997066,
  "quadrant_counts": {
    "UNDERSUPPLY": 111,
    "INEFFICIENT": 31,
    "OVERSUPPLY": 7
  },
  "quadrant_pcts": {
    "UNDERSUPPLY": 74.5,
    "INEFFICIENT": 20.8,
    "OVERSUPPLY": 4.7
  },
  "total_revenue": 1604887.595564473,
  "total_contribution": 793905.5955644731,
  "total_planned_kms": 32439.28,
  "depot_avg_epk": 51.36524193513311,
  "depot_avg_or": 0.824764713544178,
  "revenue_by_quadrant": {
    "INEFFICIENT": 70363.62177520785,
    "OVERSUPPLY": 41363.06631198419,
    "UNDERSUPPLY": 1493160.9074772808
  },
  "contribution_by_quadrant": {
    "INEFFICIENT": -116911.37822479215,
    "OVERSUPPLY": 16213.066311984188,
    "UNDERSUPPLY": 894603.9074772808
  }
}