{
  "depot": "NARSAMPET",
  "target_date": "2026-05-10",
  "predicted_depot_pkm": 1646594.25,
  "total_services": 94,
  "count_add_slot": 51,
  "count_cut": 7,
  "count_no_change": 36,
  "total_allocated_pkm": 1546952.71771502,
  "quadrant_counts": {
    "UNDERSUPPLY": 69,
    "OVERSUPPLY": 15,
    "INEFFICIENT": 10
  },
  "quadrant_pcts": {
    "UNDERSUPPLY": 73.4,
    "OVERSUPPLY": 16.0,
    "INEFFICIENT": 10.6
  },
  "total_revenue": 1849473.1585274287,
  "total_contribution": 977580.9585274287,
  "total_planned_kms": 40599.0,
  "depot_avg_epk": 45.62566950209643,
  "depot_avg_or": 0.7852638543042921,
  "revenue_by_quadrant": {
    "INEFFICIENT": 18207.354047877256,
    "OVERSUPPLY": 275218.6789599817,
    "UNDERSUPPLY": 1556047.12551957
  },
  "contribution_by_quadrant": {
    "INEFFICIENT": -54102.045952122746,
    "OVERSUPPLY": 117508.8189599817,
    "UNDERSUPPLY": 914174.1855195699
  }
}