{
  "depot": "ASIFABAD",
  "target_date": "2026-05-10",
  "predicted_depot_pkm": 1406871.25,
  "total_services": 76,
  "count_add_slot": 33,
  "count_cut": 1,
  "count_no_change": 42,
  "total_allocated_pkm": 1284669.9344308092,
  "quadrant_counts": {
    "UNDERSUPPLY": 47,
    "OVERSUPPLY": 20,
    "INEFFICIENT": 9
  },
  "quadrant_pcts": {
    "UNDERSUPPLY": 61.8,
    "OVERSUPPLY": 26.3,
    "INEFFICIENT": 11.8
  },
  "total_revenue": 1568870.8084803973,
  "total_contribution": 728970.8084803973,
  "total_planned_kms": 33596.0,
  "depot_avg_epk": 47.848167526505726,
  "depot_avg_or": 0.7544024456799076,
  "revenue_by_quadrant": {
    "INEFFICIENT": 42708.43001268612,
    "OVERSUPPLY": 452284.54412872484,
    "UNDERSUPPLY": 1073877.8343389863
  },
  "contribution_by_quadrant": {
    "INEFFICIENT": -35541.56998731388,
    "OVERSUPPLY": 148484.5441287248,
    "UNDERSUPPLY": 616027.8343389863
  }
}