{
  "depot": "BADRACHALAM",
  "target_date": "2026-05-10",
  "predicted_depot_pkm": 1753331.875,
  "total_services": 102,
  "count_add_slot": 32,
  "count_cut": 5,
  "count_no_change": 65,
  "total_allocated_pkm": 1639490.7788250109,
  "quadrant_counts": {
    "OVERSUPPLY": 47,
    "UNDERSUPPLY": 46,
    "INEFFICIENT": 9
  },
  "quadrant_pcts": {
    "OVERSUPPLY": 46.1,
    "UNDERSUPPLY": 45.1,
    "INEFFICIENT": 8.8
  },
  "total_revenue": 2279798.080603943,
  "total_contribution": 965098.0806039438,
  "total_planned_kms": 52588.0,
  "depot_avg_epk": 44.59921419098194,
  "depot_avg_or": 0.6897610191724187,
  "revenue_by_quadrant": {
    "INEFFICIENT": 42489.85051612113,
    "OVERSUPPLY": 1059261.6165928724,
    "UNDERSUPPLY": 1178046.61349495
  },
  "contribution_by_quadrant": {
    "INEFFICIENT": -79710.14948387888,
    "OVERSUPPLY": 375661.6165928724,
    "UNDERSUPPLY": 669146.6134949501
  }
}