{
  "depot": "GODAVARIKHANI",
  "target_date": "2026-05-10",
  "predicted_depot_pkm": 1981045.875,
  "total_services": 120,
  "count_add_slot": 34,
  "count_cut": 0,
  "count_no_change": 86,
  "total_allocated_pkm": 1828481.6349269855,
  "quadrant_counts": {
    "UNDERSUPPLY": 65,
    "OVERSUPPLY": 49,
    "INEFFICIENT": 6
  },
  "quadrant_pcts": {
    "UNDERSUPPLY": 54.2,
    "OVERSUPPLY": 40.8,
    "INEFFICIENT": 5.0
  },
  "total_revenue": 2313428.24065277,
  "total_contribution": 981928.2406527695,
  "total_planned_kms": 53260.0,
  "depot_avg_epk": 44.96630627911906,
  "depot_avg_or": 0.7116319822439746,
  "revenue_by_quadrant": {
    "INEFFICIENT": 13588.457061259316,
    "OVERSUPPLY": 861504.7071135194,
    "UNDERSUPPLY": 1438335.0764779907
  },
  "contribution_by_quadrant": {
    "INEFFICIENT": -76261.54293874069,
    "OVERSUPPLY": 278604.7071135194,
    "UNDERSUPPLY": 779585.0764779907
  }
}