{
  "depot": "PARGI",
  "target_date": "2026-05-10",
  "predicted_depot_pkm": 1630392.5,
  "total_services": 78,
  "count_add_slot": 52,
  "count_cut": 0,
  "count_no_change": 26,
  "total_allocated_pkm": 1551196.7576561244,
  "quadrant_counts": {
    "UNDERSUPPLY": 70,
    "OVERSUPPLY": 8
  },
  "quadrant_pcts": {
    "UNDERSUPPLY": 89.7,
    "OVERSUPPLY": 10.3
  },
  "total_revenue": 1777367.3467146964,
  "total_contribution": 965742.3467146964,
  "total_planned_kms": 32465.0,
  "depot_avg_epk": 55.6588796074293,
  "depot_avg_or": 0.9195194314489641,
  "revenue_by_quadrant": {
    "OVERSUPPLY": 123588.03956660193,
    "UNDERSUPPLY": 1653779.3071480945
  },
  "contribution_by_quadrant": {
    "OVERSUPPLY": 28788.03956660194,
    "UNDERSUPPLY": 936954.3071480944
  }
}