{
  "depot": "FAROOQNAGAR",
  "target_date": "2026-05-10",
  "predicted_depot_pkm": 1001944.375,
  "total_services": 153,
  "count_add_slot": 83,
  "count_cut": 0,
  "count_no_change": 70,
  "total_allocated_pkm": 970843.6198855296,
  "quadrant_counts": {
    "UNDERSUPPLY": 113,
    "OVERSUPPLY": 23,
    "INEFFICIENT": 17
  },
  "quadrant_pcts": {
    "UNDERSUPPLY": 73.9,
    "OVERSUPPLY": 15.0,
    "INEFFICIENT": 11.1
  },
  "total_revenue": 1336384.0530005489,
  "total_contribution": 695584.0530005486,
  "total_planned_kms": 25632.0,
  "depot_avg_epk": 51.85317682966457,
  "depot_avg_or": 0.8227341284125247,
  "revenue_by_quadrant": {
    "INEFFICIENT": 13934.136820358972,
    "OVERSUPPLY": 116378.16130118871,
    "UNDERSUPPLY": 1206071.754879001
  },
  "contribution_by_quadrant": {
    "INEFFICIENT": -62090.86317964103,
    "OVERSUPPLY": 36578.1613011887,
    "UNDERSUPPLY": 721096.754879001
  }
}