{
  "depot": "CHENGICHERLA",
  "target_date": "2026-05-10",
  "predicted_depot_pkm": 1565410.375,
  "total_services": 192,
  "count_add_slot": 149,
  "count_cut": 0,
  "count_no_change": 43,
  "total_allocated_pkm": 1502446.165519029,
  "quadrant_counts": {
    "UNDERSUPPLY": 166,
    "OVERSUPPLY": 23,
    "INEFFICIENT": 3
  },
  "quadrant_pcts": {
    "UNDERSUPPLY": 86.5,
    "OVERSUPPLY": 12.0,
    "INEFFICIENT": 1.6
  },
  "total_revenue": 2040260.2671099976,
  "total_contribution": 1133542.7671099978,
  "total_planned_kms": 36268.7,
  "depot_avg_epk": 58.41900285176515,
  "depot_avg_or": 0.9677311894254642,
  "revenue_by_quadrant": {
    "INEFFICIENT": 20515.23356717072,
    "OVERSUPPLY": 186759.04830213453,
    "UNDERSUPPLY": 1832985.9852406927
  },
  "contribution_by_quadrant": {
    "INEFFICIENT": -1984.766432829283,
    "OVERSUPPLY": 48534.04830213451,
    "UNDERSUPPLY": 1086993.4852406927
  }
}