{
  "depot": "MAHABOOBNAGAR",
  "target_date": "2026-05-10",
  "predicted_depot_pkm": 2412019.25,
  "total_services": 149,
  "count_add_slot": 62,
  "count_cut": 0,
  "count_no_change": 87,
  "total_allocated_pkm": 2341093.035675505,
  "quadrant_counts": {
    "UNDERSUPPLY": 115,
    "OVERSUPPLY": 22,
    "INEFFICIENT": 12
  },
  "quadrant_pcts": {
    "UNDERSUPPLY": 77.2,
    "OVERSUPPLY": 14.8,
    "INEFFICIENT": 8.1
  },
  "total_revenue": 2923409.9858051026,
  "total_contribution": 1408073.985805103,
  "total_planned_kms": 60613.44,
  "depot_avg_epk": 49.08424843485268,
  "depot_avg_or": 0.8006843934226348,
  "revenue_by_quadrant": {
    "INEFFICIENT": 61480.13719400742,
    "OVERSUPPLY": 382269.6902172929,
    "UNDERSUPPLY": 2479660.1583938026
  },
  "contribution_by_quadrant": {
    "INEFFICIENT": -66669.86280599258,
    "OVERSUPPLY": 104045.69021729294,
    "UNDERSUPPLY": 1370698.1583938026
  }
}