{
  "depot": "MAHABOOBABAD",
  "target_date": "2026-05-10",
  "predicted_depot_pkm": 1305623.75,
  "total_services": 76,
  "count_add_slot": 26,
  "count_cut": 3,
  "count_no_change": 47,
  "total_allocated_pkm": 1222879.4605867371,
  "quadrant_counts": {
    "UNDERSUPPLY": 53,
    "OVERSUPPLY": 17,
    "INEFFICIENT": 6
  },
  "quadrant_pcts": {
    "UNDERSUPPLY": 69.7,
    "OVERSUPPLY": 22.4,
    "INEFFICIENT": 7.9
  },
  "total_revenue": 1413613.2814104948,
  "total_contribution": 855125.4914104948,
  "total_planned_kms": 31066.0,
  "depot_avg_epk": 45.0416758109505,
  "depot_avg_or": 0.7281985744166123,
  "revenue_by_quadrant": {
    "INEFFICIENT": 7699.517264090264,
    "OVERSUPPLY": 232481.4339864027,
    "UNDERSUPPLY": 1173432.3301600018
  },
  "contribution_by_quadrant": {
    "INEFFICIENT": -34391.00273590974,
    "OVERSUPPLY": 105770.56398640269,
    "UNDERSUPPLY": 783745.9301600019
  }
}