{
  "depot": "MIDHANI",
  "target_date": "2026-05-10",
  "predicted_depot_pkm": 1210971.0,
  "total_services": 144,
  "count_add_slot": 104,
  "count_cut": 0,
  "count_no_change": 40,
  "total_allocated_pkm": 1104092.8777459979,
  "quadrant_counts": {
    "UNDERSUPPLY": 118,
    "INEFFICIENT": 23,
    "OVERSUPPLY": 3
  },
  "quadrant_pcts": {
    "UNDERSUPPLY": 81.9,
    "INEFFICIENT": 16.0,
    "OVERSUPPLY": 2.1
  },
  "total_revenue": 1516580.9501802376,
  "total_contribution": 844099.4501802378,
  "total_planned_kms": 26899.260000000002,
  "depot_avg_epk": 59.85682156120803,
  "depot_avg_or": 0.9491107389040963,
  "revenue_by_quadrant": {
    "INEFFICIENT": 36980.00122665643,
    "OVERSUPPLY": 17967.13584835574,
    "UNDERSUPPLY": 1461633.8131052256
  },
  "contribution_by_quadrant": {
    "INEFFICIENT": -100394.99877334357,
    "OVERSUPPLY": 6742.13584835574,
    "UNDERSUPPLY": 937752.3131052256
  }
}