{
  "depot": "METPALLY",
  "target_date": "2026-05-10",
  "predicted_depot_pkm": 1046023.6875,
  "total_services": 54,
  "count_add_slot": 24,
  "count_cut": 0,
  "count_no_change": 30,
  "total_allocated_pkm": 977924.8050244083,
  "quadrant_counts": {
    "UNDERSUPPLY": 36,
    "OVERSUPPLY": 14,
    "INEFFICIENT": 4
  },
  "quadrant_pcts": {
    "UNDERSUPPLY": 66.7,
    "OVERSUPPLY": 25.9,
    "INEFFICIENT": 7.4
  },
  "total_revenue": 1195037.8644293041,
  "total_contribution": 578737.8644293038,
  "total_planned_kms": 24652.0,
  "depot_avg_epk": 49.39922318035204,
  "depot_avg_or": 0.7903395453450001,
  "revenue_by_quadrant": {
    "INEFFICIENT": 29464.468413088904,
    "OVERSUPPLY": 298661.6769912483,
    "UNDERSUPPLY": 866911.7190249667
  },
  "contribution_by_quadrant": {
    "INEFFICIENT": -12635.531586911096,
    "OVERSUPPLY": 96761.67699124833,
    "UNDERSUPPLY": 494611.7190249667
  }
}