{
  "depot": "UTNOOR",
  "target_date": "2026-05-10",
  "predicted_depot_pkm": 802879.0,
  "total_services": 37,
  "count_add_slot": 28,
  "count_cut": 0,
  "count_no_change": 9,
  "total_allocated_pkm": 791338.6308872204,
  "quadrant_counts": {
    "UNDERSUPPLY": 33,
    "OVERSUPPLY": 4
  },
  "quadrant_pcts": {
    "UNDERSUPPLY": 89.2,
    "OVERSUPPLY": 10.8
  },
  "total_revenue": 948108.9965270896,
  "total_contribution": 559508.9965270897,
  "total_planned_kms": 15544.0,
  "depot_avg_epk": 63.07339553499885,
  "depot_avg_or": 1.0006511274999497,
  "revenue_by_quadrant": {
    "OVERSUPPLY": 82050.7052417507,
    "UNDERSUPPLY": 866058.291285339
  },
  "contribution_by_quadrant": {
    "OVERSUPPLY": 25400.7052417507,
    "UNDERSUPPLY": 534108.291285339
  }
}