{
  "depot": "FALAKNUMA",
  "target_date": "2026-05-10",
  "predicted_depot_pkm": 1410284.625,
  "total_services": 148,
  "count_add_slot": 110,
  "count_cut": 0,
  "count_no_change": 38,
  "total_allocated_pkm": 1312256.1475899667,
  "quadrant_counts": {
    "UNDERSUPPLY": 116,
    "INEFFICIENT": 25,
    "OVERSUPPLY": 7
  },
  "quadrant_pcts": {
    "UNDERSUPPLY": 78.4,
    "INEFFICIENT": 16.9,
    "OVERSUPPLY": 4.7
  },
  "total_revenue": 1750117.9663374722,
  "total_contribution": 1049967.9663374722,
  "total_planned_kms": 28006.0,
  "depot_avg_epk": 61.418518333673155,
  "depot_avg_or": 0.9976580087440223,
  "revenue_by_quadrant": {
    "INEFFICIENT": 31932.477912202543,
    "OVERSUPPLY": 38097.787901318705,
    "UNDERSUPPLY": 1680087.7005239509
  },
  "contribution_by_quadrant": {
    "INEFFICIENT": -57342.52208779746,
    "OVERSUPPLY": 8072.787901318703,
    "UNDERSUPPLY": 1099237.7005239509
  }
}