{
  "depot": "WANAPARTHI",
  "target_date": "2026-05-10",
  "predicted_depot_pkm": 2302675.0,
  "total_services": 130,
  "count_add_slot": 80,
  "count_cut": 0,
  "count_no_change": 50,
  "total_allocated_pkm": 2252653.3508179258,
  "quadrant_counts": {
    "UNDERSUPPLY": 99,
    "OVERSUPPLY": 29,
    "INEFFICIENT": 2
  },
  "quadrant_pcts": {
    "UNDERSUPPLY": 76.2,
    "OVERSUPPLY": 22.3,
    "INEFFICIENT": 1.5
  },
  "total_revenue": 2730232.9891475495,
  "total_contribution": 1455632.9891475495,
  "total_planned_kms": 50984.0,
  "depot_avg_epk": 54.201383695330385,
  "depot_avg_or": 0.8846421201945923,
  "revenue_by_quadrant": {
    "INEFFICIENT": 8630.310697923283,
    "OVERSUPPLY": 480127.4314170428,
    "UNDERSUPPLY": 2241475.247032583
  },
  "contribution_by_quadrant": {
    "INEFFICIENT": -8469.689302076717,
    "OVERSUPPLY": 161302.4314170428,
    "UNDERSUPPLY": 1302800.2470325835
  }
}