{
  "depot": "MUSHIRABAD",
  "target_date": "2026-05-10",
  "predicted_depot_pkm": 1441723.75,
  "total_services": 201,
  "count_add_slot": 155,
  "count_cut": 0,
  "count_no_change": 46,
  "total_allocated_pkm": 1392920.672399235,
  "quadrant_counts": {
    "UNDERSUPPLY": 168,
    "INEFFICIENT": 28,
    "OVERSUPPLY": 5
  },
  "quadrant_pcts": {
    "UNDERSUPPLY": 83.6,
    "INEFFICIENT": 13.9,
    "OVERSUPPLY": 2.5
  },
  "total_revenue": 1984182.2501034178,
  "total_contribution": 1194632.2501034178,
  "total_planned_kms": 31582.0,
  "depot_avg_epk": 65.20067961101577,
  "depot_avg_or": 1.0008021470639024,
  "revenue_by_quadrant": {
    "INEFFICIENT": 31931.679051427036,
    "OVERSUPPLY": 26893.96258097359,
    "UNDERSUPPLY": 1925356.608471017
  },
  "contribution_by_quadrant": {
    "INEFFICIENT": -100893.32094857296,
    "OVERSUPPLY": 8843.962580973592,
    "UNDERSUPPLY": 1286681.608471017
  }
}