{
  "depot": "GWL-PRGPR",
  "target_date": "2026-05-10",
  "predicted_depot_pkm": 1629182.625,
  "total_services": 79,
  "count_add_slot": 47,
  "count_cut": 1,
  "count_no_change": 31,
  "total_allocated_pkm": 1538652.0801858625,
  "quadrant_counts": {
    "UNDERSUPPLY": 63,
    "OVERSUPPLY": 14,
    "INEFFICIENT": 2
  },
  "quadrant_pcts": {
    "UNDERSUPPLY": 79.7,
    "OVERSUPPLY": 17.7,
    "INEFFICIENT": 2.5
  },
  "total_revenue": 1757957.8267187548,
  "total_contribution": 964107.826718755,
  "total_planned_kms": 31754.0,
  "depot_avg_epk": 55.17358292108831,
  "depot_avg_or": 0.8467343030062733,
  "revenue_by_quadrant": {
    "INEFFICIENT": 9793.804033099084,
    "OVERSUPPLY": 207399.27305793957,
    "UNDERSUPPLY": 1540764.7496277161
  },
  "contribution_by_quadrant": {
    "INEFFICIENT": -6956.195966900916,
    "OVERSUPPLY": 63899.27305793958,
    "UNDERSUPPLY": 907164.7496277161
  }
}