{
  "depot": "HCU",
  "target_date": "2026-05-10",
  "predicted_depot_pkm": 1271986.75,
  "total_services": 138,
  "count_add_slot": 123,
  "count_cut": 0,
  "count_no_change": 15,
  "total_allocated_pkm": 1169032.9662689068,
  "quadrant_counts": {
    "UNDERSUPPLY": 128,
    "INEFFICIENT": 7,
    "OVERSUPPLY": 3
  },
  "quadrant_pcts": {
    "UNDERSUPPLY": 92.8,
    "INEFFICIENT": 5.1,
    "OVERSUPPLY": 2.2
  },
  "total_revenue": 1614205.512798782,
  "total_contribution": 906507.7627987817,
  "total_planned_kms": 28307.910000000003,
  "depot_avg_epk": 57.39162494142297,
  "depot_avg_or": 1.2196535440733374,
  "revenue_by_quadrant": {
    "INEFFICIENT": 12081.425685391925,
    "OVERSUPPLY": 25070.438066980332,
    "UNDERSUPPLY": 1577053.6490464094
  },
  "contribution_by_quadrant": {
    "INEFFICIENT": -19042.574314608075,
    "OVERSUPPLY": 5228.438066980331,
    "UNDERSUPPLY": 920321.8990464095
  }
}