{
  "depot": "MEHDIPATNAM",
  "target_date": "2026-05-10",
  "predicted_depot_pkm": 1788780.25,
  "total_services": 222,
  "count_add_slot": 152,
  "count_cut": 0,
  "count_no_change": 70,
  "total_allocated_pkm": 1723209.564166714,
  "quadrant_counts": {
    "UNDERSUPPLY": 180,
    "INEFFICIENT": 29,
    "OVERSUPPLY": 13
  },
  "quadrant_pcts": {
    "UNDERSUPPLY": 81.1,
    "INEFFICIENT": 13.1,
    "OVERSUPPLY": 5.9
  },
  "total_revenue": 2401441.8519330733,
  "total_contribution": 1333091.8519330735,
  "total_planned_kms": 42734.0,
  "depot_avg_epk": 58.90397458137501,
  "depot_avg_or": 0.9185908579352152,
  "revenue_by_quadrant": {
    "INEFFICIENT": 48651.74357472005,
    "OVERSUPPLY": 87623.35552687549,
    "UNDERSUPPLY": 2265166.752831478
  },
  "contribution_by_quadrant": {
    "INEFFICIENT": -111098.25642527995,
    "OVERSUPPLY": 33873.355526875486,
    "UNDERSUPPLY": 1410316.752831478
  }
}