{
  "depot": "NIZAMABAD-I",
  "target_date": "2026-05-10",
  "predicted_depot_pkm": 1724165.625,
  "total_services": 125,
  "count_add_slot": 22,
  "count_cut": 0,
  "count_no_change": 103,
  "total_allocated_pkm": 1464445.8154161244,
  "quadrant_counts": {
    "OVERSUPPLY": 61,
    "UNDERSUPPLY": 50,
    "INEFFICIENT": 14
  },
  "quadrant_pcts": {
    "OVERSUPPLY": 48.8,
    "UNDERSUPPLY": 40.0,
    "INEFFICIENT": 11.2
  },
  "total_revenue": 1961922.3511917049,
  "total_contribution": 974198.3711917048,
  "total_planned_kms": 51753.0,
  "depot_avg_epk": 40.34922785923154,
  "depot_avg_or": 0.619195027479472,
  "revenue_by_quadrant": {
    "INEFFICIENT": 0.0,
    "OVERSUPPLY": 959113.6357044224,
    "UNDERSUPPLY": 1002808.7154872825
  },
  "contribution_by_quadrant": {
    "INEFFICIENT": -153388.58000000002,
    "OVERSUPPLY": 487426.1357044223,
    "UNDERSUPPLY": 640160.8154872825
  }
}