{
  "depot": "KARIMNAGAR-I",
  "target_date": "2026-05-10",
  "predicted_depot_pkm": 1621271.0,
  "total_services": 108,
  "count_add_slot": 20,
  "count_cut": 7,
  "count_no_change": 81,
  "total_allocated_pkm": 1542754.5065879219,
  "quadrant_counts": {
    "UNDERSUPPLY": 60,
    "OVERSUPPLY": 39,
    "INEFFICIENT": 9
  },
  "quadrant_pcts": {
    "UNDERSUPPLY": 55.6,
    "OVERSUPPLY": 36.1,
    "INEFFICIENT": 8.3
  },
  "total_revenue": 1918538.278294033,
  "total_contribution": 781006.5182940329,
  "total_planned_kms": 47350.0,
  "depot_avg_epk": 42.64707727585495,
  "depot_avg_or": 0.6848583095815228,
  "revenue_by_quadrant": {
    "INEFFICIENT": 23508.854745050663,
    "OVERSUPPLY": 691127.79896775,
    "UNDERSUPPLY": 1203901.6245812322
  },
  "contribution_by_quadrant": {
    "INEFFICIENT": -98914.28525494933,
    "OVERSUPPLY": 301474.2789677501,
    "UNDERSUPPLY": 578446.5245812322
  }
}