{
  "depot": "SANGAREDDY",
  "target_date": "2026-05-10",
  "predicted_depot_pkm": 1552276.625,
  "total_services": 93,
  "count_add_slot": 22,
  "count_cut": 6,
  "count_no_change": 65,
  "total_allocated_pkm": 1336120.6166174083,
  "quadrant_counts": {
    "UNDERSUPPLY": 49,
    "OVERSUPPLY": 23,
    "INEFFICIENT": 21
  },
  "quadrant_pcts": {
    "UNDERSUPPLY": 52.7,
    "OVERSUPPLY": 24.7,
    "INEFFICIENT": 22.6
  },
  "total_revenue": 1595762.4749889693,
  "total_contribution": 653837.4749889693,
  "total_planned_kms": 37677.0,
  "depot_avg_epk": 42.02352175898642,
  "depot_avg_or": 0.6438984303198616,
  "revenue_by_quadrant": {
    "INEFFICIENT": 97050.69058495264,
    "OVERSUPPLY": 395870.9793968932,
    "UNDERSUPPLY": 1102840.8050071234
  },
  "contribution_by_quadrant": {
    "INEFFICIENT": -92249.30941504736,
    "OVERSUPPLY": 125795.97939689318,
    "UNDERSUPPLY": 620290.8050071234
  }
}