{
  "depot": "BHUPALAPALLAY",
  "target_date": "2026-03-21",
  "predicted_depot_pkm": 1276762.75,
  "total_services": 86,
  "count_add_slot": 9,
  "count_cut": 0,
  "count_no_change": 77,
  "total_allocated_pkm": 1238777.338772123,
  "quadrant_counts": {
    "OVERSUPPLY": 45,
    "UNDERSUPPLY": 33,
    "INEFFICIENT": 8
  },
  "quadrant_pcts": {
    "OVERSUPPLY": 52.3,
    "UNDERSUPPLY": 38.4,
    "INEFFICIENT": 9.3
  },
  "total_revenue": 1565999.6626321592,
  "total_contribution": 729283.2826321592,
  "total_planned_kms": 40068.0,
  "depot_avg_epk": 38.891405289946974,
  "depot_avg_or": 0.6172485502478646,
  "revenue_by_quadrant": {
    "INEFFICIENT": 26490.14600880649,
    "OVERSUPPLY": 733370.6531934461,
    "UNDERSUPPLY": 806138.8634299067
  },
  "contribution_by_quadrant": {
    "INEFFICIENT": -41710.15399119351,
    "OVERSUPPLY": 297582.13319344603,
    "UNDERSUPPLY": 473411.3034299066
  }
}