{
  "depot": "MAHABOOBABAD",
  "target_date": "2026-05-19",
  "predicted_depot_pkm": 1379196.875,
  "total_services": 76,
  "count_add_slot": 33,
  "count_cut": 3,
  "count_no_change": 40,
  "total_allocated_pkm": 1269634.6399024418,
  "quadrant_counts": {
    "UNDERSUPPLY": 55,
    "OVERSUPPLY": 16,
    "INEFFICIENT": 5
  },
  "quadrant_pcts": {
    "UNDERSUPPLY": 72.4,
    "OVERSUPPLY": 21.1,
    "INEFFICIENT": 6.6
  },
  "total_revenue": 1475021.164248011,
  "total_contribution": 916533.3742480113,
  "total_planned_kms": 31066.0,
  "depot_avg_epk": 46.860788624211125,
  "depot_avg_or": 0.7559142234555951,
  "revenue_by_quadrant": {
    "INEFFICIENT": 2479.9405693891595,
    "OVERSUPPLY": 222040.03197345432,
    "UNDERSUPPLY": 1250501.1917051678
  },
  "contribution_by_quadrant": {
    "INEFFICIENT": -31713.439430610837,
    "OVERSUPPLY": 101254.26197345433,
    "UNDERSUPPLY": 846992.5517051676
  }
}