{
  "depot": "MIRYALAGUDA",
  "target_date": "2026-05-19",
  "predicted_depot_pkm": 1638993.0,
  "total_services": 125,
  "count_add_slot": 12,
  "count_cut": 6,
  "count_no_change": 107,
  "total_allocated_pkm": 1240459.5048863105,
  "quadrant_counts": {
    "OVERSUPPLY": 76,
    "UNDERSUPPLY": 33,
    "INEFFICIENT": 16
  },
  "quadrant_pcts": {
    "OVERSUPPLY": 60.8,
    "UNDERSUPPLY": 26.4,
    "INEFFICIENT": 12.8
  },
  "total_revenue": 1645437.5229555208,
  "total_contribution": 565612.5229555204,
  "total_planned_kms": 43193.0,
  "depot_avg_epk": 37.58587007907567,
  "depot_avg_or": 0.5974552175134162,
  "revenue_by_quadrant": {
    "INEFFICIENT": 28494.59350971128,
    "OVERSUPPLY": 994552.1413240732,
    "UNDERSUPPLY": 622390.788121736
  },
  "contribution_by_quadrant": {
    "INEFFICIENT": -107930.40649028872,
    "OVERSUPPLY": 344702.1413240732,
    "UNDERSUPPLY": 328840.788121736
  }
}