{
  "depot": "NIZAMABAD-I",
  "target_date": "2026-05-19",
  "predicted_depot_pkm": 1782892.875,
  "total_services": 125,
  "count_add_slot": 18,
  "count_cut": 0,
  "count_no_change": 107,
  "total_allocated_pkm": 1455315.0751313681,
  "quadrant_counts": {
    "OVERSUPPLY": 59,
    "UNDERSUPPLY": 52,
    "INEFFICIENT": 14
  },
  "quadrant_pcts": {
    "OVERSUPPLY": 47.2,
    "UNDERSUPPLY": 41.6,
    "INEFFICIENT": 11.2
  },
  "total_revenue": 1969948.6745240781,
  "total_contribution": 982224.6945240782,
  "total_planned_kms": 51753.0,
  "depot_avg_epk": 40.49367076867852,
  "depot_avg_or": 0.6178180237059767,
  "revenue_by_quadrant": {
    "INEFFICIENT": 0.0,
    "OVERSUPPLY": 957514.5764192141,
    "UNDERSUPPLY": 1012434.0981048639
  },
  "contribution_by_quadrant": {
    "INEFFICIENT": -153388.58000000002,
    "OVERSUPPLY": 495242.4964192142,
    "UNDERSUPPLY": 640370.778104864
  }
}