{
  "depot": "FAROOQNAGAR",
  "target_date": "2026-05-19",
  "predicted_depot_pkm": 1151453.375,
  "total_services": 153,
  "count_add_slot": 103,
  "count_cut": 0,
  "count_no_change": 50,
  "total_allocated_pkm": 1072893.528337182,
  "quadrant_counts": {
    "UNDERSUPPLY": 117,
    "INEFFICIENT": 23,
    "OVERSUPPLY": 13
  },
  "quadrant_pcts": {
    "UNDERSUPPLY": 76.5,
    "INEFFICIENT": 15.0,
    "OVERSUPPLY": 8.5
  },
  "total_revenue": 1474944.953455193,
  "total_contribution": 834144.953455193,
  "total_planned_kms": 25632.0,
  "depot_avg_epk": 56.66294607669266,
  "depot_avg_or": 0.8998497617566785,
  "revenue_by_quadrant": {
    "INEFFICIENT": 17210.76375773502,
    "OVERSUPPLY": 65658.0437207194,
    "UNDERSUPPLY": 1392076.1459767385
  },
  "contribution_by_quadrant": {
    "INEFFICIENT": -79814.23624226497,
    "OVERSUPPLY": 20958.04372071941,
    "UNDERSUPPLY": 893001.1459767384
  }
}