{
  "depot": "KAMAREDDY",
  "target_date": "2026-05-19",
  "predicted_depot_pkm": 2005175.875,
  "total_services": 122,
  "count_add_slot": 26,
  "count_cut": 0,
  "count_no_change": 96,
  "total_allocated_pkm": 1910898.8629774712,
  "quadrant_counts": {
    "UNDERSUPPLY": 58,
    "OVERSUPPLY": 57,
    "INEFFICIENT": 7
  },
  "quadrant_pcts": {
    "UNDERSUPPLY": 47.5,
    "OVERSUPPLY": 46.7,
    "INEFFICIENT": 5.7
  },
  "total_revenue": 2275337.909675045,
  "total_contribution": 1003787.9096750446,
  "total_planned_kms": 50862.0,
  "depot_avg_epk": 45.0136459057112,
  "depot_avg_or": 0.7084397433638685,
  "revenue_by_quadrant": {
    "INEFFICIENT": 53921.18345677765,
    "OVERSUPPLY": 946321.5277919815,
    "UNDERSUPPLY": 1275095.1984262855
  },
  "contribution_by_quadrant": {
    "INEFFICIENT": -14728.816543222347,
    "OVERSUPPLY": 331171.52779198147,
    "UNDERSUPPLY": 687345.1984262854
  }
}