{
  "depot": "FALAKNUMA",
  "target_date": "2026-05-19",
  "predicted_depot_pkm": 1541514.625,
  "total_services": 148,
  "count_add_slot": 113,
  "count_cut": 0,
  "count_no_change": 35,
  "total_allocated_pkm": 1412087.9842504286,
  "quadrant_counts": {
    "UNDERSUPPLY": 116,
    "INEFFICIENT": 29,
    "OVERSUPPLY": 3
  },
  "quadrant_pcts": {
    "UNDERSUPPLY": 78.4,
    "INEFFICIENT": 19.6,
    "OVERSUPPLY": 2.0
  },
  "total_revenue": 1879402.0121468017,
  "total_contribution": 1179252.0121468017,
  "total_planned_kms": 28006.0,
  "depot_avg_epk": 64.32822706948113,
  "depot_avg_or": 1.0474044404216554,
  "revenue_by_quadrant": {
    "INEFFICIENT": 2922.3357239881057,
    "OVERSUPPLY": 14491.613299839744,
    "UNDERSUPPLY": 1861988.0631229738
  },
  "contribution_by_quadrant": {
    "INEFFICIENT": -100502.6642760119,
    "OVERSUPPLY": 4091.613299839745,
    "UNDERSUPPLY": 1275663.0631229738
  }
}