{
  "depot": "BANDLAGUDA",
  "target_date": "2026-05-19",
  "predicted_depot_pkm": 1421679.25,
  "total_services": 148,
  "count_add_slot": 130,
  "count_cut": 0,
  "count_no_change": 18,
  "total_allocated_pkm": 1352091.7675008345,
  "quadrant_counts": {
    "UNDERSUPPLY": 137,
    "OVERSUPPLY": 6,
    "INEFFICIENT": 5
  },
  "quadrant_pcts": {
    "UNDERSUPPLY": 92.6,
    "OVERSUPPLY": 4.1,
    "INEFFICIENT": 3.4
  },
  "total_revenue": 1840439.7787598702,
  "total_contribution": 1190074.7787598702,
  "total_planned_kms": 26014.6,
  "depot_avg_epk": 72.66787555933294,
  "depot_avg_or": 1.1600731241981488,
  "revenue_by_quadrant": {
    "INEFFICIENT": 0.0,
    "OVERSUPPLY": 31451.743469946243,
    "UNDERSUPPLY": 1808988.035289924
  },
  "contribution_by_quadrant": {
    "INEFFICIENT": -41000.0,
    "OVERSUPPLY": 11451.743469946243,
    "UNDERSUPPLY": 1219623.035289924
  }
}