{
  "depot": "KACHEGUDA",
  "target_date": "2026-05-19",
  "predicted_depot_pkm": 1554233.0,
  "total_services": 177,
  "count_add_slot": 127,
  "count_cut": 0,
  "count_no_change": 50,
  "total_allocated_pkm": 1433035.3062040955,
  "quadrant_counts": {
    "UNDERSUPPLY": 133,
    "INEFFICIENT": 39,
    "OVERSUPPLY": 5
  },
  "quadrant_pcts": {
    "UNDERSUPPLY": 75.1,
    "INEFFICIENT": 22.0,
    "OVERSUPPLY": 2.8
  },
  "total_revenue": 1925469.8254931197,
  "total_contribution": 1141469.8254931197,
  "total_planned_kms": 31360.0,
  "depot_avg_epk": 65.59312428457487,
  "depot_avg_or": 1.0714273804353023,
  "revenue_by_quadrant": {
    "INEFFICIENT": 5012.115413733841,
    "OVERSUPPLY": 21114.12991066753,
    "UNDERSUPPLY": 1899343.5801687182
  },
  "contribution_by_quadrant": {
    "INEFFICIENT": -199862.88458626615,
    "OVERSUPPLY": 3914.129910667531,
    "UNDERSUPPLY": 1337418.5801687182
  }
}