{
  "depot": "HAYATHNAGAR-II",
  "target_date": "2026-05-19",
  "predicted_depot_pkm": 1290438.25,
  "total_services": 169,
  "count_add_slot": 153,
  "count_cut": 0,
  "count_no_change": 16,
  "total_allocated_pkm": 1203082.8167493825,
  "quadrant_counts": {
    "UNDERSUPPLY": 154,
    "OVERSUPPLY": 11,
    "INEFFICIENT": 4
  },
  "quadrant_pcts": {
    "UNDERSUPPLY": 91.1,
    "OVERSUPPLY": 6.5,
    "INEFFICIENT": 2.4
  },
  "total_revenue": 1888839.798854993,
  "total_contribution": 1221047.298854993,
  "total_planned_kms": 26711.699999999997,
  "depot_avg_epk": 71.44690088267924,
  "depot_avg_or": 1.3002166116916059,
  "revenue_by_quadrant": {
    "INEFFICIENT": 24436.609956796565,
    "OVERSUPPLY": 53269.02471547936,
    "UNDERSUPPLY": 1811134.164182717
  },
  "contribution_by_quadrant": {
    "INEFFICIENT": -971.1400432034361,
    "OVERSUPPLY": 11024.774715479361,
    "UNDERSUPPLY": 1210993.664182717
  }
}