{
  "depot": "VEMULAWADA",
  "target_date": "2026-05-19",
  "predicted_depot_pkm": 1342203.375,
  "total_services": 74,
  "count_add_slot": 28,
  "count_cut": 0,
  "count_no_change": 46,
  "total_allocated_pkm": 1242620.1188354834,
  "quadrant_counts": {
    "UNDERSUPPLY": 50,
    "OVERSUPPLY": 20,
    "INEFFICIENT": 4
  },
  "quadrant_pcts": {
    "UNDERSUPPLY": 67.6,
    "OVERSUPPLY": 27.0,
    "INEFFICIENT": 5.4
  },
  "total_revenue": 1538013.2015399884,
  "total_contribution": 710213.2015399885,
  "total_planned_kms": 33112.0,
  "depot_avg_epk": 46.410281199847994,
  "depot_avg_or": 0.7728435165326081,
  "revenue_by_quadrant": {
    "INEFFICIENT": 18979.07154191647,
    "OVERSUPPLY": 334104.52081891237,
    "UNDERSUPPLY": 1184929.6091791596
  },
  "contribution_by_quadrant": {
    "INEFFICIENT": -20120.92845808353,
    "OVERSUPPLY": 104754.5208189124,
    "UNDERSUPPLY": 625579.6091791597
  }
}