{
  "depot": "WARANGAL-II",
  "target_date": "2026-05-19",
  "predicted_depot_pkm": 2546663.25,
  "total_services": 158,
  "count_add_slot": 30,
  "count_cut": 1,
  "count_no_change": 127,
  "total_allocated_pkm": 2521139.7691715043,
  "quadrant_counts": {
    "UNDERSUPPLY": 77,
    "INEFFICIENT": 46,
    "OVERSUPPLY": 28,
    "SOCIAL_OBLIGATION": 7
  },
  "quadrant_pcts": {
    "UNDERSUPPLY": 48.7,
    "INEFFICIENT": 29.1,
    "OVERSUPPLY": 17.7,
    "SOCIAL_OBLIGATION": 4.4
  },
  "total_revenue": 3309345.272845879,
  "total_contribution": 385914.3128458791,
  "total_planned_kms": 75132.0,
  "depot_avg_epk": 44.31907632432648,
  "depot_avg_or": 0.6898163982737398,
  "revenue_by_quadrant": {
    "INEFFICIENT": 632562.4164913867,
    "OVERSUPPLY": 536292.5271848036,
    "SOCIAL_OBLIGATION": 143732.19491592018,
    "UNDERSUPPLY": 1996758.1342537685
  },
  "contribution_by_quadrant": {
    "INEFFICIENT": -290289.22350861324,
    "OVERSUPPLY": 61095.66718480363,
    "SOCIAL_OBLIGATION": -4483.005084079803,
    "UNDERSUPPLY": 619590.8742537685
  }
}