{
  "depot": "GODAVARIKHANI",
  "target_date": "2026-05-19",
  "predicted_depot_pkm": 2086287.25,
  "total_services": 120,
  "count_add_slot": 29,
  "count_cut": 0,
  "count_no_change": 91,
  "total_allocated_pkm": 1833808.0480609697,
  "quadrant_counts": {
    "UNDERSUPPLY": 64,
    "OVERSUPPLY": 47,
    "INEFFICIENT": 9
  },
  "quadrant_pcts": {
    "UNDERSUPPLY": 53.3,
    "OVERSUPPLY": 39.2,
    "INEFFICIENT": 7.5
  },
  "total_revenue": 2348876.3344888887,
  "total_contribution": 1017376.3344888887,
  "total_planned_kms": 53260.0,
  "depot_avg_epk": 45.213036820045744,
  "depot_avg_or": 0.7139706775051476,
  "revenue_by_quadrant": {
    "INEFFICIENT": 50254.91517266231,
    "OVERSUPPLY": 870501.1052342441,
    "UNDERSUPPLY": 1428120.3140819822
  },
  "contribution_by_quadrant": {
    "INEFFICIENT": -69445.08482733769,
    "OVERSUPPLY": 313151.1052342442,
    "UNDERSUPPLY": 773670.3140819824
  }
}