{
  "depot": "BHEL",
  "target_date": "2026-05-19",
  "predicted_depot_pkm": 1233615.125,
  "total_services": 78,
  "count_add_slot": 0,
  "count_cut": 0,
  "count_no_change": 78,
  "total_allocated_pkm": 1082252.3951065612,
  "quadrant_counts": {
    "OVERSUPPLY": 63,
    "INEFFICIENT": 8,
    "UNDERSUPPLY": 7
  },
  "quadrant_pcts": {
    "OVERSUPPLY": 80.8,
    "INEFFICIENT": 10.3,
    "UNDERSUPPLY": 9.0
  },
  "total_revenue": 2267635.8482340663,
  "total_contribution": 846860.8482340665,
  "total_planned_kms": 56831.0,
  "depot_avg_epk": 38.68242817899881,
  "depot_avg_or": 0.5268027844968883,
  "revenue_by_quadrant": {
    "INEFFICIENT": 40213.68888907383,
    "OVERSUPPLY": 1969796.0883052377,
    "UNDERSUPPLY": 257626.07103975478
  },
  "contribution_by_quadrant": {
    "INEFFICIENT": -89661.31111092617,
    "OVERSUPPLY": 797796.0883052378,
    "UNDERSUPPLY": 138726.07103975478
  }
}