{
  "depot": "NIZAMABAD-II",
  "target_date": "2026-05-19",
  "predicted_depot_pkm": 1622173.25,
  "total_services": 116,
  "count_add_slot": 37,
  "count_cut": 0,
  "count_no_change": 79,
  "total_allocated_pkm": 1622173.2500000002,
  "quadrant_counts": {
    "UNDERSUPPLY": 66,
    "OVERSUPPLY": 45,
    "INEFFICIENT": 5
  },
  "quadrant_pcts": {
    "UNDERSUPPLY": 56.9,
    "OVERSUPPLY": 38.8,
    "INEFFICIENT": 4.3
  },
  "total_revenue": 2192658.688918447,
  "total_contribution": 1124458.6889184476,
  "total_planned_kms": 42728.0,
  "depot_avg_epk": 51.5918007133729,
  "depot_avg_or": 0.7309585186124806,
  "revenue_by_quadrant": {
    "INEFFICIENT": 13087.408656401574,
    "OVERSUPPLY": 689554.0564204385,
    "UNDERSUPPLY": 1490017.2238416073
  },
  "contribution_by_quadrant": {
    "INEFFICIENT": -20662.591343598426,
    "OVERSUPPLY": 264404.0564204384,
    "UNDERSUPPLY": 880717.2238416073
  }
}