{
  "depot": "KOSGI",
  "target_date": "2026-05-19",
  "predicted_depot_pkm": 374556.96875,
  "total_services": 25,
  "count_add_slot": 3,
  "count_cut": 0,
  "count_no_change": 22,
  "total_allocated_pkm": 345825.45100217866,
  "quadrant_counts": {
    "OVERSUPPLY": 13,
    "UNDERSUPPLY": 10,
    "INEFFICIENT": 2
  },
  "quadrant_pcts": {
    "OVERSUPPLY": 52.0,
    "UNDERSUPPLY": 40.0,
    "INEFFICIENT": 8.0
  },
  "total_revenue": 392921.7535439153,
  "total_contribution": 150021.7535439153,
  "total_planned_kms": 9716.0,
  "depot_avg_epk": 39.332018706938904,
  "depot_avg_or": 0.6531719293623065,
  "revenue_by_quadrant": {
    "INEFFICIENT": 12855.362736565232,
    "OVERSUPPLY": 163476.7954033794,
    "UNDERSUPPLY": 216589.59540397068
  },
  "contribution_by_quadrant": {
    "INEFFICIENT": -3994.637263434768,
    "OVERSUPPLY": 42976.7954033794,
    "UNDERSUPPLY": 111039.59540397068
  }
}