{
  "depot": "RANIGUNJ-I",
  "target_date": "2026-05-19",
  "predicted_depot_pkm": 1670098.25,
  "total_services": 222,
  "count_add_slot": 174,
  "count_cut": 0,
  "count_no_change": 48,
  "total_allocated_pkm": 1553498.4688801714,
  "quadrant_counts": {
    "UNDERSUPPLY": 197,
    "OVERSUPPLY": 23,
    "INEFFICIENT": 2
  },
  "quadrant_pcts": {
    "UNDERSUPPLY": 88.7,
    "OVERSUPPLY": 10.4,
    "INEFFICIENT": 0.9
  },
  "total_revenue": 2278211.219033063,
  "total_contribution": 1389049.2190330632,
  "total_planned_kms": 35566.479999999996,
  "depot_avg_epk": 65.04843944224136,
  "depot_avg_or": 1.1096718848088984,
  "revenue_by_quadrant": {
    "INEFFICIENT": 3026.7866290975753,
    "OVERSUPPLY": 163428.48828147523,
    "UNDERSUPPLY": 2111755.9441224905
  },
  "contribution_by_quadrant": {
    "INEFFICIENT": -6173.213370902425,
    "OVERSUPPLY": 53403.48828147524,
    "UNDERSUPPLY": 1341818.9441224902
  }
}