{
  "depot": "DILSHUKNAGAR",
  "target_date": "2026-05-19",
  "predicted_depot_pkm": 1350593.25,
  "total_services": 149,
  "count_add_slot": 94,
  "count_cut": 0,
  "count_no_change": 55,
  "total_allocated_pkm": 1218519.6820833574,
  "quadrant_counts": {
    "UNDERSUPPLY": 109,
    "INEFFICIENT": 32,
    "OVERSUPPLY": 8
  },
  "quadrant_pcts": {
    "UNDERSUPPLY": 73.2,
    "INEFFICIENT": 21.5,
    "OVERSUPPLY": 5.4
  },
  "total_revenue": 1634934.116939233,
  "total_contribution": 823952.1169392329,
  "total_planned_kms": 32439.28,
  "depot_avg_epk": 51.77755004800398,
  "depot_avg_or": 0.8362315383670995,
  "revenue_by_quadrant": {
    "INEFFICIENT": 7033.8519028038645,
    "OVERSUPPLY": 42238.0449888775,
    "UNDERSUPPLY": 1585662.2200475514
  },
  "contribution_by_quadrant": {
    "INEFFICIENT": -183741.14809719613,
    "OVERSUPPLY": 13388.044988877498,
    "UNDERSUPPLY": 994305.2200475516
  }
}