{
  "depot": "KUSHAIGUDA",
  "target_date": "2026-05-19",
  "predicted_depot_pkm": 1749740.375,
  "total_services": 226,
  "count_add_slot": 56,
  "count_cut": 0,
  "count_no_change": 170,
  "total_allocated_pkm": 1465600.8099529431,
  "quadrant_counts": {
    "UNDERSUPPLY": 115,
    "OVERSUPPLY": 92,
    "INEFFICIENT": 19
  },
  "quadrant_pcts": {
    "UNDERSUPPLY": 50.9,
    "OVERSUPPLY": 40.7,
    "INEFFICIENT": 8.4
  },
  "total_revenue": 2023133.4805729378,
  "total_contribution": 979233.4805729379,
  "total_planned_kms": 41756.0,
  "depot_avg_epk": 52.68276933822752,
  "depot_avg_or": 0.7307548312452717,
  "revenue_by_quadrant": {
    "INEFFICIENT": 18028.653320551704,
    "OVERSUPPLY": 779602.4889852589,
    "UNDERSUPPLY": 1225502.3382671273
  },
  "contribution_by_quadrant": {
    "INEFFICIENT": -102446.3466794483,
    "OVERSUPPLY": 323277.4889852588,
    "UNDERSUPPLY": 758402.3382671274
  }
}