{
  "depot": "NIZAMABAD-I",
  "target_date": "2026-03-04",
  "predicted_depot_pkm": 1816459.625,
  "total_services": 125,
  "count_add_slot": 12,
  "count_cut": 0,
  "count_no_change": 113,
  "total_allocated_pkm": 1453589.2533027388,
  "quadrant_counts": {
    "OVERSUPPLY": 68,
    "UNDERSUPPLY": 50,
    "INEFFICIENT": 7
  },
  "quadrant_pcts": {
    "OVERSUPPLY": 54.4,
    "UNDERSUPPLY": 40.0,
    "INEFFICIENT": 5.6
  },
  "total_revenue": 1911834.8436753105,
  "total_contribution": 924110.8636753106,
  "total_planned_kms": 51753.0,
  "depot_avg_epk": 38.589959955199326,
  "depot_avg_or": 0.5984574566905069,
  "revenue_by_quadrant": {
    "INEFFICIENT": 18667.95243549218,
    "OVERSUPPLY": 943507.6494366031,
    "UNDERSUPPLY": 949659.2418032155
  },
  "contribution_by_quadrant": {
    "INEFFICIENT": -58956.38756450782,
    "OVERSUPPLY": 390719.329436603,
    "UNDERSUPPLY": 592347.9218032155
  }
}