{
  "depot": "WARANGAL-I",
  "target_date": "2026-03-04",
  "predicted_depot_pkm": 2020190.75,
  "total_services": 132,
  "count_add_slot": 0,
  "count_cut": 1,
  "count_no_change": 131,
  "total_allocated_pkm": 1268044.543645101,
  "quadrant_counts": {
    "OVERSUPPLY": 102,
    "INEFFICIENT": 29,
    "UNDERSUPPLY": 1
  },
  "quadrant_pcts": {
    "OVERSUPPLY": 77.3,
    "INEFFICIENT": 22.0,
    "UNDERSUPPLY": 0.8
  },
  "total_revenue": 1823580.8179056952,
  "total_contribution": 280550.23790569504,
  "total_planned_kms": 68078.0,
  "depot_avg_epk": 28.099516649121224,
  "depot_avg_or": 0.4372212397574437,
  "revenue_by_quadrant": {
    "INEFFICIENT": 370905.52369838045,
    "OVERSUPPLY": 1436169.5771474096,
    "UNDERSUPPLY": 16505.71705990492
  },
  "contribution_by_quadrant": {
    "INEFFICIENT": -54145.03630161956,
    "OVERSUPPLY": 324592.75714740966,
    "UNDERSUPPLY": 10102.51705990492
  }
}