{
  "depot": "ARMOOR",
  "target_date": "2026-05-25",
  "predicted_depot_pkm": 1750256.0,
  "total_services": 90,
  "count_add_slot": 40,
  "count_cut": 2,
  "count_no_change": 48,
  "total_allocated_pkm": 1432437.5302196501,
  "quadrant_counts": {
    "UNDERSUPPLY": 61,
    "OVERSUPPLY": 21,
    "INEFFICIENT": 8
  },
  "quadrant_pcts": {
    "UNDERSUPPLY": 67.8,
    "OVERSUPPLY": 23.3,
    "INEFFICIENT": 8.9
  },
  "total_revenue": 1800393.2290351463,
  "total_contribution": 1119424.029035146,
  "total_planned_kms": 36987.0,
  "depot_avg_epk": 48.95461592966589,
  "depot_avg_or": 0.7923076029775309,
  "revenue_by_quadrant": {
    "INEFFICIENT": 2662.0809451824157,
    "OVERSUPPLY": 263936.3661360744,
    "UNDERSUPPLY": 1533794.7819538894
  },
  "contribution_by_quadrant": {
    "INEFFICIENT": -57341.819054817584,
    "OVERSUPPLY": 115137.70613607444,
    "UNDERSUPPLY": 1061628.1419538893
  }
}