{
  "depot": "NAGARKURNOOL",
  "target_date": "2026-05-25",
  "predicted_depot_pkm": 1810068.75,
  "total_services": 79,
  "count_add_slot": 61,
  "count_cut": 0,
  "count_no_change": 18,
  "total_allocated_pkm": 1712468.6689807714,
  "quadrant_counts": {
    "UNDERSUPPLY": 70,
    "OVERSUPPLY": 6,
    "INEFFICIENT": 3
  },
  "quadrant_pcts": {
    "UNDERSUPPLY": 88.6,
    "OVERSUPPLY": 7.6,
    "INEFFICIENT": 3.8
  },
  "total_revenue": 1958872.684901486,
  "total_contribution": 1125472.6849014862,
  "total_planned_kms": 33336.0,
  "depot_avg_epk": 58.54071842206827,
  "depot_avg_or": 0.9785917047502416,
  "revenue_by_quadrant": {
    "INEFFICIENT": 13050.369439525399,
    "OVERSUPPLY": 69726.1305148644,
    "UNDERSUPPLY": 1876096.1849470965
  },
  "contribution_by_quadrant": {
    "INEFFICIENT": -11299.630560474601,
    "OVERSUPPLY": 20651.130514864395,
    "UNDERSUPPLY": 1116121.1849470965
  }
}