{
  "depot": "HAKIMPET",
  "target_date": "2026-05-25",
  "predicted_depot_pkm": 1387620.25,
  "total_services": 152,
  "count_add_slot": 119,
  "count_cut": 0,
  "count_no_change": 33,
  "total_allocated_pkm": 1308928.2849804542,
  "quadrant_counts": {
    "UNDERSUPPLY": 147,
    "OVERSUPPLY": 5
  },
  "quadrant_pcts": {
    "UNDERSUPPLY": 96.7,
    "OVERSUPPLY": 3.3
  },
  "total_revenue": 1764490.664120905,
  "total_contribution": 943139.3078209052,
  "total_planned_kms": 31321.69,
  "depot_avg_epk": 57.12853886790998,
  "depot_avg_or": 0.9809064173977973,
  "revenue_by_quadrant": {
    "OVERSUPPLY": 35253.6837140068,
    "UNDERSUPPLY": 1729236.9804068983
  },
  "contribution_by_quadrant": {
    "OVERSUPPLY": 10466.703714006802,
    "UNDERSUPPLY": 932672.6041068984
  }
}