{
  "depot": "DILSHUKNAGAR",
  "target_date": "2026-05-25",
  "predicted_depot_pkm": 1527484.5,
  "total_services": 149,
  "count_add_slot": 107,
  "count_cut": 0,
  "count_no_change": 42,
  "total_allocated_pkm": 1382825.822443809,
  "quadrant_counts": {
    "UNDERSUPPLY": 114,
    "INEFFICIENT": 30,
    "OVERSUPPLY": 5
  },
  "quadrant_pcts": {
    "UNDERSUPPLY": 76.5,
    "INEFFICIENT": 20.1,
    "OVERSUPPLY": 3.4
  },
  "total_revenue": 1855848.1587953323,
  "total_contribution": 1044866.1587953323,
  "total_planned_kms": 32439.28,
  "depot_avg_epk": 58.94403616028911,
  "depot_avg_or": 0.9517414995860687,
  "revenue_by_quadrant": {
    "INEFFICIENT": 2655.3238091966123,
    "OVERSUPPLY": 22515.981657309116,
    "UNDERSUPPLY": 1830676.8533288266
  },
  "contribution_by_quadrant": {
    "INEFFICIENT": -181119.67619080338,
    "OVERSUPPLY": 4815.981657309114,
    "UNDERSUPPLY": 1221169.8533288266
  }
}