{
  "depot": "PICKET",
  "target_date": "2026-05-25",
  "predicted_depot_pkm": 1555420.125,
  "total_services": 75,
  "count_add_slot": 53,
  "count_cut": 0,
  "count_no_change": 22,
  "total_allocated_pkm": 1451130.2592050687,
  "quadrant_counts": {
    "UNDERSUPPLY": 67,
    "OVERSUPPLY": 7,
    "INEFFICIENT": 1
  },
  "quadrant_pcts": {
    "UNDERSUPPLY": 89.3,
    "OVERSUPPLY": 9.3,
    "INEFFICIENT": 1.3
  },
  "total_revenue": 2411277.3994031553,
  "total_contribution": 1399502.399403155,
  "total_planned_kms": 40471.0,
  "depot_avg_epk": 62.135280280130814,
  "depot_avg_or": 0.9493314864758605,
  "revenue_by_quadrant": {
    "INEFFICIENT": 0.0,
    "OVERSUPPLY": 209906.5893914999,
    "UNDERSUPPLY": 2201370.810011655
  },
  "contribution_by_quadrant": {
    "INEFFICIENT": -14150.0,
    "OVERSUPPLY": 86406.58939149989,
    "UNDERSUPPLY": 1327245.810011655
  }
}