{
  "depot": "FALAKNUMA",
  "target_date": "2026-05-25",
  "predicted_depot_pkm": 1718208.375,
  "total_services": 148,
  "count_add_slot": 117,
  "count_cut": 0,
  "count_no_change": 31,
  "total_allocated_pkm": 1582780.8281715028,
  "quadrant_counts": {
    "UNDERSUPPLY": 119,
    "INEFFICIENT": 29
  },
  "quadrant_pcts": {
    "UNDERSUPPLY": 80.4,
    "INEFFICIENT": 19.6
  },
  "total_revenue": 2107693.188144884,
  "total_contribution": 1407543.1881448843,
  "total_planned_kms": 28006.0,
  "depot_avg_epk": 72.37334477145319,
  "depot_avg_or": 1.1776706525858673,
  "revenue_by_quadrant": {
    "INEFFICIENT": 3659.21362169616,
    "UNDERSUPPLY": 2104033.974523188
  },
  "contribution_by_quadrant": {
    "INEFFICIENT": -99765.78637830383,
    "UNDERSUPPLY": 1507308.974523188
  }
}