{
  "depot": "WARANGAL-II",
  "target_date": "2026-05-25",
  "predicted_depot_pkm": 2754792.25,
  "total_services": 158,
  "count_add_slot": 55,
  "count_cut": 1,
  "count_no_change": 102,
  "total_allocated_pkm": 2696046.9389891126,
  "quadrant_counts": {
    "UNDERSUPPLY": 97,
    "INEFFICIENT": 47,
    "OVERSUPPLY": 11,
    "SOCIAL_OBLIGATION": 3
  },
  "quadrant_pcts": {
    "UNDERSUPPLY": 61.4,
    "INEFFICIENT": 29.7,
    "OVERSUPPLY": 7.0,
    "SOCIAL_OBLIGATION": 1.9
  },
  "total_revenue": 3526011.0734829763,
  "total_contribution": 602580.1134829766,
  "total_planned_kms": 75132.0,
  "depot_avg_epk": 47.295720164094895,
  "depot_avg_or": 0.7321930403743162,
  "revenue_by_quadrant": {
    "INEFFICIENT": 647711.0049112252,
    "OVERSUPPLY": 154478.3081123856,
    "SOCIAL_OBLIGATION": 60704.954798698425,
    "UNDERSUPPLY": 2663116.8056606674
  },
  "contribution_by_quadrant": {
    "INEFFICIENT": -332745.27508877474,
    "OVERSUPPLY": 14244.14811238559,
    "SOCIAL_OBLIGATION": -2815.8452013015703,
    "UNDERSUPPLY": 923897.0856606673
  }
}