{
  "depot": "DEVARAKONDA",
  "target_date": "2026-05-25",
  "predicted_depot_pkm": 2292200.5,
  "total_services": 100,
  "count_add_slot": 58,
  "count_cut": 0,
  "count_no_change": 42,
  "total_allocated_pkm": 2095481.6239096017,
  "quadrant_counts": {
    "UNDERSUPPLY": 82,
    "OVERSUPPLY": 14,
    "INEFFICIENT": 4
  },
  "quadrant_pcts": {
    "UNDERSUPPLY": 82.0,
    "OVERSUPPLY": 14.0,
    "INEFFICIENT": 4.0
  },
  "total_revenue": 2567353.136253792,
  "total_contribution": 1434728.1362537919,
  "total_planned_kms": 45305.0,
  "depot_avg_epk": 58.08077192454442,
  "depot_avg_or": 0.8644976521109734,
  "revenue_by_quadrant": {
    "INEFFICIENT": 52097.773265709955,
    "OVERSUPPLY": 213576.4661677376,
    "UNDERSUPPLY": 2301678.8968203445
  },
  "contribution_by_quadrant": {
    "INEFFICIENT": -34702.226734290045,
    "OVERSUPPLY": 79251.46616773763,
    "UNDERSUPPLY": 1390178.8968203443
  }
}