{
  "depot": "MIYAPUR-II",
  "target_date": "2026-05-25",
  "predicted_depot_pkm": 1412871.5,
  "total_services": 176,
  "count_add_slot": 106,
  "count_cut": 0,
  "count_no_change": 70,
  "total_allocated_pkm": 1271206.3726316704,
  "quadrant_counts": {
    "UNDERSUPPLY": 117,
    "INEFFICIENT": 41,
    "OVERSUPPLY": 18
  },
  "quadrant_pcts": {
    "UNDERSUPPLY": 66.5,
    "INEFFICIENT": 23.3,
    "OVERSUPPLY": 10.2
  },
  "total_revenue": 2250096.487795865,
  "total_contribution": 1555823.4877958647,
  "total_planned_kms": 27770.92,
  "depot_avg_epk": 78.32902225072952,
  "depot_avg_or": 1.2854462220821026,
  "revenue_by_quadrant": {
    "INEFFICIENT": 8319.895589452653,
    "OVERSUPPLY": 184280.11878313232,
    "UNDERSUPPLY": 2057496.4734232798
  },
  "contribution_by_quadrant": {
    "INEFFICIENT": -123683.10441054734,
    "OVERSUPPLY": 97107.6187831323,
    "UNDERSUPPLY": 1582398.9734232798
  }
}