{
  "depot": "KOSGI",
  "target_date": "2026-05-25",
  "predicted_depot_pkm": 367345.15625,
  "total_services": 25,
  "count_add_slot": 2,
  "count_cut": 0,
  "count_no_change": 23,
  "total_allocated_pkm": 347816.6550189243,
  "quadrant_counts": {
    "UNDERSUPPLY": 12,
    "OVERSUPPLY": 11,
    "INEFFICIENT": 2
  },
  "quadrant_pcts": {
    "UNDERSUPPLY": 48.0,
    "OVERSUPPLY": 44.0,
    "INEFFICIENT": 8.0
  },
  "total_revenue": 394802.4525422002,
  "total_contribution": 151902.4525422002,
  "total_planned_kms": 9716.0,
  "depot_avg_epk": 39.63812167377097,
  "depot_avg_or": 0.6586544759066748,
  "revenue_by_quadrant": {
    "INEFFICIENT": 14395.84687745333,
    "OVERSUPPLY": 143852.33356538118,
    "UNDERSUPPLY": 236554.27209936565
  },
  "contribution_by_quadrant": {
    "INEFFICIENT": -2454.1531225466697,
    "OVERSUPPLY": 41502.333565381196,
    "UNDERSUPPLY": 112854.27209936565
  }
}