{
  "depot": "NIZAMABAD-II",
  "target_date": "2026-05-25",
  "predicted_depot_pkm": 1820011.75,
  "total_services": 116,
  "count_add_slot": 62,
  "count_cut": 0,
  "count_no_change": 54,
  "total_allocated_pkm": 1820011.75,
  "quadrant_counts": {
    "UNDERSUPPLY": 77,
    "OVERSUPPLY": 35,
    "INEFFICIENT": 4
  },
  "quadrant_pcts": {
    "UNDERSUPPLY": 66.4,
    "OVERSUPPLY": 30.2,
    "INEFFICIENT": 3.4
  },
  "total_revenue": 2454150.197403373,
  "total_contribution": 1385950.1974033734,
  "total_planned_kms": 42728.0,
  "depot_avg_epk": 57.64793867662561,
  "depot_avg_or": 0.8164669957023442,
  "revenue_by_quadrant": {
    "INEFFICIENT": 14771.164995163177,
    "OVERSUPPLY": 522498.8417831004,
    "UNDERSUPPLY": 1916880.1906251097
  },
  "contribution_by_quadrant": {
    "INEFFICIENT": -12378.835004836823,
    "OVERSUPPLY": 199398.84178310042,
    "UNDERSUPPLY": 1198930.1906251097
  }
}