{
  "depot": "NARSAPUR",
  "target_date": "2026-05-25",
  "predicted_depot_pkm": 755804.125,
  "total_services": 35,
  "count_add_slot": 22,
  "count_cut": 2,
  "count_no_change": 11,
  "total_allocated_pkm": 654356.7145358458,
  "quadrant_counts": {
    "UNDERSUPPLY": 26,
    "INEFFICIENT": 9
  },
  "quadrant_pcts": {
    "UNDERSUPPLY": 74.3,
    "INEFFICIENT": 25.7
  },
  "total_revenue": 736716.6738557055,
  "total_contribution": 403366.67385570554,
  "total_planned_kms": 13334.0,
  "depot_avg_epk": 52.95655149039778,
  "depot_avg_or": 0.8320522338126024,
  "revenue_by_quadrant": {
    "INEFFICIENT": 19278.431604205463,
    "UNDERSUPPLY": 717438.2422515
  },
  "contribution_by_quadrant": {
    "INEFFICIENT": -55046.56839579454,
    "UNDERSUPPLY": 458413.2422515
  }
}