{
  "depot": "BHAINSA",
  "target_date": "2026-05-25",
  "predicted_depot_pkm": 1546707.75,
  "total_services": 73,
  "count_add_slot": 55,
  "count_cut": 0,
  "count_no_change": 18,
  "total_allocated_pkm": 1479956.4705092607,
  "quadrant_counts": {
    "UNDERSUPPLY": 63,
    "INEFFICIENT": 6,
    "OVERSUPPLY": 4
  },
  "quadrant_pcts": {
    "UNDERSUPPLY": 86.3,
    "INEFFICIENT": 8.2,
    "OVERSUPPLY": 5.5
  },
  "total_revenue": 1657828.907510445,
  "total_contribution": 928328.9075104449,
  "total_planned_kms": 29180.0,
  "depot_avg_epk": 56.52729582599785,
  "depot_avg_or": 0.9467639121069931,
  "revenue_by_quadrant": {
    "INEFFICIENT": 13598.110520963144,
    "OVERSUPPLY": 51261.267223441806,
    "UNDERSUPPLY": 1592969.52976604
  },
  "contribution_by_quadrant": {
    "INEFFICIENT": -42401.88947903686,
    "OVERSUPPLY": 15111.267223441808,
    "UNDERSUPPLY": 955619.5297660399
  }
}