{
  "depot": "BANSWADA",
  "target_date": "2026-05-25",
  "predicted_depot_pkm": 1859823.5,
  "total_services": 92,
  "count_add_slot": 46,
  "count_cut": 0,
  "count_no_change": 46,
  "total_allocated_pkm": 1575784.4541578877,
  "quadrant_counts": {
    "UNDERSUPPLY": 63,
    "OVERSUPPLY": 21,
    "INEFFICIENT": 8
  },
  "quadrant_pcts": {
    "UNDERSUPPLY": 68.5,
    "OVERSUPPLY": 22.8,
    "INEFFICIENT": 8.7
  },
  "total_revenue": 1878749.1923851918,
  "total_contribution": 1175378.0023851919,
  "total_planned_kms": 37832.0,
  "depot_avg_epk": 49.775053002395275,
  "depot_avg_or": 0.7553103563661984,
  "revenue_by_quadrant": {
    "INEFFICIENT": 12606.424130162424,
    "OVERSUPPLY": 303990.35973985225,
    "UNDERSUPPLY": 1562152.4085151772
  },
  "contribution_by_quadrant": {
    "INEFFICIENT": -45457.275869837584,
    "OVERSUPPLY": 129336.35973985225,
    "UNDERSUPPLY": 1091498.9185151772
  }
}