{
  "depot": "KUKATPALLY",
  "target_date": "2026-05-25",
  "predicted_depot_pkm": 1524693.25,
  "total_services": 204,
  "count_add_slot": 115,
  "count_cut": 0,
  "count_no_change": 89,
  "total_allocated_pkm": 1190050.0851201946,
  "quadrant_counts": {
    "UNDERSUPPLY": 145,
    "INEFFICIENT": 35,
    "OVERSUPPLY": 24
  },
  "quadrant_pcts": {
    "UNDERSUPPLY": 71.1,
    "INEFFICIENT": 17.2,
    "OVERSUPPLY": 11.8
  },
  "total_revenue": 1616259.9219359353,
  "total_contribution": 825010.2819359354,
  "total_planned_kms": 38029.06,
  "depot_avg_epk": 49.01704615962279,
  "depot_avg_or": 0.7947437239129886,
  "revenue_by_quadrant": {
    "INEFFICIENT": 4146.709912572022,
    "OVERSUPPLY": 156392.7946401914,
    "UNDERSUPPLY": 1455720.4173831719
  },
  "contribution_by_quadrant": {
    "INEFFICIENT": -210962.37008742796,
    "OVERSUPPLY": 65730.35464019139,
    "UNDERSUPPLY": 970242.2973831719
  }
}