{
  "depot": "GWL-PRGPR",
  "target_date": "2026-05-25",
  "predicted_depot_pkm": 1878624.75,
  "total_services": 79,
  "count_add_slot": 56,
  "count_cut": 1,
  "count_no_change": 22,
  "total_allocated_pkm": 1681860.1238771942,
  "quadrant_counts": {
    "UNDERSUPPLY": 67,
    "OVERSUPPLY": 8,
    "INEFFICIENT": 4
  },
  "quadrant_pcts": {
    "UNDERSUPPLY": 84.8,
    "OVERSUPPLY": 10.1,
    "INEFFICIENT": 5.1
  },
  "total_revenue": 1918702.730931532,
  "total_contribution": 1124852.730931532,
  "total_planned_kms": 31754.0,
  "depot_avg_epk": 60.09145672607011,
  "depot_avg_or": 0.9229596058218976,
  "revenue_by_quadrant": {
    "INEFFICIENT": 25709.70885855132,
    "OVERSUPPLY": 147620.69818956105,
    "UNDERSUPPLY": 1745372.3238834199
  },
  "contribution_by_quadrant": {
    "INEFFICIENT": -10790.29114144868,
    "OVERSUPPLY": 62670.69818956105,
    "UNDERSUPPLY": 1072972.3238834199
  }
}