{
  "depot": "KALVAKURTHY",
  "target_date": "2026-05-25",
  "predicted_depot_pkm": 2128928.5,
  "total_services": 98,
  "count_add_slot": 66,
  "count_cut": 1,
  "count_no_change": 31,
  "total_allocated_pkm": 2008702.6455890497,
  "quadrant_counts": {
    "UNDERSUPPLY": 75,
    "OVERSUPPLY": 19,
    "INEFFICIENT": 4
  },
  "quadrant_pcts": {
    "UNDERSUPPLY": 76.5,
    "OVERSUPPLY": 19.4,
    "INEFFICIENT": 4.1
  },
  "total_revenue": 2287777.628979121,
  "total_contribution": 1202802.6289791209,
  "total_planned_kms": 43399.0,
  "depot_avg_epk": 52.62843692434756,
  "depot_avg_or": 0.8758132744794022,
  "revenue_by_quadrant": {
    "INEFFICIENT": 6416.066190227848,
    "OVERSUPPLY": 349662.4967983962,
    "UNDERSUPPLY": 1931699.065990497
  },
  "contribution_by_quadrant": {
    "INEFFICIENT": -34283.93380977215,
    "OVERSUPPLY": 117562.49679839624,
    "UNDERSUPPLY": 1119524.065990497
  }
}