{
  "depot": "HAYATHNAGAR-I",
  "target_date": "2026-05-25",
  "predicted_depot_pkm": 1697246.625,
  "total_services": 174,
  "count_add_slot": 112,
  "count_cut": 0,
  "count_no_change": 62,
  "total_allocated_pkm": 1602089.2874467967,
  "quadrant_counts": {
    "UNDERSUPPLY": 119,
    "INEFFICIENT": 55
  },
  "quadrant_pcts": {
    "UNDERSUPPLY": 68.4,
    "INEFFICIENT": 31.6
  },
  "total_revenue": 2100202.208425976,
  "total_contribution": 1313026.7084259759,
  "total_planned_kms": 31487.02,
  "depot_avg_epk": 62.34014536390159,
  "depot_avg_or": 1.0332520483623282,
  "revenue_by_quadrant": {
    "INEFFICIENT": 0.0,
    "UNDERSUPPLY": 2100202.208425976
  },
  "contribution_by_quadrant": {
    "INEFFICIENT": -222050.0,
    "UNDERSUPPLY": 1535076.7084259759
  }
}