{
  "depot": "NARSAMPET",
  "target_date": "2026-04-13",
  "predicted_depot_pkm": 1811378.875,
  "total_services": 94,
  "count_add_slot": 65,
  "count_cut": 0,
  "count_no_change": 29,
  "total_allocated_pkm": 1746773.934690244,
  "quadrant_counts": {
    "UNDERSUPPLY": 74,
    "OVERSUPPLY": 13,
    "INEFFICIENT": 7
  },
  "quadrant_pcts": {
    "UNDERSUPPLY": 78.7,
    "OVERSUPPLY": 13.8,
    "INEFFICIENT": 7.4
  },
  "total_revenue": 2084890.80022091,
  "total_contribution": 1212998.60022091,
  "total_planned_kms": 40599.0,
  "depot_avg_epk": 51.32890619683012,
  "depot_avg_or": 0.8842602800959632,
  "revenue_by_quadrant": {
    "INEFFICIENT": 32094.195865916226,
    "OVERSUPPLY": 249502.8891257654,
    "UNDERSUPPLY": 1803293.7152292284
  },
  "contribution_by_quadrant": {
    "INEFFICIENT": -24727.88413408377,
    "OVERSUPPLY": 117836.98912576538,
    "UNDERSUPPLY": 1119889.4952292284
  }
}