{
  "depot": "WARANGAL-II",
  "target_date": "2026-04-13",
  "predicted_depot_pkm": 2793735.25,
  "total_services": 158,
  "count_add_slot": 55,
  "count_cut": 0,
  "count_no_change": 103,
  "total_allocated_pkm": 2772035.7211634694,
  "quadrant_counts": {
    "UNDERSUPPLY": 94,
    "INEFFICIENT": 38,
    "OVERSUPPLY": 22,
    "SOCIAL_OBLIGATION": 4
  },
  "quadrant_pcts": {
    "UNDERSUPPLY": 59.5,
    "INEFFICIENT": 24.1,
    "OVERSUPPLY": 13.9,
    "SOCIAL_OBLIGATION": 2.5
  },
  "total_revenue": 3641681.9180790177,
  "total_contribution": 718250.9580790179,
  "total_planned_kms": 75132.0,
  "depot_avg_epk": 48.69793233728865,
  "depot_avg_or": 0.7591659757266177,
  "revenue_by_quadrant": {
    "INEFFICIENT": 602776.5376668462,
    "OVERSUPPLY": 453908.95918756037,
    "SOCIAL_OBLIGATION": 80878.56622715632,
    "UNDERSUPPLY": 2504117.8549974547
  },
  "contribution_by_quadrant": {
    "INEFFICIENT": -182188.9623331538,
    "OVERSUPPLY": 42188.779187560394,
    "SOCIAL_OBLIGATION": -3815.833772843682,
    "UNDERSUPPLY": 862066.974997455
  }
}