{
  "depot": "BANSWADA",
  "target_date": "2026-04-13",
  "predicted_depot_pkm": 1820642.125,
  "total_services": 92,
  "count_add_slot": 51,
  "count_cut": 0,
  "count_no_change": 41,
  "total_allocated_pkm": 1701992.2867892208,
  "quadrant_counts": {
    "UNDERSUPPLY": 70,
    "OVERSUPPLY": 14,
    "INEFFICIENT": 8
  },
  "quadrant_pcts": {
    "UNDERSUPPLY": 76.1,
    "OVERSUPPLY": 15.2,
    "INEFFICIENT": 8.7
  },
  "total_revenue": 2036821.3087665597,
  "total_contribution": 1333450.11876656,
  "total_planned_kms": 37832.0,
  "depot_avg_epk": 52.899287157390106,
  "depot_avg_or": 0.7983195527412047,
  "revenue_by_quadrant": {
    "INEFFICIENT": 7442.874096927662,
    "OVERSUPPLY": 188717.97780934075,
    "UNDERSUPPLY": 1840660.4568602913
  },
  "contribution_by_quadrant": {
    "INEFFICIENT": -51644.20590307235,
    "OVERSUPPLY": 90257.77780934073,
    "UNDERSUPPLY": 1294836.5468602914
  }
}