{
  "depot": "HAKIMPET",
  "target_date": "2026-04-13",
  "predicted_depot_pkm": 1473522.5,
  "total_services": 147,
  "count_add_slot": 118,
  "count_cut": 0,
  "count_no_change": 29,
  "total_allocated_pkm": 1338070.7552358028,
  "quadrant_counts": {
    "UNDERSUPPLY": 135,
    "INEFFICIENT": 8,
    "OVERSUPPLY": 4
  },
  "quadrant_pcts": {
    "UNDERSUPPLY": 91.8,
    "INEFFICIENT": 5.4,
    "OVERSUPPLY": 2.7
  },
  "total_revenue": 1804026.8813100434,
  "total_contribution": 995242.4710100434,
  "total_planned_kms": 30758.690000000002,
  "depot_avg_epk": 58.63048473394543,
  "depot_avg_or": 1.004350130680755,
  "revenue_by_quadrant": {
    "INEFFICIENT": 0.0,
    "OVERSUPPLY": 26490.85366911038,
    "UNDERSUPPLY": 1777536.027640933
  },
  "contribution_by_quadrant": {
    "INEFFICIENT": -36393.62,
    "OVERSUPPLY": 9445.423669110382,
    "UNDERSUPPLY": 1022190.667340933
  }
}