{
  "depot": "THORROR",
  "target_date": "2026-04-13",
  "predicted_depot_pkm": 1920482.75,
  "total_services": 94,
  "count_add_slot": 62,
  "count_cut": 0,
  "count_no_change": 32,
  "total_allocated_pkm": 1857157.3193365568,
  "quadrant_counts": {
    "UNDERSUPPLY": 77,
    "OVERSUPPLY": 13,
    "INEFFICIENT": 4
  },
  "quadrant_pcts": {
    "UNDERSUPPLY": 81.9,
    "OVERSUPPLY": 13.8,
    "INEFFICIENT": 4.3
  },
  "total_revenue": 2307823.75550605,
  "total_contribution": 1370092.9855060496,
  "total_planned_kms": 40942.0,
  "depot_avg_epk": 56.5150012536169,
  "depot_avg_or": 0.8940048670017585,
  "revenue_by_quadrant": {
    "INEFFICIENT": 13873.170278269972,
    "OVERSUPPLY": 240324.1540015214,
    "UNDERSUPPLY": 2053626.4312262584
  },
  "contribution_by_quadrant": {
    "INEFFICIENT": -19182.809721730027,
    "OVERSUPPLY": 112533.82400152143,
    "UNDERSUPPLY": 1276741.9712262584
  }
}