{
  "depot": "MAHABOOBABAD",
  "target_date": "2026-04-13",
  "predicted_depot_pkm": 1427984.0,
  "total_services": 76,
  "count_add_slot": 47,
  "count_cut": 0,
  "count_no_change": 29,
  "total_allocated_pkm": 1383972.2942364293,
  "quadrant_counts": {
    "UNDERSUPPLY": 56,
    "OVERSUPPLY": 15,
    "INEFFICIENT": 5
  },
  "quadrant_pcts": {
    "UNDERSUPPLY": 73.7,
    "OVERSUPPLY": 19.7,
    "INEFFICIENT": 6.6
  },
  "total_revenue": 1604878.4304723754,
  "total_contribution": 1046390.6404723752,
  "total_planned_kms": 31066.0,
  "depot_avg_epk": 50.93404255375376,
  "depot_avg_or": 0.8213342586308637,
  "revenue_by_quadrant": {
    "INEFFICIENT": 11116.698995414,
    "OVERSUPPLY": 210934.3059796178,
    "UNDERSUPPLY": 1382827.4254973435
  },
  "contribution_by_quadrant": {
    "INEFFICIENT": -22474.881004586,
    "OVERSUPPLY": 99858.25597961781,
    "UNDERSUPPLY": 969007.2654973434
  }
}