{
  "depot": "BHUPALAPALLAY",
  "target_date": "2026-04-13",
  "predicted_depot_pkm": 1555189.125,
  "total_services": 86,
  "count_add_slot": 31,
  "count_cut": 0,
  "count_no_change": 55,
  "total_allocated_pkm": 1510353.3079700223,
  "quadrant_counts": {
    "UNDERSUPPLY": 55,
    "OVERSUPPLY": 26,
    "INEFFICIENT": 5
  },
  "quadrant_pcts": {
    "UNDERSUPPLY": 64.0,
    "OVERSUPPLY": 30.2,
    "INEFFICIENT": 5.8
  },
  "total_revenue": 1904468.2192188788,
  "total_contribution": 1067416.879218879,
  "total_planned_kms": 40104.0,
  "depot_avg_epk": 47.2637545752287,
  "depot_avg_or": 0.7345461591095971,
  "revenue_by_quadrant": {
    "INEFFICIENT": 16810.90744429941,
    "OVERSUPPLY": 422350.99651629233,
    "UNDERSUPPLY": 1465306.3152582874
  },
  "contribution_by_quadrant": {
    "INEFFICIENT": -27433.25255570059,
    "OVERSUPPLY": 178831.73651629235,
    "UNDERSUPPLY": 916018.3952582873
  }
}