{
  "depot": "ARMOOR",
  "target_date": "2026-04-13",
  "predicted_depot_pkm": 1577366.375,
  "total_services": 90,
  "count_add_slot": 38,
  "count_cut": 0,
  "count_no_change": 52,
  "total_allocated_pkm": 1364632.9166977745,
  "quadrant_counts": {
    "UNDERSUPPLY": 56,
    "OVERSUPPLY": 24,
    "INEFFICIENT": 10
  },
  "quadrant_pcts": {
    "UNDERSUPPLY": 62.2,
    "OVERSUPPLY": 26.7,
    "INEFFICIENT": 11.1
  },
  "total_revenue": 1692879.6732979608,
  "total_contribution": 1011910.4732979608,
  "total_planned_kms": 36987.0,
  "depot_avg_epk": 46.0680001626857,
  "depot_avg_or": 0.7488127660391618,
  "revenue_by_quadrant": {
    "INEFFICIENT": 23375.95555525706,
    "OVERSUPPLY": 322379.56042605697,
    "UNDERSUPPLY": 1347124.1573166468
  },
  "contribution_by_quadrant": {
    "INEFFICIENT": -53368.844444742936,
    "OVERSUPPLY": 151346.740426057,
    "UNDERSUPPLY": 913932.5773166467
  }
}