{
  "depot": "BHUPALAPALLAY",
  "target_date": "2026-05-24",
  "predicted_depot_pkm": 1404902.375,
  "total_services": 86,
  "count_add_slot": 18,
  "count_cut": 0,
  "count_no_change": 68,
  "total_allocated_pkm": 1359815.8532663628,
  "quadrant_counts": {
    "UNDERSUPPLY": 46,
    "OVERSUPPLY": 31,
    "INEFFICIENT": 9
  },
  "quadrant_pcts": {
    "UNDERSUPPLY": 53.5,
    "OVERSUPPLY": 36.0,
    "INEFFICIENT": 10.5
  },
  "total_revenue": 1714610.3558706758,
  "total_contribution": 877559.0158706759,
  "total_planned_kms": 40104.0,
  "depot_avg_epk": 42.490323185736194,
  "depot_avg_or": 0.6592815852343192,
  "revenue_by_quadrant": {
    "INEFFICIENT": 14329.988224838313,
    "OVERSUPPLY": 566374.84743329,
    "UNDERSUPPLY": 1133905.5202125474
  },
  "contribution_by_quadrant": {
    "INEFFICIENT": -59448.471775161684,
    "OVERSUPPLY": 261808.34743328998,
    "UNDERSUPPLY": 675199.1402125475
  }
}