{
  "depot": "GODAVARIKHANI",
  "target_date": "2026-05-24",
  "predicted_depot_pkm": 1979407.75,
  "total_services": 120,
  "count_add_slot": 21,
  "count_cut": 0,
  "count_no_change": 99,
  "total_allocated_pkm": 1729664.3351905579,
  "quadrant_counts": {
    "UNDERSUPPLY": 56,
    "OVERSUPPLY": 52,
    "INEFFICIENT": 12
  },
  "quadrant_pcts": {
    "UNDERSUPPLY": 46.7,
    "OVERSUPPLY": 43.3,
    "INEFFICIENT": 10.0
  },
  "total_revenue": 2222113.961901631,
  "total_contribution": 890613.9619016313,
  "total_planned_kms": 53260.0,
  "depot_avg_epk": 42.64450277342606,
  "depot_avg_or": 0.6727827656466109,
  "revenue_by_quadrant": {
    "INEFFICIENT": 70725.86197188718,
    "OVERSUPPLY": 939895.2542476528,
    "UNDERSUPPLY": 1211492.8456820913
  },
  "contribution_by_quadrant": {
    "INEFFICIENT": -85149.13802811282,
    "OVERSUPPLY": 335470.2542476528,
    "UNDERSUPPLY": 640292.8456820913
  }
}