{
  "depot": "JANGAON",
  "target_date": "2026-05-24",
  "predicted_depot_pkm": 2117895.0,
  "total_services": 115,
  "count_add_slot": 43,
  "count_cut": 1,
  "count_no_change": 71,
  "total_allocated_pkm": 1884401.420878415,
  "quadrant_counts": {
    "UNDERSUPPLY": 83,
    "OVERSUPPLY": 21,
    "INEFFICIENT": 11
  },
  "quadrant_pcts": {
    "UNDERSUPPLY": 72.2,
    "OVERSUPPLY": 18.3,
    "INEFFICIENT": 9.6
  },
  "total_revenue": 2171452.752910177,
  "total_contribution": 1386575.0729101775,
  "total_planned_kms": 49455.0,
  "depot_avg_epk": 44.172330363952,
  "depot_avg_or": 0.7457064358183169,
  "revenue_by_quadrant": {
    "INEFFICIENT": 0.0,
    "OVERSUPPLY": 337012.112708923,
    "UNDERSUPPLY": 1834440.6402012543
  },
  "contribution_by_quadrant": {
    "INEFFICIENT": -85977.8,
    "OVERSUPPLY": 176163.81270892295,
    "UNDERSUPPLY": 1296389.0602012542
  }
}