{
  "depot": "BANDLAGUDA",
  "target_date": "2026-05-24",
  "predicted_depot_pkm": 1289616.75,
  "total_services": 148,
  "count_add_slot": 125,
  "count_cut": 0,
  "count_no_change": 23,
  "total_allocated_pkm": 1225606.665451046,
  "quadrant_counts": {
    "UNDERSUPPLY": 135,
    "OVERSUPPLY": 7,
    "INEFFICIENT": 6
  },
  "quadrant_pcts": {
    "UNDERSUPPLY": 91.2,
    "OVERSUPPLY": 4.7,
    "INEFFICIENT": 4.1
  },
  "total_revenue": 1669388.5297799564,
  "total_contribution": 1019023.5297799564,
  "total_planned_kms": 26014.6,
  "depot_avg_epk": 65.9006964083524,
  "depot_avg_or": 1.0516576225422802,
  "revenue_by_quadrant": {
    "INEFFICIENT": 6412.312708064487,
    "OVERSUPPLY": 36877.5941135076,
    "UNDERSUPPLY": 1626098.6229583845
  },
  "contribution_by_quadrant": {
    "INEFFICIENT": -41137.68729193551,
    "OVERSUPPLY": 13327.594113507603,
    "UNDERSUPPLY": 1046833.6229583845
  }
}