{
  "depot": "KALVAKURTHY",
  "target_date": "2026-05-24",
  "predicted_depot_pkm": 1930649.625,
  "total_services": 98,
  "count_add_slot": 47,
  "count_cut": 1,
  "count_no_change": 50,
  "total_allocated_pkm": 1823783.1104053094,
  "quadrant_counts": {
    "UNDERSUPPLY": 69,
    "OVERSUPPLY": 25,
    "INEFFICIENT": 4
  },
  "quadrant_pcts": {
    "UNDERSUPPLY": 70.4,
    "OVERSUPPLY": 25.5,
    "INEFFICIENT": 4.1
  },
  "total_revenue": 2078181.3266018007,
  "total_contribution": 993206.3266018009,
  "total_planned_kms": 43399.0,
  "depot_avg_epk": 47.763333478322,
  "depot_avg_or": 0.7946738335687076,
  "revenue_by_quadrant": {
    "INEFFICIENT": 5960.80132961294,
    "OVERSUPPLY": 416775.99103601364,
    "UNDERSUPPLY": 1655444.534236174
  },
  "contribution_by_quadrant": {
    "INEFFICIENT": -34739.19867038706,
    "OVERSUPPLY": 123475.99103601367,
    "UNDERSUPPLY": 904469.5342361742
  }
}