{
  "depot": "HAYATHNAGAR-I",
  "target_date": "2026-05-24",
  "predicted_depot_pkm": 1428272.375,
  "total_services": 174,
  "count_add_slot": 110,
  "count_cut": 0,
  "count_no_change": 64,
  "total_allocated_pkm": 1348822.736317176,
  "quadrant_counts": {
    "UNDERSUPPLY": 117,
    "INEFFICIENT": 55,
    "OVERSUPPLY": 2
  },
  "quadrant_pcts": {
    "UNDERSUPPLY": 67.2,
    "INEFFICIENT": 31.6,
    "OVERSUPPLY": 1.1
  },
  "total_revenue": 1768253.744943779,
  "total_contribution": 981078.2449437787,
  "total_planned_kms": 31487.02,
  "depot_avg_epk": 52.560285351952984,
  "depot_avg_or": 0.87111542326496,
  "revenue_by_quadrant": {
    "INEFFICIENT": 0.0,
    "OVERSUPPLY": 11455.697532757473,
    "UNDERSUPPLY": 1756798.0474110213
  },
  "contribution_by_quadrant": {
    "INEFFICIENT": -222050.0,
    "OVERSUPPLY": 3755.697532757473,
    "UNDERSUPPLY": 1199372.5474110213
  }
}