{
  "depot": "MAHABOOBABAD",
  "target_date": "2026-05-24",
  "predicted_depot_pkm": 1258937.875,
  "total_services": 76,
  "count_add_slot": 25,
  "count_cut": 3,
  "count_no_change": 48,
  "total_allocated_pkm": 1188842.3014376445,
  "quadrant_counts": {
    "UNDERSUPPLY": 46,
    "OVERSUPPLY": 25,
    "INEFFICIENT": 5
  },
  "quadrant_pcts": {
    "UNDERSUPPLY": 60.5,
    "OVERSUPPLY": 32.9,
    "INEFFICIENT": 6.6
  },
  "total_revenue": 1382459.0901120412,
  "total_contribution": 823971.300112041,
  "total_planned_kms": 31066.0,
  "depot_avg_epk": 43.85436973043765,
  "depot_avg_or": 0.7067932348746752,
  "revenue_by_quadrant": {
    "INEFFICIENT": 3919.4661487321328,
    "OVERSUPPLY": 364565.3787820391,
    "UNDERSUPPLY": 1013974.2451812698
  },
  "contribution_by_quadrant": {
    "INEFFICIENT": -30273.913851267866,
    "OVERSUPPLY": 175398.6287820391,
    "UNDERSUPPLY": 678846.5851812698
  }
}