{
  "depot": "FAROOQNAGAR",
  "target_date": "2026-05-24",
  "predicted_depot_pkm": 1072172.375,
  "total_services": 153,
  "count_add_slot": 89,
  "count_cut": 0,
  "count_no_change": 64,
  "total_allocated_pkm": 998895.6350482928,
  "quadrant_counts": {
    "UNDERSUPPLY": 116,
    "INEFFICIENT": 21,
    "OVERSUPPLY": 16
  },
  "quadrant_pcts": {
    "UNDERSUPPLY": 75.8,
    "INEFFICIENT": 13.7,
    "OVERSUPPLY": 10.5
  },
  "total_revenue": 1373148.5851378082,
  "total_contribution": 732348.5851378082,
  "total_planned_kms": 25632.0,
  "depot_avg_epk": 52.97987914548787,
  "depot_avg_or": 0.8414441684683215,
  "revenue_by_quadrant": {
    "INEFFICIENT": 11904.354448344795,
    "OVERSUPPLY": 79510.82762855414,
    "UNDERSUPPLY": 1281733.4030609094
  },
  "contribution_by_quadrant": {
    "INEFFICIENT": -78145.64555165521,
    "OVERSUPPLY": 23860.82762855414,
    "UNDERSUPPLY": 786633.4030609094
  }
}