{
  "depot": "KHAMMAM",
  "target_date": "2026-05-24",
  "predicted_depot_pkm": 2182788.75,
  "total_services": 147,
  "count_add_slot": 27,
  "count_cut": 3,
  "count_no_change": 117,
  "total_allocated_pkm": 1910932.9336949363,
  "quadrant_counts": {
    "OVERSUPPLY": 66,
    "UNDERSUPPLY": 60,
    "INEFFICIENT": 20,
    "SOCIAL_OBLIGATION": 1
  },
  "quadrant_pcts": {
    "OVERSUPPLY": 44.9,
    "UNDERSUPPLY": 40.8,
    "INEFFICIENT": 13.6,
    "SOCIAL_OBLIGATION": 0.7
  },
  "total_revenue": 2585836.5298330635,
  "total_contribution": 991736.5298330635,
  "total_planned_kms": 63764.0,
  "depot_avg_epk": 41.12319462452954,
  "depot_avg_or": 0.6453084423850303,
  "revenue_by_quadrant": {
    "INEFFICIENT": 110661.00759150817,
    "OVERSUPPLY": 1161164.3940611775,
    "SOCIAL_OBLIGATION": 3490.5692842127114,
    "UNDERSUPPLY": 1310520.558896165
  },
  "contribution_by_quadrant": {
    "INEFFICIENT": -130013.99240849183,
    "OVERSUPPLY": 437989.39406117756,
    "SOCIAL_OBLIGATION": -259.4307157872886,
    "UNDERSUPPLY": 684020.5588961651
  }
}