{
  "depot": "MIDHANI",
  "target_date": "2026-05-24",
  "predicted_depot_pkm": 1224660.25,
  "total_services": 144,
  "count_add_slot": 109,
  "count_cut": 0,
  "count_no_change": 35,
  "total_allocated_pkm": 1079484.2894599505,
  "quadrant_counts": {
    "UNDERSUPPLY": 116,
    "INEFFICIENT": 23,
    "OVERSUPPLY": 5
  },
  "quadrant_pcts": {
    "UNDERSUPPLY": 80.6,
    "INEFFICIENT": 16.0,
    "OVERSUPPLY": 3.5
  },
  "total_revenue": 1478744.5471470812,
  "total_contribution": 806263.0471470812,
  "total_planned_kms": 26899.260000000002,
  "depot_avg_epk": 58.01764436854233,
  "depot_avg_or": 0.9219840935212257,
  "revenue_by_quadrant": {
    "INEFFICIENT": 0.0,
    "OVERSUPPLY": 28640.006178866897,
    "UNDERSUPPLY": 1450104.5409682144
  },
  "contribution_by_quadrant": {
    "INEFFICIENT": -137375.0,
    "OVERSUPPLY": 9940.006178866897,
    "UNDERSUPPLY": 933698.0409682144
  }
}