{
  "depot": "WARANGAL-I",
  "target_date": "2026-05-24",
  "predicted_depot_pkm": 1917282.75,
  "total_services": 130,
  "count_add_slot": 9,
  "count_cut": 2,
  "count_no_change": 119,
  "total_allocated_pkm": 1732181.43537348,
  "quadrant_counts": {
    "OVERSUPPLY": 87,
    "UNDERSUPPLY": 34,
    "INEFFICIENT": 9
  },
  "quadrant_pcts": {
    "OVERSUPPLY": 66.9,
    "UNDERSUPPLY": 26.2,
    "INEFFICIENT": 6.9
  },
  "total_revenue": 2565428.1895717755,
  "total_contribution": 1040034.1695717755,
  "total_planned_kms": 67106.0,
  "depot_avg_epk": 39.10399512821995,
  "depot_avg_or": 0.6051790900139358,
  "revenue_by_quadrant": {
    "INEFFICIENT": 27540.65942300125,
    "OVERSUPPLY": 1839712.8995129194,
    "UNDERSUPPLY": 698174.6306358548
  },
  "contribution_by_quadrant": {
    "INEFFICIENT": -98306.88057699875,
    "OVERSUPPLY": 807385.9995129195,
    "UNDERSUPPLY": 330955.0506358548
  }
}