{
  "depot": "MIYAPUR-II",
  "target_date": "2026-05-24",
  "predicted_depot_pkm": 1259095.875,
  "total_services": 176,
  "count_add_slot": 95,
  "count_cut": 0,
  "count_no_change": 81,
  "total_allocated_pkm": 1133037.938510582,
  "quadrant_counts": {
    "UNDERSUPPLY": 112,
    "INEFFICIENT": 42,
    "OVERSUPPLY": 22
  },
  "quadrant_pcts": {
    "UNDERSUPPLY": 63.6,
    "INEFFICIENT": 23.9,
    "OVERSUPPLY": 12.5
  },
  "total_revenue": 2008519.9262011338,
  "total_contribution": 1314246.9262011338,
  "total_planned_kms": 27770.92,
  "depot_avg_epk": 69.88497337312245,
  "depot_avg_or": 1.1454643877438357,
  "revenue_by_quadrant": {
    "INEFFICIENT": 11538.537002861547,
    "OVERSUPPLY": 219558.64501603707,
    "UNDERSUPPLY": 1777422.744182235
  },
  "contribution_by_quadrant": {
    "INEFFICIENT": -122866.96299713844,
    "OVERSUPPLY": 111838.64501603709,
    "UNDERSUPPLY": 1325275.2441822353
  }
}