{
  "depot": "NARKATPALLY",
  "target_date": "2026-05-24",
  "predicted_depot_pkm": 772843.3125,
  "total_services": 26,
  "count_add_slot": 26,
  "count_cut": 0,
  "count_no_change": 0,
  "total_allocated_pkm": 721944.1081525605,
  "quadrant_counts": {
    "UNDERSUPPLY": 26
  },
  "quadrant_pcts": {
    "UNDERSUPPLY": 100.0
  },
  "total_revenue": 804250.8022435027,
  "total_contribution": 545500.8022435027,
  "total_planned_kms": 10350.0,
  "depot_avg_epk": 77.69014639088347,
  "depot_avg_or": 1.2567187630420602,
  "revenue_by_quadrant": {
    "UNDERSUPPLY": 804250.8022435027
  },
  "contribution_by_quadrant": {
    "UNDERSUPPLY": 545500.8022435027
  }
}