{
  "depot": "MUSHIRABAD",
  "target_date": "2026-05-24",
  "predicted_depot_pkm": 1423646.875,
  "total_services": 201,
  "count_add_slot": 151,
  "count_cut": 0,
  "count_no_change": 50,
  "total_allocated_pkm": 1324703.4738886158,
  "quadrant_counts": {
    "UNDERSUPPLY": 163,
    "INEFFICIENT": 32,
    "OVERSUPPLY": 6
  },
  "quadrant_pcts": {
    "UNDERSUPPLY": 81.1,
    "INEFFICIENT": 15.9,
    "OVERSUPPLY": 3.0
  },
  "total_revenue": 1882685.8145701946,
  "total_contribution": 1093135.8145701946,
  "total_planned_kms": 31582.0,
  "depot_avg_epk": 60.90871229114881,
  "depot_avg_or": 0.9372084966288666,
  "revenue_by_quadrant": {
    "INEFFICIENT": 8588.58174487592,
    "OVERSUPPLY": 29520.752560288438,
    "UNDERSUPPLY": 1844576.4802650302
  },
  "contribution_by_quadrant": {
    "INEFFICIENT": -138811.41825512407,
    "OVERSUPPLY": 7995.752560288437,
    "UNDERSUPPLY": 1223951.4802650302
  }
}