{
  "depot": "HYDERABAD-I",
  "target_date": "2026-05-24",
  "predicted_depot_pkm": 1956499.75,
  "total_services": 112,
  "count_add_slot": 27,
  "count_cut": 1,
  "count_no_change": 84,
  "total_allocated_pkm": 1739380.7316118479,
  "quadrant_counts": {
    "UNDERSUPPLY": 67,
    "OVERSUPPLY": 35,
    "INEFFICIENT": 10
  },
  "quadrant_pcts": {
    "UNDERSUPPLY": 59.8,
    "OVERSUPPLY": 31.2,
    "INEFFICIENT": 8.9
  },
  "total_revenue": 2618792.8248342425,
  "total_contribution": 1195267.8248342425,
  "total_planned_kms": 56941.0,
  "depot_avg_epk": 47.12257315501436,
  "depot_avg_or": 0.6758396817684963,
  "revenue_by_quadrant": {
    "INEFFICIENT": 18378.17029523137,
    "OVERSUPPLY": 969448.3152296359,
    "UNDERSUPPLY": 1630966.3393093755
  },
  "contribution_by_quadrant": {
    "INEFFICIENT": -109896.82970476864,
    "OVERSUPPLY": 396148.3152296359,
    "UNDERSUPPLY": 909016.3393093755
  }
}