{
  "depot": "HAKIMPET",
  "target_date": "2026-05-24",
  "predicted_depot_pkm": 1182473.375,
  "total_services": 152,
  "count_add_slot": 72,
  "count_cut": 0,
  "count_no_change": 80,
  "total_allocated_pkm": 1114374.657993881,
  "quadrant_counts": {
    "UNDERSUPPLY": 127,
    "OVERSUPPLY": 23,
    "INEFFICIENT": 2
  },
  "quadrant_pcts": {
    "UNDERSUPPLY": 83.6,
    "OVERSUPPLY": 15.1,
    "INEFFICIENT": 1.3
  },
  "total_revenue": 1502217.3703309882,
  "total_contribution": 680866.014030988,
  "total_planned_kms": 31321.69,
  "depot_avg_epk": 48.61620290340137,
  "depot_avg_or": 0.8347562474444464,
  "revenue_by_quadrant": {
    "INEFFICIENT": 7884.986576831356,
    "OVERSUPPLY": 195224.2542158877,
    "UNDERSUPPLY": 1299108.129538269
  },
  "contribution_by_quadrant": {
    "INEFFICIENT": -131.89342316864486,
    "OVERSUPPLY": 63776.70621588767,
    "UNDERSUPPLY": 617221.201238269
  }
}