{
  "depot": "PARGI",
  "target_date": "2026-05-24",
  "predicted_depot_pkm": 1531145.625,
  "total_services": 78,
  "count_add_slot": 33,
  "count_cut": 1,
  "count_no_change": 44,
  "total_allocated_pkm": 1423117.2705885412,
  "quadrant_counts": {
    "UNDERSUPPLY": 62,
    "OVERSUPPLY": 15,
    "INEFFICIENT": 1
  },
  "quadrant_pcts": {
    "UNDERSUPPLY": 79.5,
    "OVERSUPPLY": 19.2,
    "INEFFICIENT": 1.3
  },
  "total_revenue": 1639727.3498731877,
  "total_contribution": 828102.3498731878,
  "total_planned_kms": 32465.0,
  "depot_avg_epk": 50.71014295888512,
  "depot_avg_or": 0.8364655559942915,
  "revenue_by_quadrant": {
    "INEFFICIENT": 1976.610979833167,
    "OVERSUPPLY": 261780.0224953635,
    "UNDERSUPPLY": 1375970.7163979912
  },
  "contribution_by_quadrant": {
    "INEFFICIENT": -6223.389020166833,
    "OVERSUPPLY": 92405.02249536349,
    "UNDERSUPPLY": 741920.7163979912
  }
}