{
  "depot": "KUSHAIGUDA",
  "target_date": "2026-05-24",
  "predicted_depot_pkm": 1649101.75,
  "total_services": 226,
  "count_add_slot": 47,
  "count_cut": 0,
  "count_no_change": 179,
  "total_allocated_pkm": 1383539.950826155,
  "quadrant_counts": {
    "OVERSUPPLY": 104,
    "UNDERSUPPLY": 100,
    "INEFFICIENT": 22
  },
  "quadrant_pcts": {
    "OVERSUPPLY": 46.0,
    "UNDERSUPPLY": 44.2,
    "INEFFICIENT": 9.7
  },
  "total_revenue": 1909409.7193250516,
  "total_contribution": 865509.7193250519,
  "total_planned_kms": 41756.0,
  "depot_avg_epk": 50.01114632477304,
  "depot_avg_or": 0.6941010894181382,
  "revenue_by_quadrant": {
    "INEFFICIENT": 40211.21631944253,
    "OVERSUPPLY": 866216.0340255657,
    "UNDERSUPPLY": 1002982.4689800437
  },
  "contribution_by_quadrant": {
    "INEFFICIENT": -105913.78368055748,
    "OVERSUPPLY": 361391.0340255657,
    "UNDERSUPPLY": 610032.4689800437
  }
}