{
  "depot": "BHUPALAPALLAY",
  "target_date": "2026-03-10",
  "predicted_depot_pkm": 1535448.875,
  "total_services": 86,
  "count_add_slot": 34,
  "count_cut": 1,
  "count_no_change": 51,
  "total_allocated_pkm": 1481924.4590046066,
  "quadrant_counts": {
    "UNDERSUPPLY": 57,
    "OVERSUPPLY": 22,
    "INEFFICIENT": 7
  },
  "quadrant_pcts": {
    "UNDERSUPPLY": 66.3,
    "OVERSUPPLY": 25.6,
    "INEFFICIENT": 8.1
  },
  "total_revenue": 1873680.2275870845,
  "total_contribution": 1036963.8475870845,
  "total_planned_kms": 40068.0,
  "depot_avg_epk": 46.58095669659684,
  "depot_avg_or": 0.7408782174998211,
  "revenue_by_quadrant": {
    "INEFFICIENT": 34874.05132063657,
    "OVERSUPPLY": 369541.7380395935,
    "UNDERSUPPLY": 1469264.4382268547
  },
  "contribution_by_quadrant": {
    "INEFFICIENT": -30380.98867936343,
    "OVERSUPPLY": 158762.39803959354,
    "UNDERSUPPLY": 908582.4382268545
  }
}