{
  "depot": "WARANGAL-I",
  "target_date": "2026-03-10",
  "predicted_depot_pkm": 2018969.875,
  "total_services": 132,
  "count_add_slot": 0,
  "count_cut": 2,
  "count_no_change": 130,
  "total_allocated_pkm": 1249358.6815332356,
  "quadrant_counts": {
    "OVERSUPPLY": 98,
    "INEFFICIENT": 31,
    "UNDERSUPPLY": 3
  },
  "quadrant_pcts": {
    "OVERSUPPLY": 74.2,
    "INEFFICIENT": 23.5,
    "UNDERSUPPLY": 2.3
  },
  "total_revenue": 1822247.810382243,
  "total_contribution": 279217.2303822432,
  "total_planned_kms": 68078.0,
  "depot_avg_epk": 28.05068459296342,
  "depot_avg_or": 0.43470426003776386,
  "revenue_by_quadrant": {
    "INEFFICIENT": 364078.8131335421,
    "OVERSUPPLY": 1409700.9039987875,
    "UNDERSUPPLY": 48468.09324991347
  },
  "contribution_by_quadrant": {
    "INEFFICIENT": -48293.70686645791,
    "OVERSUPPLY": 307652.60399878764,
    "UNDERSUPPLY": 19858.333249913478
  }
}