{
  "depot": "IBRAHIMPATNAM",
  "target_date": "2026-03-10",
  "predicted_depot_pkm": 1892785.375,
  "total_services": 189,
  "count_add_slot": 35,
  "count_cut": 0,
  "count_no_change": 154,
  "total_allocated_pkm": 1685759.1387951737,
  "quadrant_counts": {
    "OVERSUPPLY": 107,
    "UNDERSUPPLY": 80,
    "INEFFICIENT": 2
  },
  "quadrant_pcts": {
    "OVERSUPPLY": 56.6,
    "UNDERSUPPLY": 42.3,
    "INEFFICIENT": 1.1
  },
  "total_revenue": 2297482.7669268656,
  "total_contribution": 1418417.9869268658,
  "total_planned_kms": 44803.0,
  "depot_avg_epk": 52.52209861311256,
  "depot_avg_or": 0.6930932585562181,
  "revenue_by_quadrant": {
    "INEFFICIENT": 13938.125651616156,
    "OVERSUPPLY": 1234412.6650275784,
    "UNDERSUPPLY": 1049131.9762476713
  },
  "contribution_by_quadrant": {
    "INEFFICIENT": -336.4343483838429,
    "OVERSUPPLY": 698097.8650275783,
    "UNDERSUPPLY": 720656.5562476714
  }
}