{
  "depot": "NIZAMABAD-I",
  "target_date": "2026-03-10",
  "predicted_depot_pkm": 1675853.75,
  "total_services": 125,
  "count_add_slot": 14,
  "count_cut": 0,
  "count_no_change": 111,
  "total_allocated_pkm": 1444780.1766296627,
  "quadrant_counts": {
    "OVERSUPPLY": 69,
    "UNDERSUPPLY": 47,
    "INEFFICIENT": 9
  },
  "quadrant_pcts": {
    "OVERSUPPLY": 55.2,
    "UNDERSUPPLY": 37.6,
    "INEFFICIENT": 7.2
  },
  "total_revenue": 1910601.0922861164,
  "total_contribution": 922877.1122861168,
  "total_planned_kms": 51753.0,
  "depot_avg_epk": 38.55495875827724,
  "depot_avg_or": 0.5952122352309793,
  "revenue_by_quadrant": {
    "INEFFICIENT": 35240.61792439227,
    "OVERSUPPLY": 982781.7538065369,
    "UNDERSUPPLY": 892578.7205551877
  },
  "contribution_by_quadrant": {
    "INEFFICIENT": -55155.06207560774,
    "OVERSUPPLY": 418734.2738065368,
    "UNDERSUPPLY": 559297.9005551877
  }
}