{
  "depot": "HAKIMPET",
  "target_date": "2026-03-10",
  "predicted_depot_pkm": 1339027.75,
  "total_services": 147,
  "count_add_slot": 16,
  "count_cut": 0,
  "count_no_change": 131,
  "total_allocated_pkm": 1164992.2696039565,
  "quadrant_counts": {
    "OVERSUPPLY": 85,
    "UNDERSUPPLY": 59,
    "INEFFICIENT": 3
  },
  "quadrant_pcts": {
    "OVERSUPPLY": 57.8,
    "UNDERSUPPLY": 40.1,
    "INEFFICIENT": 2.0
  },
  "total_revenue": 1589755.1248803465,
  "total_contribution": 781019.8148803465,
  "total_planned_kms": 30757.0,
  "depot_avg_epk": 51.57020678647554,
  "depot_avg_or": 0.6951399279130542,
  "revenue_by_quadrant": {
    "INEFFICIENT": 5928.125729650692,
    "OVERSUPPLY": 890943.7808935216,
    "UNDERSUPPLY": 692883.2182571742
  },
  "contribution_by_quadrant": {
    "INEFFICIENT": -4659.564270349309,
    "OVERSUPPLY": 394283.4008935216,
    "UNDERSUPPLY": 391395.97825717425
  }
}