{
  "depot": "JANGAON",
  "target_date": "2026-03-10",
  "predicted_depot_pkm": 2105694.25,
  "total_services": 115,
  "count_add_slot": 40,
  "count_cut": 0,
  "count_no_change": 75,
  "total_allocated_pkm": 1985092.7726611467,
  "quadrant_counts": {
    "UNDERSUPPLY": 78,
    "OVERSUPPLY": 35,
    "INEFFICIENT": 2
  },
  "quadrant_pcts": {
    "UNDERSUPPLY": 67.8,
    "OVERSUPPLY": 30.4,
    "INEFFICIENT": 1.7
  },
  "total_revenue": 2337024.477670307,
  "total_contribution": 1552146.7976703064,
  "total_planned_kms": 49455.0,
  "depot_avg_epk": 47.13128103177871,
  "depot_avg_or": 0.7755417925958065,
  "revenue_by_quadrant": {
    "INEFFICIENT": 10174.50443221924,
    "OVERSUPPLY": 567509.5936551065,
    "UNDERSUPPLY": 1759340.3795829804
  },
  "contribution_by_quadrant": {
    "INEFFICIENT": -2790.05556778076,
    "OVERSUPPLY": 310140.26365510654,
    "UNDERSUPPLY": 1244796.5895829804
  }
}