{
  "depot": "MAHABOOBABAD",
  "target_date": "2026-03-10",
  "predicted_depot_pkm": 1380045.875,
  "total_services": 74,
  "count_add_slot": 42,
  "count_cut": 3,
  "count_no_change": 29,
  "total_allocated_pkm": 1310943.3964363977,
  "quadrant_counts": {
    "UNDERSUPPLY": 57,
    "OVERSUPPLY": 14,
    "INEFFICIENT": 3
  },
  "quadrant_pcts": {
    "UNDERSUPPLY": 77.0,
    "OVERSUPPLY": 18.9,
    "INEFFICIENT": 4.1
  },
  "total_revenue": 1519713.1192798393,
  "total_contribution": 979441.6892798396,
  "total_planned_kms": 30064.0,
  "depot_avg_epk": 49.962349126982694,
  "depot_avg_or": 0.8306312476949469,
  "revenue_by_quadrant": {
    "INEFFICIENT": 5451.17958437293,
    "OVERSUPPLY": 197668.76017249492,
    "UNDERSUPPLY": 1316593.1795229719
  },
  "contribution_by_quadrant": {
    "INEFFICIENT": -13123.220415627069,
    "OVERSUPPLY": 93421.35017249493,
    "UNDERSUPPLY": 899143.5595229717
  }
}