{
  "depot": "HANAMKONDA",
  "target_date": "2026-03-20",
  "predicted_depot_pkm": 2401613.5,
  "total_services": 169,
  "count_add_slot": 86,
  "count_cut": 0,
  "count_no_change": 83,
  "total_allocated_pkm": 2320448.012384316,
  "quadrant_counts": {
    "UNDERSUPPLY": 128,
    "OVERSUPPLY": 34,
    "INEFFICIENT": 6,
    "SOCIAL_OBLIGATION": 1
  },
  "quadrant_pcts": {
    "UNDERSUPPLY": 75.7,
    "OVERSUPPLY": 20.1,
    "INEFFICIENT": 3.6,
    "SOCIAL_OBLIGATION": 0.6
  },
  "total_revenue": 2890271.0502236895,
  "total_contribution": 1397728.5402236893,
  "total_planned_kms": 53984.0,
  "depot_avg_epk": 60.69228066620402,
  "depot_avg_or": 0.8591317883956906,
  "revenue_by_quadrant": {
    "INEFFICIENT": 65726.28781673693,
    "OVERSUPPLY": 649323.8557338524,
    "SOCIAL_OBLIGATION": 14367.701978999978,
    "UNDERSUPPLY": 2160853.2046941
  },
  "contribution_by_quadrant": {
    "INEFFICIENT": -15132.67218326308,
    "OVERSUPPLY": 316784.2957338523,
    "SOCIAL_OBLIGATION": -64.31802100002278,
    "UNDERSUPPLY": 1096141.2346941
  }
}