{
  "depot": "THORROR",
  "target_date": "2026-03-20",
  "predicted_depot_pkm": 2089363.75,
  "total_services": 94,
  "count_add_slot": 73,
  "count_cut": 1,
  "count_no_change": 20,
  "total_allocated_pkm": 2013656.6854657335,
  "quadrant_counts": {
    "UNDERSUPPLY": 84,
    "OVERSUPPLY": 9,
    "INEFFICIENT": 1
  },
  "quadrant_pcts": {
    "UNDERSUPPLY": 89.4,
    "OVERSUPPLY": 9.6,
    "INEFFICIENT": 1.1
  },
  "total_revenue": 2506555.910136885,
  "total_contribution": 1568825.140136885,
  "total_planned_kms": 40942.0,
  "depot_avg_epk": 61.26054429226847,
  "depot_avg_or": 0.9749002129191509,
  "revenue_by_quadrant": {
    "INEFFICIENT": 0.0,
    "OVERSUPPLY": 149514.55787201086,
    "UNDERSUPPLY": 2357041.352264874
  },
  "contribution_by_quadrant": {
    "INEFFICIENT": -10353.57,
    "OVERSUPPLY": 70957.53787201084,
    "UNDERSUPPLY": 1508221.172264874
  }
}