{
  "depot": "WARANGAL-I",
  "target_date": "2026-03-20",
  "predicted_depot_pkm": 2221864.25,
  "total_services": 132,
  "count_add_slot": 36,
  "count_cut": 1,
  "count_no_change": 95,
  "total_allocated_pkm": 2054886.4808247408,
  "quadrant_counts": {
    "UNDERSUPPLY": 73,
    "OVERSUPPLY": 56,
    "INEFFICIENT": 3
  },
  "quadrant_pcts": {
    "UNDERSUPPLY": 55.3,
    "OVERSUPPLY": 42.4,
    "INEFFICIENT": 2.3
  },
  "total_revenue": 3016824.456671955,
  "total_contribution": 1473793.8766719555,
  "total_planned_kms": 68078.0,
  "depot_avg_epk": 46.552091294249706,
  "depot_avg_or": 0.7210189269693357,
  "revenue_by_quadrant": {
    "INEFFICIENT": 15582.266880925266,
    "OVERSUPPLY": 1408424.1800789158,
    "UNDERSUPPLY": 1592818.0097121142
  },
  "contribution_by_quadrant": {
    "INEFFICIENT": -9338.673119074734,
    "OVERSUPPLY": 621797.3800789159,
    "UNDERSUPPLY": 861335.1697121143
  }
}