{
  "depot": "WARANGAL-II",
  "target_date": "2026-03-20",
  "predicted_depot_pkm": 2889513.75,
  "total_services": 158,
  "count_add_slot": 42,
  "count_cut": 4,
  "count_no_change": 112,
  "total_allocated_pkm": 2722441.7250701515,
  "quadrant_counts": {
    "UNDERSUPPLY": 88,
    "INEFFICIENT": 40,
    "OVERSUPPLY": 30
  },
  "quadrant_pcts": {
    "UNDERSUPPLY": 55.7,
    "INEFFICIENT": 25.3,
    "OVERSUPPLY": 19.0
  },
  "total_revenue": 3599025.7823332343,
  "total_contribution": 645665.2223332342,
  "total_planned_kms": 75884.0,
  "depot_avg_epk": 47.82043969206647,
  "depot_avg_or": 0.717624272711966,
  "revenue_by_quadrant": {
    "INEFFICIENT": 614186.0359741169,
    "OVERSUPPLY": 649113.5525348692,
    "UNDERSUPPLY": 2335726.193824248
  },
  "contribution_by_quadrant": {
    "INEFFICIENT": -207382.26402588308,
    "OVERSUPPLY": 63748.512534869165,
    "UNDERSUPPLY": 789298.9738242481
  }
}