{
  "depot": "BHUPALAPALLAY",
  "target_date": "2026-03-01",
  "predicted_depot_pkm": 1639877.625,
  "total_services": 86,
  "count_add_slot": 41,
  "count_cut": 0,
  "count_no_change": 45,
  "total_allocated_pkm": 1561035.9368350294,
  "quadrant_counts": {
    "UNDERSUPPLY": 64,
    "OVERSUPPLY": 18,
    "INEFFICIENT": 4
  },
  "quadrant_pcts": {
    "UNDERSUPPLY": 74.4,
    "OVERSUPPLY": 20.9,
    "INEFFICIENT": 4.7
  },
  "total_revenue": 1951697.3567887885,
  "total_contribution": 1114980.9767887883,
  "total_planned_kms": 40068.0,
  "depot_avg_epk": 48.69907900591395,
  "depot_avg_or": 0.7824287039133658,
  "revenue_by_quadrant": {
    "INEFFICIENT": 0.0,
    "OVERSUPPLY": 278195.75810819195,
    "UNDERSUPPLY": 1673501.5986805966
  },
  "contribution_by_quadrant": {
    "INEFFICIENT": -40137.84,
    "OVERSUPPLY": 112520.79810819193,
    "UNDERSUPPLY": 1042598.0186805966
  }
}