{
  "depot": "WARANGAL-I",
  "target_date": "2026-03-01",
  "predicted_depot_pkm": 2075734.625,
  "total_services": 132,
  "count_add_slot": 0,
  "count_cut": 2,
  "count_no_change": 130,
  "total_allocated_pkm": 1283545.3736539455,
  "quadrant_counts": {
    "OVERSUPPLY": 104,
    "INEFFICIENT": 26,
    "UNDERSUPPLY": 2
  },
  "quadrant_pcts": {
    "OVERSUPPLY": 78.8,
    "INEFFICIENT": 19.7,
    "UNDERSUPPLY": 1.5
  },
  "total_revenue": 1834661.8335307273,
  "total_contribution": 291631.2535307269,
  "total_planned_kms": 68078.0,
  "depot_avg_epk": 28.261617248824646,
  "depot_avg_or": 0.44280948475681653,
  "revenue_by_quadrant": {
    "INEFFICIENT": 323462.13823054,
    "OVERSUPPLY": 1470164.241332591,
    "UNDERSUPPLY": 41035.45396759578
  },
  "contribution_by_quadrant": {
    "INEFFICIENT": -59502.18176946002,
    "OVERSUPPLY": 326009.02133259113,
    "UNDERSUPPLY": 25124.41396759578
  }
}