{
  "depot": "NIZAMABAD-I",
  "target_date": "2026-03-01",
  "predicted_depot_pkm": 1723470.25,
  "total_services": 125,
  "count_add_slot": 7,
  "count_cut": 0,
  "count_no_change": 118,
  "total_allocated_pkm": 1370905.966384406,
  "quadrant_counts": {
    "OVERSUPPLY": 79,
    "UNDERSUPPLY": 38,
    "INEFFICIENT": 8
  },
  "quadrant_pcts": {
    "OVERSUPPLY": 63.2,
    "UNDERSUPPLY": 30.4,
    "INEFFICIENT": 6.4
  },
  "total_revenue": 1799826.307099801,
  "total_contribution": 812102.3270998008,
  "total_planned_kms": 51753.0,
  "depot_avg_epk": 36.30331170178064,
  "depot_avg_or": 0.564215776353753,
  "revenue_by_quadrant": {
    "INEFFICIENT": 20254.184837929155,
    "OVERSUPPLY": 1065257.443119332,
    "UNDERSUPPLY": 714314.6791425399
  },
  "contribution_by_quadrant": {
    "INEFFICIENT": -63786.29516207085,
    "OVERSUPPLY": 436770.3231193319,
    "UNDERSUPPLY": 439118.29914253985
  }
}