{
  "depot": "KUSHAIGUDA",
  "target_date": "2026-05-13",
  "predicted_depot_pkm": 1888055.0,
  "total_services": 226,
  "count_add_slot": 78,
  "count_cut": 0,
  "count_no_change": 148,
  "total_allocated_pkm": 1631592.4763710722,
  "quadrant_counts": {
    "UNDERSUPPLY": 143,
    "OVERSUPPLY": 73,
    "INEFFICIENT": 10
  },
  "quadrant_pcts": {
    "UNDERSUPPLY": 63.3,
    "OVERSUPPLY": 32.3,
    "INEFFICIENT": 4.4
  },
  "total_revenue": 2253631.2188499337,
  "total_contribution": 1209731.2188499337,
  "total_planned_kms": 41756.0,
  "depot_avg_epk": 57.615263716210734,
  "depot_avg_or": 0.8010627018941332,
  "revenue_by_quadrant": {
    "INEFFICIENT": 31886.65126657709,
    "OVERSUPPLY": 574051.3406156271,
    "UNDERSUPPLY": 1647693.2269677294
  },
  "contribution_by_quadrant": {
    "INEFFICIENT": -26188.34873342291,
    "OVERSUPPLY": 214751.3406156271,
    "UNDERSUPPLY": 1021168.2269677294
  }
}