{
  "depot": "WANAPARTHI",
  "target_date": "2026-05-13",
  "predicted_depot_pkm": 2353225.5,
  "total_services": 130,
  "count_add_slot": 74,
  "count_cut": 0,
  "count_no_change": 56,
  "total_allocated_pkm": 2235272.216477631,
  "quadrant_counts": {
    "UNDERSUPPLY": 105,
    "OVERSUPPLY": 22,
    "INEFFICIENT": 3
  },
  "quadrant_pcts": {
    "UNDERSUPPLY": 80.8,
    "OVERSUPPLY": 16.9,
    "INEFFICIENT": 2.3
  },
  "total_revenue": 2719595.9880726924,
  "total_contribution": 1444995.9880726922,
  "total_planned_kms": 50984.0,
  "depot_avg_epk": 53.80175606384446,
  "depot_avg_or": 0.8777708409768036,
  "revenue_by_quadrant": {
    "INEFFICIENT": 12934.649845982944,
    "OVERSUPPLY": 382262.24096051743,
    "UNDERSUPPLY": 2324399.0972661916
  },
  "contribution_by_quadrant": {
    "INEFFICIENT": -11315.350154017056,
    "OVERSUPPLY": 138962.2409605174,
    "UNDERSUPPLY": 1317349.0972661916
  }
}