{
  "depot": "MANCHERIAL",
  "target_date": "2026-05-13",
  "predicted_depot_pkm": 2085451.125,
  "total_services": 146,
  "count_add_slot": 22,
  "count_cut": 0,
  "count_no_change": 124,
  "total_allocated_pkm": 2002221.4339851951,
  "quadrant_counts": {
    "UNDERSUPPLY": 76,
    "OVERSUPPLY": 63,
    "INEFFICIENT": 7
  },
  "quadrant_pcts": {
    "UNDERSUPPLY": 52.1,
    "OVERSUPPLY": 43.2,
    "INEFFICIENT": 4.8
  },
  "total_revenue": 2567170.9038932375,
  "total_contribution": 1023595.9038932374,
  "total_planned_kms": 61743.0,
  "depot_avg_epk": 41.33936036841399,
  "depot_avg_or": 0.6709417475957568,
  "revenue_by_quadrant": {
    "INEFFICIENT": 22871.86674966912,
    "OVERSUPPLY": 1092394.7880127954,
    "UNDERSUPPLY": 1451904.249130773
  },
  "contribution_by_quadrant": {
    "INEFFICIENT": -33703.13325033088,
    "OVERSUPPLY": 357519.78801279527,
    "UNDERSUPPLY": 699779.2491307729
  }
}