{
  "depot": "NARAYANPET",
  "target_date": "2026-05-13",
  "predicted_depot_pkm": 2087781.375,
  "total_services": 95,
  "count_add_slot": 63,
  "count_cut": 0,
  "count_no_change": 32,
  "total_allocated_pkm": 1947857.4472577746,
  "quadrant_counts": {
    "UNDERSUPPLY": 77,
    "OVERSUPPLY": 12,
    "INEFFICIENT": 6
  },
  "quadrant_pcts": {
    "UNDERSUPPLY": 81.1,
    "OVERSUPPLY": 12.6,
    "INEFFICIENT": 6.3
  },
  "total_revenue": 2359483.7661788664,
  "total_contribution": 1319221.266178867,
  "total_planned_kms": 41610.5,
  "depot_avg_epk": 56.8489622959131,
  "depot_avg_or": 0.9168278893345049,
  "revenue_by_quadrant": {
    "INEFFICIENT": 31432.28346575295,
    "OVERSUPPLY": 187954.77682366778,
    "UNDERSUPPLY": 2140096.705889446
  },
  "contribution_by_quadrant": {
    "INEFFICIENT": -23867.71653424705,
    "OVERSUPPLY": 56804.77682366777,
    "UNDERSUPPLY": 1286284.2058894462
  }
}