{
  "depot": "RAJENDRANAGAR",
  "target_date": "2026-05-13",
  "predicted_depot_pkm": 1892622.75,
  "total_services": 179,
  "count_add_slot": 126,
  "count_cut": 0,
  "count_no_change": 53,
  "total_allocated_pkm": 1674762.2062215002,
  "quadrant_counts": {
    "UNDERSUPPLY": 135,
    "INEFFICIENT": 40,
    "OVERSUPPLY": 4
  },
  "quadrant_pcts": {
    "UNDERSUPPLY": 75.4,
    "INEFFICIENT": 22.3,
    "OVERSUPPLY": 2.2
  },
  "total_revenue": 2260017.308742432,
  "total_contribution": 1269285.308742432,
  "total_planned_kms": 39629.28,
  "depot_avg_epk": 58.90872724636062,
  "depot_avg_or": 0.9494858873997498,
  "revenue_by_quadrant": {
    "INEFFICIENT": 27993.31498191316,
    "OVERSUPPLY": 19486.953050818072,
    "UNDERSUPPLY": 2212537.0407097004
  },
  "contribution_by_quadrant": {
    "INEFFICIENT": -195987.68501808684,
    "OVERSUPPLY": 4111.953050818072,
    "UNDERSUPPLY": 1461161.0407097007
  }
}