{
  "depot": "NARAYANKHED",
  "target_date": "2026-05-13",
  "predicted_depot_pkm": 1050533.75,
  "total_services": 54,
  "count_add_slot": 12,
  "count_cut": 0,
  "count_no_change": 42,
  "total_allocated_pkm": 906394.5794226931,
  "quadrant_counts": {
    "UNDERSUPPLY": 29,
    "INEFFICIENT": 13,
    "OVERSUPPLY": 12
  },
  "quadrant_pcts": {
    "UNDERSUPPLY": 53.7,
    "INEFFICIENT": 24.1,
    "OVERSUPPLY": 22.2
  },
  "total_revenue": 1118759.9257261627,
  "total_contribution": 504834.92572616274,
  "total_planned_kms": 24557.0,
  "depot_avg_epk": 42.27734549170333,
  "depot_avg_or": 0.6276104455422027,
  "revenue_by_quadrant": {
    "INEFFICIENT": 48661.109578464915,
    "OVERSUPPLY": 183465.2326122038,
    "UNDERSUPPLY": 886633.583535494
  },
  "contribution_by_quadrant": {
    "INEFFICIENT": -70188.89042153508,
    "OVERSUPPLY": 57565.23261220381,
    "UNDERSUPPLY": 517458.58353549405
  }
}