{
  "depot": "HAYATHNAGAR-I",
  "target_date": "2026-05-13",
  "predicted_depot_pkm": 1641944.0,
  "total_services": 174,
  "count_add_slot": 115,
  "count_cut": 0,
  "count_no_change": 59,
  "total_allocated_pkm": 1566987.0752820978,
  "quadrant_counts": {
    "UNDERSUPPLY": 117,
    "INEFFICIENT": 56,
    "OVERSUPPLY": 1
  },
  "quadrant_pcts": {
    "UNDERSUPPLY": 67.2,
    "INEFFICIENT": 32.2,
    "OVERSUPPLY": 0.6
  },
  "total_revenue": 2056446.3024108857,
  "total_contribution": 1269270.8024108862,
  "total_planned_kms": 31487.02,
  "depot_avg_epk": 61.10485252514143,
  "depot_avg_or": 1.0112497818004629,
  "revenue_by_quadrant": {
    "INEFFICIENT": 13336.831476355495,
    "OVERSUPPLY": 6366.25659264063,
    "UNDERSUPPLY": 2036743.2143418898
  },
  "contribution_by_quadrant": {
    "INEFFICIENT": -212563.1685236445,
    "OVERSUPPLY": 2516.2565926406296,
    "UNDERSUPPLY": 1479317.7143418898
  }
}