{
  "depot": "BANSWADA",
  "target_date": "2026-05-13",
  "predicted_depot_pkm": 1879869.125,
  "total_services": 92,
  "count_add_slot": 45,
  "count_cut": 0,
  "count_no_change": 47,
  "total_allocated_pkm": 1680073.048769558,
  "quadrant_counts": {
    "UNDERSUPPLY": 69,
    "OVERSUPPLY": 17,
    "INEFFICIENT": 6
  },
  "quadrant_pcts": {
    "UNDERSUPPLY": 75.0,
    "OVERSUPPLY": 18.5,
    "INEFFICIENT": 6.5
  },
  "total_revenue": 2007215.1700117057,
  "total_contribution": 1303843.9800117055,
  "total_planned_kms": 37832.0,
  "depot_avg_epk": 52.442912382573596,
  "depot_avg_or": 0.7941143873422406,
  "revenue_by_quadrant": {
    "INEFFICIENT": 4913.279562765929,
    "OVERSUPPLY": 234664.9552117178,
    "UNDERSUPPLY": 1767636.9352372221
  },
  "contribution_by_quadrant": {
    "INEFFICIENT": -39801.37043723407,
    "OVERSUPPLY": 114340.5952117178,
    "UNDERSUPPLY": 1229304.755237222
  }
}