{
  "depot": "GODAVARIKHANI",
  "target_date": "2026-05-13",
  "predicted_depot_pkm": 2210992.0,
  "total_services": 120,
  "count_add_slot": 49,
  "count_cut": 0,
  "count_no_change": 71,
  "total_allocated_pkm": 1963236.1041212315,
  "quadrant_counts": {
    "UNDERSUPPLY": 73,
    "OVERSUPPLY": 40,
    "INEFFICIENT": 7
  },
  "quadrant_pcts": {
    "UNDERSUPPLY": 60.8,
    "OVERSUPPLY": 33.3,
    "INEFFICIENT": 5.8
  },
  "total_revenue": 2503707.04015915,
  "total_contribution": 1172207.04015915,
  "total_planned_kms": 53260.0,
  "depot_avg_epk": 48.390526759217465,
  "depot_avg_or": 0.7648506615660999,
  "revenue_by_quadrant": {
    "INEFFICIENT": 16668.778769906494,
    "OVERSUPPLY": 781022.6685642257,
    "UNDERSUPPLY": 1706015.5928250179
  },
  "contribution_by_quadrant": {
    "INEFFICIENT": -81181.2212300935,
    "OVERSUPPLY": 297672.6685642256,
    "UNDERSUPPLY": 955715.592825018
  }
}