{
  "depot": "FAROOQNAGAR",
  "target_date": "2026-05-13",
  "predicted_depot_pkm": 1198054.75,
  "total_services": 153,
  "count_add_slot": 100,
  "count_cut": 0,
  "count_no_change": 53,
  "total_allocated_pkm": 1096216.6412543624,
  "quadrant_counts": {
    "UNDERSUPPLY": 116,
    "INEFFICIENT": 21,
    "OVERSUPPLY": 16
  },
  "quadrant_pcts": {
    "UNDERSUPPLY": 75.8,
    "INEFFICIENT": 13.7,
    "OVERSUPPLY": 10.5
  },
  "total_revenue": 1506868.885706548,
  "total_contribution": 866068.885706548,
  "total_planned_kms": 25632.0,
  "depot_avg_epk": 57.8982062327532,
  "depot_avg_or": 0.9195730370972328,
  "revenue_by_quadrant": {
    "INEFFICIENT": 16540.97766306196,
    "OVERSUPPLY": 80690.63402458791,
    "UNDERSUPPLY": 1409637.2740188981
  },
  "contribution_by_quadrant": {
    "INEFFICIENT": -73634.02233693804,
    "OVERSUPPLY": 25665.634024587907,
    "UNDERSUPPLY": 914037.2740188981
  }
}