{
  "depot": "VEMULAWADA",
  "target_date": "2026-05-13",
  "predicted_depot_pkm": 1478674.0,
  "total_services": 74,
  "count_add_slot": 37,
  "count_cut": 0,
  "count_no_change": 37,
  "total_allocated_pkm": 1377297.3781090286,
  "quadrant_counts": {
    "UNDERSUPPLY": 58,
    "OVERSUPPLY": 13,
    "INEFFICIENT": 3
  },
  "quadrant_pcts": {
    "UNDERSUPPLY": 78.4,
    "OVERSUPPLY": 17.6,
    "INEFFICIENT": 4.1
  },
  "total_revenue": 1706699.8102859438,
  "total_contribution": 878899.8102859438,
  "total_planned_kms": 33112.0,
  "depot_avg_epk": 51.37502726764954,
  "depot_avg_or": 0.8548885857215733,
  "revenue_by_quadrant": {
    "INEFFICIENT": 11963.007257594461,
    "OVERSUPPLY": 193148.6751398012,
    "UNDERSUPPLY": 1501588.1278885482
  },
  "contribution_by_quadrant": {
    "INEFFICIENT": -18886.99274240554,
    "OVERSUPPLY": 57498.6751398012,
    "UNDERSUPPLY": 840288.1278885482
  }
}