{
  "depot": "BANDLAGUDA",
  "target_date": "2026-05-13",
  "predicted_depot_pkm": 1481841.125,
  "total_services": 148,
  "count_add_slot": 133,
  "count_cut": 0,
  "count_no_change": 15,
  "total_allocated_pkm": 1398680.6298276857,
  "quadrant_counts": {
    "UNDERSUPPLY": 140,
    "INEFFICIENT": 5,
    "OVERSUPPLY": 3
  },
  "quadrant_pcts": {
    "UNDERSUPPLY": 94.6,
    "INEFFICIENT": 3.4,
    "OVERSUPPLY": 2.0
  },
  "total_revenue": 1904676.7779784803,
  "total_contribution": 1254311.7779784803,
  "total_planned_kms": 26014.6,
  "depot_avg_epk": 75.17549322171813,
  "depot_avg_or": 1.1996025536235038,
  "revenue_by_quadrant": {
    "INEFFICIENT": 2893.833463363426,
    "OVERSUPPLY": 14897.290191218475,
    "UNDERSUPPLY": 1886885.6543238983
  },
  "contribution_by_quadrant": {
    "INEFFICIENT": -38106.16653663658,
    "OVERSUPPLY": 5047.290191218474,
    "UNDERSUPPLY": 1287370.6543238983
  }
}