{
  "depot": "FALAKNUMA",
  "target_date": "2026-05-13",
  "predicted_depot_pkm": 1573641.625,
  "total_services": 148,
  "count_add_slot": 112,
  "count_cut": 0,
  "count_no_change": 36,
  "total_allocated_pkm": 1424803.9646287714,
  "quadrant_counts": {
    "UNDERSUPPLY": 114,
    "INEFFICIENT": 30,
    "OVERSUPPLY": 4
  },
  "quadrant_pcts": {
    "UNDERSUPPLY": 77.0,
    "INEFFICIENT": 20.3,
    "OVERSUPPLY": 2.7
  },
  "total_revenue": 1895871.4304355779,
  "total_contribution": 1195721.4304355779,
  "total_planned_kms": 28006.0,
  "depot_avg_epk": 64.79208339016238,
  "depot_avg_or": 1.0551865952041746,
  "revenue_by_quadrant": {
    "INEFFICIENT": 19094.99243088886,
    "OVERSUPPLY": 19844.26846711569,
    "UNDERSUPPLY": 1856932.1695375731
  },
  "contribution_by_quadrant": {
    "INEFFICIENT": -87805.00756911114,
    "OVERSUPPLY": 5369.268467115688,
    "UNDERSUPPLY": 1278157.1695375731
  }
}