{
  "depot": "BODHAN",
  "target_date": "2026-05-13",
  "predicted_depot_pkm": 1949205.875,
  "total_services": 104,
  "count_add_slot": 47,
  "count_cut": 0,
  "count_no_change": 57,
  "total_allocated_pkm": 1864129.0907735066,
  "quadrant_counts": {
    "UNDERSUPPLY": 68,
    "OVERSUPPLY": 32,
    "INEFFICIENT": 4
  },
  "quadrant_pcts": {
    "UNDERSUPPLY": 65.4,
    "OVERSUPPLY": 30.8,
    "INEFFICIENT": 3.8
  },
  "total_revenue": 2395639.1938540256,
  "total_contribution": 1454710.1038540255,
  "total_planned_kms": 50213.0,
  "depot_avg_epk": 48.85342856586074,
  "depot_avg_or": 0.7928714647114901,
  "revenue_by_quadrant": {
    "INEFFICIENT": 12016.813690463558,
    "OVERSUPPLY": 781916.0495505793,
    "UNDERSUPPLY": 1601706.3306129826
  },
  "contribution_by_quadrant": {
    "INEFFICIENT": -19179.826309536442,
    "OVERSUPPLY": 391383.3395505793,
    "UNDERSUPPLY": 1082506.5906129826
  }
}