{
  "depot": "GWL-PRGPR",
  "target_date": "2026-05-13",
  "predicted_depot_pkm": 1722760.0,
  "total_services": 79,
  "count_add_slot": 51,
  "count_cut": 2,
  "count_no_change": 26,
  "total_allocated_pkm": 1563698.5541762237,
  "quadrant_counts": {
    "UNDERSUPPLY": 64,
    "OVERSUPPLY": 11,
    "INEFFICIENT": 4
  },
  "quadrant_pcts": {
    "UNDERSUPPLY": 81.0,
    "OVERSUPPLY": 13.9,
    "INEFFICIENT": 5.1
  },
  "total_revenue": 1787518.682320384,
  "total_contribution": 993668.6823203845,
  "total_planned_kms": 31754.0,
  "depot_avg_epk": 55.91189085224255,
  "depot_avg_or": 0.8577463296409195,
  "revenue_by_quadrant": {
    "INEFFICIENT": 24481.07343191331,
    "OVERSUPPLY": 151866.56361046885,
    "UNDERSUPPLY": 1611171.0452780023
  },
  "contribution_by_quadrant": {
    "INEFFICIENT": -9893.92656808669,
    "OVERSUPPLY": 43616.56361046885,
    "UNDERSUPPLY": 959946.0452780022
  }
}