{
  "depot": "BARKATPURA",
  "target_date": "2026-05-13",
  "predicted_depot_pkm": 1517578.0,
  "total_services": 142,
  "count_add_slot": 97,
  "count_cut": 1,
  "count_no_change": 44,
  "total_allocated_pkm": 1436961.9337823733,
  "quadrant_counts": {
    "UNDERSUPPLY": 101,
    "INEFFICIENT": 40,
    "OVERSUPPLY": 1
  },
  "quadrant_pcts": {
    "UNDERSUPPLY": 71.1,
    "INEFFICIENT": 28.2,
    "OVERSUPPLY": 0.7
  },
  "total_revenue": 1917619.7706973867,
  "total_contribution": 1197269.7706973867,
  "total_planned_kms": 28814.0,
  "depot_avg_epk": 64.40120033860256,
  "depot_avg_or": 1.0503872669945566,
  "revenue_by_quadrant": {
    "INEFFICIENT": 9595.590663800649,
    "OVERSUPPLY": 5388.749946883523,
    "UNDERSUPPLY": 1902635.4300867028
  },
  "contribution_by_quadrant": {
    "INEFFICIENT": -192129.40933619934,
    "OVERSUPPLY": 1588.749946883523,
    "UNDERSUPPLY": 1387810.4300867028
  }
}