{
  "depot": "KARIMNAGAR-I",
  "target_date": "2026-05-13",
  "predicted_depot_pkm": 1749450.0,
  "total_services": 108,
  "count_add_slot": 23,
  "count_cut": 7,
  "count_no_change": 78,
  "total_allocated_pkm": 1609272.609471382,
  "quadrant_counts": {
    "UNDERSUPPLY": 77,
    "OVERSUPPLY": 22,
    "INEFFICIENT": 9
  },
  "quadrant_pcts": {
    "UNDERSUPPLY": 71.3,
    "OVERSUPPLY": 20.4,
    "INEFFICIENT": 8.3
  },
  "total_revenue": 2021267.969007104,
  "total_contribution": 883736.2090071043,
  "total_planned_kms": 47350.0,
  "depot_avg_epk": 44.52079247515971,
  "depot_avg_or": 0.7124246206864351,
  "revenue_by_quadrant": {
    "INEFFICIENT": 12051.959924842758,
    "OVERSUPPLY": 434080.4571591387,
    "UNDERSUPPLY": 1575135.5519231227
  },
  "contribution_by_quadrant": {
    "INEFFICIENT": -110371.18007515723,
    "OVERSUPPLY": 203015.07715913872,
    "UNDERSUPPLY": 791092.3119231227
  }
}