{
  "depot": "JAGITYAL",
  "target_date": "2026-05-13",
  "predicted_depot_pkm": 1971618.75,
  "total_services": 111,
  "count_add_slot": 46,
  "count_cut": 7,
  "count_no_change": 58,
  "total_allocated_pkm": 1777949.234831765,
  "quadrant_counts": {
    "UNDERSUPPLY": 75,
    "OVERSUPPLY": 25,
    "INEFFICIENT": 11
  },
  "quadrant_pcts": {
    "UNDERSUPPLY": 67.6,
    "OVERSUPPLY": 22.5,
    "INEFFICIENT": 9.9
  },
  "total_revenue": 2194942.0236535068,
  "total_contribution": 1014492.0236535072,
  "total_planned_kms": 47218.0,
  "depot_avg_epk": 46.46769730768552,
  "depot_avg_or": 0.7614621671422257,
  "revenue_by_quadrant": {
    "INEFFICIENT": 16360.13310463105,
    "OVERSUPPLY": 521343.9087086299,
    "UNDERSUPPLY": 1657237.9818402464
  },
  "contribution_by_quadrant": {
    "INEFFICIENT": -84639.86689536895,
    "OVERSUPPLY": 179993.9087086299,
    "UNDERSUPPLY": 919137.9818402464
  }
}