{
  "depot": "THORROR",
  "target_date": "2026-04-07",
  "predicted_depot_pkm": 1732631.5,
  "total_services": 94,
  "count_add_slot": 46,
  "count_cut": 0,
  "count_no_change": 48,
  "total_allocated_pkm": 1682019.5432317203,
  "quadrant_counts": {
    "UNDERSUPPLY": 71,
    "OVERSUPPLY": 19,
    "INEFFICIENT": 4
  },
  "quadrant_pcts": {
    "UNDERSUPPLY": 75.5,
    "OVERSUPPLY": 20.2,
    "INEFFICIENT": 4.3
  },
  "total_revenue": 2089520.3468833705,
  "total_contribution": 1151789.5768833703,
  "total_planned_kms": 40942.0,
  "depot_avg_epk": 51.209693525973655,
  "depot_avg_or": 0.8105438329765015,
  "revenue_by_quadrant": {
    "INEFFICIENT": 13434.531015438457,
    "OVERSUPPLY": 303071.6359457585,
    "UNDERSUPPLY": 1773014.1799221735
  },
  "contribution_by_quadrant": {
    "INEFFICIENT": -20165.748984561542,
    "OVERSUPPLY": 117736.59594575851,
    "UNDERSUPPLY": 1054218.7299221735
  }
}