{
  "depot": "HAKIMPET",
  "target_date": "2026-04-07",
  "predicted_depot_pkm": 1381820.25,
  "total_services": 147,
  "count_add_slot": 113,
  "count_cut": 0,
  "count_no_change": 34,
  "total_allocated_pkm": 1281990.965858556,
  "quadrant_counts": {
    "UNDERSUPPLY": 137,
    "INEFFICIENT": 7,
    "OVERSUPPLY": 3
  },
  "quadrant_pcts": {
    "UNDERSUPPLY": 93.2,
    "INEFFICIENT": 4.8,
    "OVERSUPPLY": 2.0
  },
  "total_revenue": 1728700.6878286456,
  "total_contribution": 919916.2775286458,
  "total_planned_kms": 30758.690000000002,
  "depot_avg_epk": 56.191287097363805,
  "depot_avg_or": 0.9624482316272386,
  "revenue_by_quadrant": {
    "INEFFICIENT": 26167.94473063793,
    "OVERSUPPLY": 21850.64555780965,
    "UNDERSUPPLY": 1680682.0975401981
  },
  "contribution_by_quadrant": {
    "INEFFICIENT": -4418.715269362072,
    "OVERSUPPLY": 5581.14555780965,
    "UNDERSUPPLY": 918753.8472401982
  }
}