{
  "depot": "WARANGAL-II",
  "target_date": "2026-04-07",
  "predicted_depot_pkm": 2730345.0,
  "total_services": 158,
  "count_add_slot": 43,
  "count_cut": 0,
  "count_no_change": 115,
  "total_allocated_pkm": 2710409.2283723075,
  "quadrant_counts": {
    "UNDERSUPPLY": 87,
    "INEFFICIENT": 41,
    "OVERSUPPLY": 25,
    "SOCIAL_OBLIGATION": 5
  },
  "quadrant_pcts": {
    "UNDERSUPPLY": 55.1,
    "INEFFICIENT": 25.9,
    "OVERSUPPLY": 15.8,
    "SOCIAL_OBLIGATION": 3.2
  },
  "total_revenue": 3564582.9154387144,
  "total_contribution": 641151.9554387147,
  "total_planned_kms": 75132.0,
  "depot_avg_epk": 47.56436278780937,
  "depot_avg_or": 0.7411562808160078,
  "revenue_by_quadrant": {
    "INEFFICIENT": 655943.7966669188,
    "OVERSUPPLY": 504896.13330473535,
    "SOCIAL_OBLIGATION": 101874.34527151316,
    "UNDERSUPPLY": 2301868.640195547
  },
  "contribution_by_quadrant": {
    "INEFFICIENT": -186333.70333308118,
    "OVERSUPPLY": 46457.513304735396,
    "SOCIAL_OBLIGATION": -3993.654728486843,
    "UNDERSUPPLY": 785021.8001955472
  }
}