{
  "depot": "BHUPALAPALLAY",
  "target_date": "2026-04-07",
  "predicted_depot_pkm": 1443030.125,
  "total_services": 86,
  "count_add_slot": 18,
  "count_cut": 0,
  "count_no_change": 68,
  "total_allocated_pkm": 1384584.5803580026,
  "quadrant_counts": {
    "UNDERSUPPLY": 40,
    "OVERSUPPLY": 39,
    "INEFFICIENT": 7
  },
  "quadrant_pcts": {
    "UNDERSUPPLY": 46.5,
    "OVERSUPPLY": 45.3,
    "INEFFICIENT": 8.1
  },
  "total_revenue": 1750207.2935926046,
  "total_contribution": 913155.9535926046,
  "total_planned_kms": 40104.0,
  "depot_avg_epk": 43.24478350703873,
  "depot_avg_or": 0.6710289331325483,
  "revenue_by_quadrant": {
    "INEFFICIENT": 35637.12152544588,
    "OVERSUPPLY": 676939.4136562308,
    "UNDERSUPPLY": 1037630.758410928
  },
  "contribution_by_quadrant": {
    "INEFFICIENT": -25054.438474554117,
    "OVERSUPPLY": 307977.6936562308,
    "UNDERSUPPLY": 630232.698410928
  }
}