{
  "depot": "NARSAMPET",
  "target_date": "2026-04-07",
  "predicted_depot_pkm": 1694397.375,
  "total_services": 94,
  "count_add_slot": 55,
  "count_cut": 0,
  "count_no_change": 39,
  "total_allocated_pkm": 1634920.0972272183,
  "quadrant_counts": {
    "UNDERSUPPLY": 68,
    "OVERSUPPLY": 19,
    "INEFFICIENT": 7
  },
  "quadrant_pcts": {
    "UNDERSUPPLY": 72.3,
    "OVERSUPPLY": 20.2,
    "INEFFICIENT": 7.4
  },
  "total_revenue": 1952290.253914807,
  "total_contribution": 1080398.0539148068,
  "total_planned_kms": 40599.0,
  "depot_avg_epk": 47.987126817313396,
  "depot_avg_or": 0.8259016540125201,
  "revenue_by_quadrant": {
    "INEFFICIENT": 28197.211929140183,
    "OVERSUPPLY": 333355.30289656203,
    "UNDERSUPPLY": 1590737.7390891048
  },
  "contribution_by_quadrant": {
    "INEFFICIENT": -28624.86807085982,
    "OVERSUPPLY": 149381.742896562,
    "UNDERSUPPLY": 959641.1790891049
  }
}