{
  "depot": "MAHABOOBABAD",
  "target_date": "2026-04-07",
  "predicted_depot_pkm": 1333767.875,
  "total_services": 76,
  "count_add_slot": 28,
  "count_cut": 0,
  "count_no_change": 48,
  "total_allocated_pkm": 1267545.0638520124,
  "quadrant_counts": {
    "UNDERSUPPLY": 54,
    "OVERSUPPLY": 17,
    "INEFFICIENT": 5
  },
  "quadrant_pcts": {
    "UNDERSUPPLY": 71.1,
    "OVERSUPPLY": 22.4,
    "INEFFICIENT": 6.6
  },
  "total_revenue": 1472638.4788867107,
  "total_contribution": 914150.6888867109,
  "total_planned_kms": 31066.0,
  "depot_avg_epk": 46.629373316042795,
  "depot_avg_or": 0.7515671218173633,
  "revenue_by_quadrant": {
    "INEFFICIENT": 9947.26602674256,
    "OVERSUPPLY": 236297.25151338076,
    "UNDERSUPPLY": 1226393.9613465876
  },
  "contribution_by_quadrant": {
    "INEFFICIENT": -23644.313973257442,
    "OVERSUPPLY": 109458.60151338077,
    "UNDERSUPPLY": 828336.4013465876
  }
}