{
  "depot": "HYDERABAD-II",
  "target_date": "2026-04-07",
  "predicted_depot_pkm": 1609091.875,
  "total_services": 94,
  "count_add_slot": 38,
  "count_cut": 0,
  "count_no_change": 56,
  "total_allocated_pkm": 1571082.5044462066,
  "quadrant_counts": {
    "UNDERSUPPLY": 51,
    "OVERSUPPLY": 43
  },
  "quadrant_pcts": {
    "UNDERSUPPLY": 54.3,
    "OVERSUPPLY": 45.7
  },
  "total_revenue": 2166498.5676754825,
  "total_contribution": 1342797.0676754827,
  "total_planned_kms": 44645.0,
  "depot_avg_epk": 50.71547444409185,
  "depot_avg_or": 0.8046213372209086,
  "revenue_by_quadrant": {
    "OVERSUPPLY": 842671.7191022263,
    "UNDERSUPPLY": 1323826.8485732563
  },
  "contribution_by_quadrant": {
    "OVERSUPPLY": 417940.81910222635,
    "UNDERSUPPLY": 924856.2485732562
  }
}