{
  "depot": "JANGAON",
  "target_date": "2026-04-07",
  "predicted_depot_pkm": 2035215.375,
  "total_services": 115,
  "count_add_slot": 43,
  "count_cut": 0,
  "count_no_change": 72,
  "total_allocated_pkm": 1892886.4886252938,
  "quadrant_counts": {
    "UNDERSUPPLY": 75,
    "OVERSUPPLY": 32,
    "INEFFICIENT": 8
  },
  "quadrant_pcts": {
    "UNDERSUPPLY": 65.2,
    "OVERSUPPLY": 27.8,
    "INEFFICIENT": 7.0
  },
  "total_revenue": 2186548.056980496,
  "total_contribution": 1401670.3769804959,
  "total_planned_kms": 49455.0,
  "depot_avg_epk": 44.36489930010168,
  "depot_avg_or": 0.7479052065850498,
  "revenue_by_quadrant": {
    "INEFFICIENT": 46389.79096819364,
    "OVERSUPPLY": 488004.52467518847,
    "UNDERSUPPLY": 1652153.741337114
  },
  "contribution_by_quadrant": {
    "INEFFICIENT": -17866.929031806365,
    "OVERSUPPLY": 245636.07467518846,
    "UNDERSUPPLY": 1173901.2313371138
  }
}