{
  "depot": "ARMOOR",
  "target_date": "2026-04-07",
  "predicted_depot_pkm": 1437887.875,
  "total_services": 90,
  "count_add_slot": 27,
  "count_cut": 0,
  "count_no_change": 63,
  "total_allocated_pkm": 1260523.344443089,
  "quadrant_counts": {
    "UNDERSUPPLY": 53,
    "OVERSUPPLY": 27,
    "INEFFICIENT": 10
  },
  "quadrant_pcts": {
    "UNDERSUPPLY": 58.9,
    "OVERSUPPLY": 30.0,
    "INEFFICIENT": 11.1
  },
  "total_revenue": 1557894.422318221,
  "total_contribution": 876925.2223182211,
  "total_planned_kms": 36987.0,
  "depot_avg_epk": 42.51709733114714,
  "depot_avg_or": 0.6913289682868267,
  "revenue_by_quadrant": {
    "INEFFICIENT": 19893.73068202105,
    "OVERSUPPLY": 460514.6815774008,
    "UNDERSUPPLY": 1077486.0100587993
  },
  "contribution_by_quadrant": {
    "INEFFICIENT": -56851.06931797895,
    "OVERSUPPLY": 216185.80157740082,
    "UNDERSUPPLY": 717590.4900587993
  }
}