{
  "depot": "CONTONMENT",
  "target_date": "2026-03-24",
  "predicted_depot_pkm": 1770268.875,
  "total_services": 280,
  "count_add_slot": 129,
  "count_cut": 0,
  "count_no_change": 151,
  "total_allocated_pkm": 1585927.3025145335,
  "quadrant_counts": {
    "UNDERSUPPLY": 157,
    "OVERSUPPLY": 80,
    "INEFFICIENT": 39,
    "SOCIAL_OBLIGATION": 4
  },
  "quadrant_pcts": {
    "UNDERSUPPLY": 56.1,
    "OVERSUPPLY": 28.6,
    "INEFFICIENT": 13.9,
    "SOCIAL_OBLIGATION": 1.4
  },
  "total_revenue": 2473850.987031987,
  "total_contribution": 1012652.3020319871,
  "total_planned_kms": 46119.0,
  "depot_avg_epk": 56.90941373209351,
  "depot_avg_or": 0.8313251041287849,
  "revenue_by_quadrant": {
    "INEFFICIENT": 126140.00466441218,
    "OVERSUPPLY": 603549.8489939868,
    "SOCIAL_OBLIGATION": 28035.535140443993,
    "UNDERSUPPLY": 1716125.598233144
  },
  "contribution_by_quadrant": {
    "INEFFICIENT": -202050.08033558782,
    "OVERSUPPLY": 203252.36899398692,
    "SOCIAL_OBLIGATION": -2651.4648595560056,
    "UNDERSUPPLY": 1014101.4782331439
  }
}