{
  "depot": "HAKIMPET",
  "target_date": "2026-03-24",
  "predicted_depot_pkm": 1351642.625,
  "total_services": 147,
  "count_add_slot": 32,
  "count_cut": 0,
  "count_no_change": 115,
  "total_allocated_pkm": 1283822.7193112306,
  "quadrant_counts": {
    "UNDERSUPPLY": 96,
    "OVERSUPPLY": 51
  },
  "quadrant_pcts": {
    "UNDERSUPPLY": 65.3,
    "OVERSUPPLY": 34.7
  },
  "total_revenue": 1728206.3169672862,
  "total_contribution": 919471.0069672863,
  "total_planned_kms": 30757.0,
  "depot_avg_epk": 56.62843789920087,
  "depot_avg_or": 0.7661996770736992,
  "revenue_by_quadrant": {
    "OVERSUPPLY": 532408.4095781678,
    "UNDERSUPPLY": 1195797.9073891186
  },
  "contribution_by_quadrant": {
    "OVERSUPPLY": 242382.8995781678,
    "UNDERSUPPLY": 677088.1073891185
  }
}