{
  "depot": "MAHABOOBABAD",
  "target_date": "2026-03-24",
  "predicted_depot_pkm": 1378411.75,
  "total_services": 76,
  "count_add_slot": 41,
  "count_cut": 3,
  "count_no_change": 32,
  "total_allocated_pkm": 1305094.874153553,
  "quadrant_counts": {
    "UNDERSUPPLY": 54,
    "OVERSUPPLY": 18,
    "INEFFICIENT": 4
  },
  "quadrant_pcts": {
    "UNDERSUPPLY": 71.1,
    "OVERSUPPLY": 23.7,
    "INEFFICIENT": 5.3
  },
  "total_revenue": 1513761.6719397265,
  "total_contribution": 955273.8819397268,
  "total_planned_kms": 31066.0,
  "depot_avg_epk": 48.09999429491025,
  "depot_avg_or": 0.7998855434195972,
  "revenue_by_quadrant": {
    "INEFFICIENT": 2681.897418405,
    "OVERSUPPLY": 253813.23264145196,
    "UNDERSUPPLY": 1257266.5418798695
  },
  "contribution_by_quadrant": {
    "INEFFICIENT": -23221.402581595,
    "OVERSUPPLY": 121090.16264145197,
    "UNDERSUPPLY": 857405.1218798696
  }
}