{
  "depot": "BHUPALAPALLAY",
  "target_date": "2026-03-24",
  "predicted_depot_pkm": 1581412.625,
  "total_services": 86,
  "count_add_slot": 32,
  "count_cut": 0,
  "count_no_change": 54,
  "total_allocated_pkm": 1540894.0336082056,
  "quadrant_counts": {
    "UNDERSUPPLY": 58,
    "OVERSUPPLY": 21,
    "INEFFICIENT": 7
  },
  "quadrant_pcts": {
    "UNDERSUPPLY": 67.4,
    "OVERSUPPLY": 24.4,
    "INEFFICIENT": 8.1
  },
  "total_revenue": 1945686.8078804743,
  "total_contribution": 1108970.4278804746,
  "total_planned_kms": 40068.0,
  "depot_avg_epk": 48.31454845832281,
  "depot_avg_or": 0.7673445124378432,
  "revenue_by_quadrant": {
    "INEFFICIENT": 33092.555059033664,
    "OVERSUPPLY": 350293.3004827402,
    "UNDERSUPPLY": 1562300.9523387006
  },
  "contribution_by_quadrant": {
    "INEFFICIENT": -29007.76494096634,
    "OVERSUPPLY": 165431.96048274022,
    "UNDERSUPPLY": 972546.2323387006
  }
}