{
  "depot": "HANAMKONDA",
  "target_date": "2026-03-24",
  "predicted_depot_pkm": 2278803.25,
  "total_services": 169,
  "count_add_slot": 58,
  "count_cut": 0,
  "count_no_change": 111,
  "total_allocated_pkm": 2125071.1180917514,
  "quadrant_counts": {
    "UNDERSUPPLY": 101,
    "OVERSUPPLY": 60,
    "INEFFICIENT": 6,
    "SOCIAL_OBLIGATION": 2
  },
  "quadrant_pcts": {
    "UNDERSUPPLY": 59.8,
    "OVERSUPPLY": 35.5,
    "INEFFICIENT": 3.6,
    "SOCIAL_OBLIGATION": 1.2
  },
  "total_revenue": 2620086.0255037043,
  "total_contribution": 1127543.5155037045,
  "total_planned_kms": 53984.0,
  "depot_avg_epk": 54.30823514360238,
  "depot_avg_or": 0.7745063443577372,
  "revenue_by_quadrant": {
    "INEFFICIENT": 57484.29203161426,
    "OVERSUPPLY": 898978.3495724823,
    "SOCIAL_OBLIGATION": 29167.503638932634,
    "UNDERSUPPLY": 1634455.8802606754
  },
  "contribution_by_quadrant": {
    "INEFFICIENT": -15937.307968385743,
    "OVERSUPPLY": 414403.8795724822,
    "SOCIAL_OBLIGATION": -626.2063610673686,
    "UNDERSUPPLY": 729703.1502606755
  }
}