{
  "depot": "NARSAMPET",
  "target_date": "2026-03-24",
  "predicted_depot_pkm": 1890403.25,
  "total_services": 94,
  "count_add_slot": 58,
  "count_cut": 5,
  "count_no_change": 31,
  "total_allocated_pkm": 1793355.9779185234,
  "quadrant_counts": {
    "UNDERSUPPLY": 73,
    "OVERSUPPLY": 15,
    "INEFFICIENT": 6
  },
  "quadrant_pcts": {
    "UNDERSUPPLY": 77.7,
    "OVERSUPPLY": 16.0,
    "INEFFICIENT": 6.4
  },
  "total_revenue": 2140065.392650587,
  "total_contribution": 1268173.1926505875,
  "total_planned_kms": 40599.0,
  "depot_avg_epk": 52.805385344548995,
  "depot_avg_or": 0.874252271391423,
  "revenue_by_quadrant": {
    "INEFFICIENT": 33556.86503910169,
    "OVERSUPPLY": 217875.4889966677,
    "UNDERSUPPLY": 1888633.0386148177
  },
  "contribution_by_quadrant": {
    "INEFFICIENT": -17716.814960898308,
    "OVERSUPPLY": 88713.02899666771,
    "UNDERSUPPLY": 1197176.9786148176
  }
}