{
  "depot": "CONTONMENT",
  "target_date": "2026-04-21",
  "predicted_depot_pkm": 1791458.5,
  "total_services": 280,
  "count_add_slot": 139,
  "count_cut": 0,
  "count_no_change": 141,
  "total_allocated_pkm": 1446061.9268421938,
  "quadrant_counts": {
    "UNDERSUPPLY": 153,
    "OVERSUPPLY": 64,
    "INEFFICIENT": 57,
    "SOCIAL_OBLIGATION": 6
  },
  "quadrant_pcts": {
    "UNDERSUPPLY": 54.6,
    "OVERSUPPLY": 22.9,
    "INEFFICIENT": 20.4,
    "SOCIAL_OBLIGATION": 2.1
  },
  "total_revenue": 2292517.197714133,
  "total_contribution": 831746.1363141334,
  "total_planned_kms": 46115.74,
  "depot_avg_epk": 54.456771246688746,
  "depot_avg_or": 0.8647655665679874,
  "revenue_by_quadrant": {
    "INEFFICIENT": 147239.4488282037,
    "OVERSUPPLY": 460002.2614225426,
    "SOCIAL_OBLIGATION": 39819.598868437824,
    "UNDERSUPPLY": 1645455.8885949492
  },
  "contribution_by_quadrant": {
    "INEFFICIENT": -279014.4813717963,
    "OVERSUPPLY": 142404.61302254265,
    "SOCIAL_OBLIGATION": -5307.66113156217,
    "UNDERSUPPLY": 973663.6657949492
  }
}