{
  "depot": "MAHABOOBABAD",
  "target_date": "2026-04-21",
  "predicted_depot_pkm": 1285646.5,
  "total_services": 76,
  "count_add_slot": 34,
  "count_cut": 0,
  "count_no_change": 42,
  "total_allocated_pkm": 1257456.5273570772,
  "quadrant_counts": {
    "UNDERSUPPLY": 53,
    "OVERSUPPLY": 17,
    "INEFFICIENT": 6
  },
  "quadrant_pcts": {
    "UNDERSUPPLY": 69.7,
    "OVERSUPPLY": 22.4,
    "INEFFICIENT": 7.9
  },
  "total_revenue": 1457439.5488620764,
  "total_contribution": 898951.7588620767,
  "total_planned_kms": 31066.0,
  "depot_avg_epk": 46.2777844125107,
  "depot_avg_or": 0.7468386860980047,
  "revenue_by_quadrant": {
    "INEFFICIENT": 8547.533749860253,
    "OVERSUPPLY": 248970.24813585344,
    "UNDERSUPPLY": 1199921.7669763628
  },
  "contribution_by_quadrant": {
    "INEFFICIENT": -31473.646250139747,
    "OVERSUPPLY": 119803.49813585344,
    "UNDERSUPPLY": 810621.9069763628
  }
}