{
  "depot": "WARANGAL-II",
  "target_date": "2026-04-21",
  "predicted_depot_pkm": 2586379.25,
  "total_services": 158,
  "count_add_slot": 31,
  "count_cut": 0,
  "count_no_change": 127,
  "total_allocated_pkm": 2569385.5167522617,
  "quadrant_counts": {
    "UNDERSUPPLY": 78,
    "INEFFICIENT": 52,
    "OVERSUPPLY": 26,
    "SOCIAL_OBLIGATION": 2
  },
  "quadrant_pcts": {
    "UNDERSUPPLY": 49.4,
    "INEFFICIENT": 32.9,
    "OVERSUPPLY": 16.5,
    "SOCIAL_OBLIGATION": 1.3
  },
  "total_revenue": 3375025.1826718505,
  "total_contribution": 451594.2226718506,
  "total_planned_kms": 75132.0,
  "depot_avg_epk": 45.189171177584406,
  "depot_avg_or": 0.7044710018931953,
  "revenue_by_quadrant": {
    "INEFFICIENT": 829778.7492455688,
    "OVERSUPPLY": 491240.521947499,
    "SOCIAL_OBLIGATION": 41017.11102155557,
    "UNDERSUPPLY": 2012988.800457227
  },
  "contribution_by_quadrant": {
    "INEFFICIENT": -249388.35075443122,
    "OVERSUPPLY": 48463.18194749902,
    "SOCIAL_OBLIGATION": -1330.0889784444335,
    "UNDERSUPPLY": 653849.4804572271
  }
}