{
  "depot": "BHUPALAPALLAY",
  "target_date": "2026-05-09",
  "predicted_depot_pkm": 1477000.75,
  "total_services": 86,
  "count_add_slot": 20,
  "count_cut": 0,
  "count_no_change": 66,
  "total_allocated_pkm": 1392271.9392427464,
  "quadrant_counts": {
    "UNDERSUPPLY": 50,
    "OVERSUPPLY": 26,
    "INEFFICIENT": 10
  },
  "quadrant_pcts": {
    "UNDERSUPPLY": 58.1,
    "OVERSUPPLY": 30.2,
    "INEFFICIENT": 11.6
  },
  "total_revenue": 1755903.873599145,
  "total_contribution": 918852.533599145,
  "total_planned_kms": 40104.0,
  "depot_avg_epk": 43.774395221677956,
  "depot_avg_or": 0.6813470887741997,
  "revenue_by_quadrant": {
    "INEFFICIENT": 39618.48962580415,
    "OVERSUPPLY": 480887.15039566386,
    "UNDERSUPPLY": 1235398.233577677
  },
  "contribution_by_quadrant": {
    "INEFFICIENT": -50341.770374195854,
    "OVERSUPPLY": 227485.19039566387,
    "UNDERSUPPLY": 741709.113577677
  }
}