{
  "depot": "BANDLAGUDA",
  "target_date": "2026-05-09",
  "predicted_depot_pkm": 1370715.875,
  "total_services": 148,
  "count_add_slot": 132,
  "count_cut": 0,
  "count_no_change": 16,
  "total_allocated_pkm": 1325057.5493607605,
  "quadrant_counts": {
    "UNDERSUPPLY": 141,
    "INEFFICIENT": 5,
    "OVERSUPPLY": 2
  },
  "quadrant_pcts": {
    "UNDERSUPPLY": 95.3,
    "INEFFICIENT": 3.4,
    "OVERSUPPLY": 1.4
  },
  "total_revenue": 1805010.3045636308,
  "total_contribution": 1154645.3045636308,
  "total_planned_kms": 26014.6,
  "depot_avg_epk": 72.2425357382161,
  "depot_avg_or": 1.1530063588237311,
  "revenue_by_quadrant": {
    "INEFFICIENT": 11409.828321097244,
    "OVERSUPPLY": 10096.167066561633,
    "UNDERSUPPLY": 1783504.309175972
  },
  "contribution_by_quadrant": {
    "INEFFICIENT": -29590.171678902756,
    "OVERSUPPLY": 3421.167066561632,
    "UNDERSUPPLY": 1180814.309175972
  }
}