{
  "depot": "RANIGUNJ-I",
  "target_date": "2026-05-09",
  "predicted_depot_pkm": 1624100.125,
  "total_services": 222,
  "count_add_slot": 167,
  "count_cut": 0,
  "count_no_change": 55,
  "total_allocated_pkm": 1535418.7101803808,
  "quadrant_counts": {
    "UNDERSUPPLY": 193,
    "OVERSUPPLY": 25,
    "INEFFICIENT": 4
  },
  "quadrant_pcts": {
    "UNDERSUPPLY": 86.9,
    "OVERSUPPLY": 11.3,
    "INEFFICIENT": 1.8
  },
  "total_revenue": 2252258.2970712353,
  "total_contribution": 1363096.2970712362,
  "total_planned_kms": 35566.479999999996,
  "depot_avg_epk": 65.82873646092979,
  "depot_avg_or": 1.126129295579523,
  "revenue_by_quadrant": {
    "INEFFICIENT": 13588.484384763477,
    "OVERSUPPLY": 167972.33494574585,
    "UNDERSUPPLY": 2070697.4777407264
  },
  "contribution_by_quadrant": {
    "INEFFICIENT": -7011.515615236525,
    "OVERSUPPLY": 46042.834945745846,
    "UNDERSUPPLY": 1324064.9777407264
  }
}