{
  "depot": "VEMULAWADA",
  "target_date": "2026-05-09",
  "predicted_depot_pkm": 1319200.5,
  "total_services": 74,
  "count_add_slot": 34,
  "count_cut": 0,
  "count_no_change": 40,
  "total_allocated_pkm": 1289328.288741607,
  "quadrant_counts": {
    "UNDERSUPPLY": 44,
    "OVERSUPPLY": 27,
    "INEFFICIENT": 3
  },
  "quadrant_pcts": {
    "UNDERSUPPLY": 59.5,
    "OVERSUPPLY": 36.5,
    "INEFFICIENT": 4.1
  },
  "total_revenue": 1581100.484699683,
  "total_contribution": 753300.484699683,
  "total_planned_kms": 33112.0,
  "depot_avg_epk": 48.33016309455509,
  "depot_avg_or": 0.8053994277859444,
  "revenue_by_quadrant": {
    "INEFFICIENT": 22238.867516855928,
    "OVERSUPPLY": 447308.44139992644,
    "UNDERSUPPLY": 1111553.1757829008
  },
  "contribution_by_quadrant": {
    "INEFFICIENT": -8611.132483144072,
    "OVERSUPPLY": 128808.4413999264,
    "UNDERSUPPLY": 633103.1757829008
  }
}