{
  "depot": "CHENGICHERLA",
  "target_date": "2026-05-09",
  "predicted_depot_pkm": 1675209.25,
  "total_services": 192,
  "count_add_slot": 157,
  "count_cut": 0,
  "count_no_change": 35,
  "total_allocated_pkm": 1606101.9758163271,
  "quadrant_counts": {
    "UNDERSUPPLY": 170,
    "OVERSUPPLY": 19,
    "INEFFICIENT": 3
  },
  "quadrant_pcts": {
    "UNDERSUPPLY": 88.5,
    "OVERSUPPLY": 9.9,
    "INEFFICIENT": 1.6
  },
  "total_revenue": 2181178.1693236916,
  "total_contribution": 1274460.6693236914,
  "total_planned_kms": 36268.7,
  "depot_avg_epk": 62.682278471340744,
  "depot_avg_or": 1.0383464961331337,
  "revenue_by_quadrant": {
    "INEFFICIENT": 21629.261157099227,
    "OVERSUPPLY": 166872.22342402258,
    "UNDERSUPPLY": 1992676.6847425697
  },
  "contribution_by_quadrant": {
    "INEFFICIENT": -870.7388429007733,
    "OVERSUPPLY": 46797.22342402258,
    "UNDERSUPPLY": 1228534.1847425697
  }
}