{
  "depot": "PICKET",
  "target_date": "2026-05-09",
  "predicted_depot_pkm": 1250569.125,
  "total_services": 75,
  "count_add_slot": 12,
  "count_cut": 0,
  "count_no_change": 63,
  "total_allocated_pkm": 1073241.2829585215,
  "quadrant_counts": {
    "OVERSUPPLY": 47,
    "UNDERSUPPLY": 26,
    "INEFFICIENT": 2
  },
  "quadrant_pcts": {
    "OVERSUPPLY": 62.7,
    "UNDERSUPPLY": 34.7,
    "INEFFICIENT": 2.7
  },
  "total_revenue": 1754489.9681462857,
  "total_contribution": 742714.968146286,
  "total_planned_kms": 40471.0,
  "depot_avg_epk": 45.18357179361678,
  "depot_avg_or": 0.6862767372485474,
  "revenue_by_quadrant": {
    "INEFFICIENT": 15589.145989495424,
    "OVERSUPPLY": 1037038.6139903646,
    "UNDERSUPPLY": 701862.208166426
  },
  "contribution_by_quadrant": {
    "INEFFICIENT": -15510.854010504576,
    "OVERSUPPLY": 354263.61399036454,
    "UNDERSUPPLY": 403962.208166426
  }
}