{
  "depot": "KALVAKURTHY",
  "target_date": "2026-05-09",
  "predicted_depot_pkm": 1873779.625,
  "total_services": 98,
  "count_add_slot": 42,
  "count_cut": 1,
  "count_no_change": 55,
  "total_allocated_pkm": 1776321.2099582844,
  "quadrant_counts": {
    "UNDERSUPPLY": 70,
    "OVERSUPPLY": 20,
    "INEFFICIENT": 8
  },
  "quadrant_pcts": {
    "UNDERSUPPLY": 71.4,
    "OVERSUPPLY": 20.4,
    "INEFFICIENT": 8.2
  },
  "total_revenue": 2018373.5244507024,
  "total_contribution": 933398.5244507022,
  "total_planned_kms": 43399.0,
  "depot_avg_epk": 46.729875637809144,
  "depot_avg_or": 0.7783593296523232,
  "revenue_by_quadrant": {
    "INEFFICIENT": 46051.788341780615,
    "OVERSUPPLY": 383160.67419793183,
    "UNDERSUPPLY": 1589161.06191099
  },
  "contribution_by_quadrant": {
    "INEFFICIENT": -28148.21165821938,
    "OVERSUPPLY": 115710.67419793183,
    "UNDERSUPPLY": 845836.0619109899
  }
}