{
  "depot": "CONTONMENT",
  "target_date": "2026-05-09",
  "predicted_depot_pkm": 1871019.875,
  "total_services": 280,
  "count_add_slot": 152,
  "count_cut": 0,
  "count_no_change": 128,
  "total_allocated_pkm": 1473923.8864331779,
  "quadrant_counts": {
    "UNDERSUPPLY": 172,
    "OVERSUPPLY": 54,
    "INEFFICIENT": 47,
    "SOCIAL_OBLIGATION": 7
  },
  "quadrant_pcts": {
    "UNDERSUPPLY": 61.4,
    "OVERSUPPLY": 19.3,
    "INEFFICIENT": 16.8,
    "SOCIAL_OBLIGATION": 2.5
  },
  "total_revenue": 2392407.3862796165,
  "total_contribution": 931636.3248796166,
  "total_planned_kms": 46115.74,
  "depot_avg_epk": 56.691415512159296,
  "depot_avg_or": 0.8864498406186868,
  "revenue_by_quadrant": {
    "INEFFICIENT": 56300.38412954141,
    "OVERSUPPLY": 368581.5927442189,
    "SOCIAL_OBLIGATION": 46933.48340125801,
    "UNDERSUPPLY": 1920591.9260045984
  },
  "contribution_by_quadrant": {
    "INEFFICIENT": -317378.0708704586,
    "OVERSUPPLY": 104101.36114421887,
    "SOCIAL_OBLIGATION": -7365.136598741992,
    "UNDERSUPPLY": 1152278.1712045984
  }
}