{
  "depot": "HAYATHNAGAR-II",
  "target_date": "2026-05-09",
  "predicted_depot_pkm": 1258848.5,
  "total_services": 169,
  "count_add_slot": 152,
  "count_cut": 0,
  "count_no_change": 17,
  "total_allocated_pkm": 1242441.9924393513,
  "quadrant_counts": {
    "UNDERSUPPLY": 159,
    "OVERSUPPLY": 7,
    "INEFFICIENT": 3
  },
  "quadrant_pcts": {
    "UNDERSUPPLY": 94.1,
    "OVERSUPPLY": 4.1,
    "INEFFICIENT": 1.8
  },
  "total_revenue": 1950632.1353821212,
  "total_contribution": 1282839.6353821212,
  "total_planned_kms": 26711.699999999997,
  "depot_avg_epk": 74.08413796621473,
  "depot_avg_or": 1.3482112793702017,
  "revenue_by_quadrant": {
    "INEFFICIENT": 8773.126217526271,
    "OVERSUPPLY": 30934.40420494883,
    "UNDERSUPPLY": 1910924.604959646
  },
  "contribution_by_quadrant": {
    "INEFFICIENT": -1480.3737824737282,
    "OVERSUPPLY": 7025.404204948831,
    "UNDERSUPPLY": 1277294.604959646
  }
}