{
  "depot": "BANSWADA",
  "target_date": "2026-03-08",
  "predicted_depot_pkm": 1694327.5,
  "total_services": 92,
  "count_add_slot": 23,
  "count_cut": 0,
  "count_no_change": 69,
  "total_allocated_pkm": 1359992.3519042437,
  "quadrant_counts": {
    "UNDERSUPPLY": 52,
    "OVERSUPPLY": 34,
    "INEFFICIENT": 6
  },
  "quadrant_pcts": {
    "UNDERSUPPLY": 56.5,
    "OVERSUPPLY": 37.0,
    "INEFFICIENT": 6.5
  },
  "total_revenue": 1636625.4149985292,
  "total_contribution": 933254.2249985292,
  "total_planned_kms": 37832.0,
  "depot_avg_epk": 42.470673280495745,
  "depot_avg_or": 0.6829552672840712,
  "revenue_by_quadrant": {
    "INEFFICIENT": 20141.161227206438,
    "OVERSUPPLY": 472049.2383542912,
    "UNDERSUPPLY": 1144435.0154170315
  },
  "contribution_by_quadrant": {
    "INEFFICIENT": -23117.228772793565,
    "OVERSUPPLY": 214283.25835429115,
    "UNDERSUPPLY": 742088.1954170315
  }
}