{
  "depot": "HAKIMPET",
  "target_date": "2026-03-08",
  "predicted_depot_pkm": 1392742.375,
  "total_services": 147,
  "count_add_slot": 25,
  "count_cut": 0,
  "count_no_change": 122,
  "total_allocated_pkm": 1213218.6752340905,
  "quadrant_counts": {
    "UNDERSUPPLY": 72,
    "OVERSUPPLY": 71,
    "INEFFICIENT": 4
  },
  "quadrant_pcts": {
    "UNDERSUPPLY": 49.0,
    "OVERSUPPLY": 48.3,
    "INEFFICIENT": 2.7
  },
  "total_revenue": 1658860.4610385785,
  "total_contribution": 850125.1510385785,
  "total_planned_kms": 30757.0,
  "depot_avg_epk": 53.771586987069526,
  "depot_avg_or": 0.7241112824444649,
  "revenue_by_quadrant": {
    "INEFFICIENT": 8358.175467272533,
    "OVERSUPPLY": 786988.1146264859,
    "UNDERSUPPLY": 863514.1709448202
  },
  "contribution_by_quadrant": {
    "INEFFICIENT": -5583.534532727468,
    "OVERSUPPLY": 356857.4746264859,
    "UNDERSUPPLY": 498851.21094482014
  }
}