{
  "depot": "NIZAMABAD-I",
  "target_date": "2026-04-24",
  "predicted_depot_pkm": 1569939.375,
  "total_services": 125,
  "count_add_slot": 15,
  "count_cut": 0,
  "count_no_change": 110,
  "total_allocated_pkm": 1314427.5847001711,
  "quadrant_counts": {
    "OVERSUPPLY": 68,
    "UNDERSUPPLY": 40,
    "INEFFICIENT": 17
  },
  "quadrant_pcts": {
    "OVERSUPPLY": 54.4,
    "UNDERSUPPLY": 32.0,
    "INEFFICIENT": 13.6
  },
  "total_revenue": 1748820.0728130466,
  "total_contribution": 761096.0928130466,
  "total_planned_kms": 51753.0,
  "depot_avg_epk": 35.87794561799638,
  "depot_avg_or": 0.5526046897539549,
  "revenue_by_quadrant": {
    "INEFFICIENT": 18172.055803803538,
    "OVERSUPPLY": 951086.899768481,
    "UNDERSUPPLY": 779561.1172407621
  },
  "contribution_by_quadrant": {
    "INEFFICIENT": -156693.30419619646,
    "OVERSUPPLY": 429868.45976848097,
    "UNDERSUPPLY": 487920.93724076205
  }
}