{
  "depot": "MAHABOOBABAD",
  "target_date": "2026-04-24",
  "predicted_depot_pkm": 1298047.875,
  "total_services": 76,
  "count_add_slot": 28,
  "count_cut": 0,
  "count_no_change": 48,
  "total_allocated_pkm": 1210684.8662335554,
  "quadrant_counts": {
    "UNDERSUPPLY": 48,
    "OVERSUPPLY": 22,
    "INEFFICIENT": 6
  },
  "quadrant_pcts": {
    "UNDERSUPPLY": 63.2,
    "OVERSUPPLY": 28.9,
    "INEFFICIENT": 7.9
  },
  "total_revenue": 1404626.2983517514,
  "total_contribution": 846138.5083517514,
  "total_planned_kms": 31066.0,
  "depot_avg_epk": 44.651671864691224,
  "depot_avg_or": 0.7206685599199002,
  "revenue_by_quadrant": {
    "INEFFICIENT": 9294.5755720834,
    "OVERSUPPLY": 304610.9339054172,
    "UNDERSUPPLY": 1090720.7888742508
  },
  "contribution_by_quadrant": {
    "INEFFICIENT": -30726.604427916598,
    "OVERSUPPLY": 141359.00390541722,
    "UNDERSUPPLY": 735506.1088742507
  }
}