{
  "depot": "CONTONMENT",
  "target_date": "2026-04-24",
  "predicted_depot_pkm": 1784376.5,
  "total_services": 280,
  "count_add_slot": 132,
  "count_cut": 0,
  "count_no_change": 148,
  "total_allocated_pkm": 1378173.5596660268,
  "quadrant_counts": {
    "UNDERSUPPLY": 153,
    "OVERSUPPLY": 66,
    "INEFFICIENT": 56,
    "SOCIAL_OBLIGATION": 5
  },
  "quadrant_pcts": {
    "UNDERSUPPLY": 54.6,
    "OVERSUPPLY": 23.6,
    "INEFFICIENT": 20.0,
    "SOCIAL_OBLIGATION": 1.8
  },
  "total_revenue": 2201560.840556184,
  "total_contribution": 740789.779156184,
  "total_planned_kms": 46115.74,
  "depot_avg_epk": 52.21992587151665,
  "depot_avg_or": 0.8271900131705446,
  "revenue_by_quadrant": {
    "INEFFICIENT": 112419.22582698091,
    "OVERSUPPLY": 460671.34448286984,
    "SOCIAL_OBLIGATION": 32302.61291506235,
    "UNDERSUPPLY": 1596167.6573312709
  },
  "contribution_by_quadrant": {
    "INEFFICIENT": -307197.4147730191,
    "OVERSUPPLY": 136694.90328286984,
    "SOCIAL_OBLIGATION": -4174.387084937647,
    "UNDERSUPPLY": 915466.6777312709
  }
}