{
  "depot": "WARANGAL-II",
  "target_date": "2026-04-04",
  "predicted_depot_pkm": 2667851.5,
  "total_services": 158,
  "count_add_slot": 42,
  "count_cut": 0,
  "count_no_change": 116,
  "total_allocated_pkm": 2646574.554305353,
  "quadrant_counts": {
    "UNDERSUPPLY": 80,
    "INEFFICIENT": 48,
    "OVERSUPPLY": 27,
    "SOCIAL_OBLIGATION": 3
  },
  "quadrant_pcts": {
    "UNDERSUPPLY": 50.6,
    "INEFFICIENT": 30.4,
    "OVERSUPPLY": 17.1,
    "SOCIAL_OBLIGATION": 1.9
  },
  "total_revenue": 3479459.9979194524,
  "total_contribution": 556029.0379194528,
  "total_planned_kms": 75132.0,
  "depot_avg_epk": 46.49826819810741,
  "depot_avg_or": 0.7244430381425448,
  "revenue_by_quadrant": {
    "INEFFICIENT": 778610.1435152931,
    "OVERSUPPLY": 538981.5070725727,
    "SOCIAL_OBLIGATION": 60735.10319862647,
    "UNDERSUPPLY": 2101133.24413296
  },
  "contribution_by_quadrant": {
    "INEFFICIENT": -204546.15648470676,
    "OVERSUPPLY": 47615.167072572745,
    "SOCIAL_OBLIGATION": -2785.6968013735204,
    "UNDERSUPPLY": 715745.7241329604
  }
}