{
  "depot": "WARANGAL-I",
  "target_date": "2026-04-04",
  "predicted_depot_pkm": 1892756.5,
  "total_services": 130,
  "count_add_slot": 12,
  "count_cut": 0,
  "count_no_change": 118,
  "total_allocated_pkm": 1746945.654850324,
  "quadrant_counts": {
    "OVERSUPPLY": 93,
    "UNDERSUPPLY": 36,
    "INEFFICIENT": 1
  },
  "quadrant_pcts": {
    "OVERSUPPLY": 71.5,
    "UNDERSUPPLY": 27.7,
    "INEFFICIENT": 0.8
  },
  "total_revenue": 2552595.573634101,
  "total_contribution": 1027201.553634101,
  "total_planned_kms": 67106.0,
  "depot_avg_epk": 39.228566726967884,
  "depot_avg_or": 0.610791679173552,
  "revenue_by_quadrant": {
    "INEFFICIENT": 10446.819841254339,
    "OVERSUPPLY": 1859680.9844288405,
    "UNDERSUPPLY": 682467.7693640061
  },
  "contribution_by_quadrant": {
    "INEFFICIENT": -954.7001587456598,
    "OVERSUPPLY": 718788.6244288405,
    "UNDERSUPPLY": 309367.6293640061
  }
}