{
  "depot": "THORROR",
  "target_date": "2026-04-04",
  "predicted_depot_pkm": 1711928.125,
  "total_services": 94,
  "count_add_slot": 41,
  "count_cut": 0,
  "count_no_change": 53,
  "total_allocated_pkm": 1623614.3177815692,
  "quadrant_counts": {
    "UNDERSUPPLY": 67,
    "OVERSUPPLY": 22,
    "INEFFICIENT": 5
  },
  "quadrant_pcts": {
    "UNDERSUPPLY": 71.3,
    "OVERSUPPLY": 23.4,
    "INEFFICIENT": 5.3
  },
  "total_revenue": 2017244.4675331335,
  "total_contribution": 1079513.6975331334,
  "total_planned_kms": 40942.0,
  "depot_avg_epk": 49.55134012731021,
  "depot_avg_or": 0.7850884107754105,
  "revenue_by_quadrant": {
    "INEFFICIENT": 19761.460870176095,
    "OVERSUPPLY": 373025.228384805,
    "UNDERSUPPLY": 1624457.7782781525
  },
  "contribution_by_quadrant": {
    "INEFFICIENT": -21585.189129823906,
    "OVERSUPPLY": 161138.288384805,
    "UNDERSUPPLY": 939960.5982781524
  }
}