{
  "depot": "NIZAMABAD-I",
  "target_date": "2026-04-04",
  "predicted_depot_pkm": 1714751.25,
  "total_services": 125,
  "count_add_slot": 22,
  "count_cut": 0,
  "count_no_change": 103,
  "total_allocated_pkm": 1434442.727783363,
  "quadrant_counts": {
    "OVERSUPPLY": 57,
    "UNDERSUPPLY": 51,
    "INEFFICIENT": 17
  },
  "quadrant_pcts": {
    "OVERSUPPLY": 45.6,
    "UNDERSUPPLY": 40.8,
    "INEFFICIENT": 13.6
  },
  "total_revenue": 1902735.0037449705,
  "total_contribution": 915011.0237449709,
  "total_planned_kms": 51753.0,
  "depot_avg_epk": 39.179490253002484,
  "depot_avg_or": 0.6046141324549152,
  "revenue_by_quadrant": {
    "INEFFICIENT": 10754.449691902304,
    "OVERSUPPLY": 882026.9337311744,
    "UNDERSUPPLY": 1009953.6203218943
  },
  "contribution_by_quadrant": {
    "INEFFICIENT": -165688.9703080977,
    "OVERSUPPLY": 436118.0537311744,
    "UNDERSUPPLY": 644581.9403218942
  }
}