{
  "depot": "VEMULAWADA",
  "target_date": "2026-05-26",
  "predicted_depot_pkm": 1324774.625,
  "total_services": 74,
  "count_add_slot": 32,
  "count_cut": 0,
  "count_no_change": 42,
  "total_allocated_pkm": 1248491.0128828287,
  "quadrant_counts": {
    "UNDERSUPPLY": 50,
    "OVERSUPPLY": 20,
    "INEFFICIENT": 4
  },
  "quadrant_pcts": {
    "UNDERSUPPLY": 67.6,
    "OVERSUPPLY": 27.0,
    "INEFFICIENT": 5.4
  },
  "total_revenue": 1544169.2280801784,
  "total_contribution": 716369.2280801784,
  "total_planned_kms": 33112.0,
  "depot_avg_epk": 46.50334776377977,
  "depot_avg_or": 0.7745033924737296,
  "revenue_by_quadrant": {
    "INEFFICIENT": 7744.616016572958,
    "OVERSUPPLY": 331347.83201960684,
    "UNDERSUPPLY": 1205076.7800439987
  },
  "contribution_by_quadrant": {
    "INEFFICIENT": -36955.38398342704,
    "OVERSUPPLY": 107697.83201960682,
    "UNDERSUPPLY": 645626.7800439986
  }
}