{
  "depot": "SIRCILLA",
  "target_date": "2026-05-26",
  "predicted_depot_pkm": 1130770.25,
  "total_services": 65,
  "count_add_slot": 26,
  "count_cut": 2,
  "count_no_change": 37,
  "total_allocated_pkm": 1062477.1155443692,
  "quadrant_counts": {
    "UNDERSUPPLY": 44,
    "OVERSUPPLY": 14,
    "INEFFICIENT": 7
  },
  "quadrant_pcts": {
    "UNDERSUPPLY": 67.7,
    "OVERSUPPLY": 21.5,
    "INEFFICIENT": 10.8
  },
  "total_revenue": 1306808.1714931668,
  "total_contribution": 600983.171493167,
  "total_planned_kms": 28233.0,
  "depot_avg_epk": 46.29359003871859,
  "depot_avg_or": 0.7519734826674076,
  "revenue_by_quadrant": {
    "INEFFICIENT": 33423.181151543045,
    "OVERSUPPLY": 211848.48669306238,
    "UNDERSUPPLY": 1061536.5036485614
  },
  "contribution_by_quadrant": {
    "INEFFICIENT": -40001.818848456955,
    "OVERSUPPLY": 52073.48669306239,
    "UNDERSUPPLY": 588911.5036485615
  }
}