{
  "depot": "PARKAL",
  "target_date": "2026-05-26",
  "predicted_depot_pkm": 1321930.0,
  "total_services": 79,
  "count_add_slot": 17,
  "count_cut": 2,
  "count_no_change": 60,
  "total_allocated_pkm": 1228163.7960075513,
  "quadrant_counts": {
    "UNDERSUPPLY": 44,
    "OVERSUPPLY": 26,
    "INEFFICIENT": 9
  },
  "quadrant_pcts": {
    "UNDERSUPPLY": 55.7,
    "OVERSUPPLY": 32.9,
    "INEFFICIENT": 11.4
  },
  "total_revenue": 1459590.7498092959,
  "total_contribution": 732575.539809296,
  "total_planned_kms": 34127.0,
  "depot_avg_epk": 42.632784974765656,
  "depot_avg_or": 0.671307283320781,
  "revenue_by_quadrant": {
    "INEFFICIENT": 32722.772270871854,
    "OVERSUPPLY": 428242.1221730414,
    "UNDERSUPPLY": 998625.8553653827
  },
  "contribution_by_quadrant": {
    "INEFFICIENT": -38354.78772912815,
    "OVERSUPPLY": 190562.7621730414,
    "UNDERSUPPLY": 580367.5653653827
  }
}