{
  "depot": "KOLLAPUR",
  "target_date": "2026-05-26",
  "predicted_depot_pkm": 1320546.875,
  "total_services": 65,
  "count_add_slot": 31,
  "count_cut": 0,
  "count_no_change": 34,
  "total_allocated_pkm": 1267555.3181377468,
  "quadrant_counts": {
    "UNDERSUPPLY": 51,
    "OVERSUPPLY": 14
  },
  "quadrant_pcts": {
    "UNDERSUPPLY": 78.5,
    "OVERSUPPLY": 21.5
  },
  "total_revenue": 1516045.061838197,
  "total_contribution": 779870.061838197,
  "total_planned_kms": 29447.0,
  "depot_avg_epk": 51.89302529619603,
  "depot_avg_or": 0.8444142622513201,
  "revenue_by_quadrant": {
    "OVERSUPPLY": 243847.53285377388,
    "UNDERSUPPLY": 1272197.528984423
  },
  "contribution_by_quadrant": {
    "OVERSUPPLY": 67422.53285377388,
    "UNDERSUPPLY": 712447.5289844231
  }
}