{
  "depot": "RANIGUNJ-I",
  "target_date": "2026-05-26",
  "predicted_depot_pkm": 1634530.25,
  "total_services": 222,
  "count_add_slot": 178,
  "count_cut": 0,
  "count_no_change": 44,
  "total_allocated_pkm": 1560006.6895110463,
  "quadrant_counts": {
    "UNDERSUPPLY": 190,
    "OVERSUPPLY": 29,
    "INEFFICIENT": 3
  },
  "quadrant_pcts": {
    "UNDERSUPPLY": 85.6,
    "OVERSUPPLY": 13.1,
    "INEFFICIENT": 1.4
  },
  "total_revenue": 2289961.8371634143,
  "total_contribution": 1400799.8371634139,
  "total_planned_kms": 35566.479999999996,
  "depot_avg_epk": 65.37641588371449,
  "depot_avg_or": 1.1161046728306838,
  "revenue_by_quadrant": {
    "INEFFICIENT": 6221.521305726835,
    "OVERSUPPLY": 191158.28096668958,
    "UNDERSUPPLY": 2092582.0348909977
  },
  "contribution_by_quadrant": {
    "INEFFICIENT": -6228.478694273165,
    "OVERSUPPLY": 62558.28096668959,
    "UNDERSUPPLY": 1344470.0348909977
  }
}