{
  "depot": "BANDLAGUDA",
  "target_date": "2026-05-26",
  "predicted_depot_pkm": 1421951.0,
  "total_services": 148,
  "count_add_slot": 133,
  "count_cut": 0,
  "count_no_change": 15,
  "total_allocated_pkm": 1382487.0713011196,
  "quadrant_counts": {
    "UNDERSUPPLY": 140,
    "INEFFICIENT": 6,
    "OVERSUPPLY": 2
  },
  "quadrant_pcts": {
    "UNDERSUPPLY": 94.6,
    "INEFFICIENT": 4.1,
    "OVERSUPPLY": 1.4
  },
  "total_revenue": 1883462.614150504,
  "total_contribution": 1233097.614150504,
  "total_planned_kms": 26014.6,
  "depot_avg_epk": 74.63755803251911,
  "depot_avg_or": 1.1911437665624942,
  "revenue_by_quadrant": {
    "INEFFICIENT": 4293.511499901834,
    "OVERSUPPLY": 9082.09604301554,
    "UNDERSUPPLY": 1870087.0066075868
  },
  "contribution_by_quadrant": {
    "INEFFICIENT": -43256.48850009817,
    "OVERSUPPLY": 2632.0960430155383,
    "UNDERSUPPLY": 1273722.0066075868
  }
}