{
  "depot": "WARANGAL-I",
  "target_date": "2026-05-26",
  "predicted_depot_pkm": 1996803.625,
  "total_services": 130,
  "count_add_slot": 12,
  "count_cut": 2,
  "count_no_change": 116,
  "total_allocated_pkm": 1778768.9372803052,
  "quadrant_counts": {
    "OVERSUPPLY": 76,
    "UNDERSUPPLY": 45,
    "INEFFICIENT": 9
  },
  "quadrant_pcts": {
    "OVERSUPPLY": 58.5,
    "UNDERSUPPLY": 34.6,
    "INEFFICIENT": 6.9
  },
  "total_revenue": 2638326.4652262954,
  "total_contribution": 1112932.4452262954,
  "total_planned_kms": 67106.0,
  "depot_avg_epk": 40.24804810658372,
  "depot_avg_or": 0.6224368322853832,
  "revenue_by_quadrant": {
    "INEFFICIENT": 17498.16886398276,
    "OVERSUPPLY": 1585719.0322329544,
    "UNDERSUPPLY": 1035109.2641293582
  },
  "contribution_by_quadrant": {
    "INEFFICIENT": -108349.37113601723,
    "OVERSUPPLY": 706837.4522329544,
    "UNDERSUPPLY": 514444.36412935826
  }
}