{
  "depot": "MUSHIRABAD",
  "target_date": "2026-05-26",
  "predicted_depot_pkm": 1524833.25,
  "total_services": 201,
  "count_add_slot": 160,
  "count_cut": 0,
  "count_no_change": 41,
  "total_allocated_pkm": 1480051.6206462611,
  "quadrant_counts": {
    "UNDERSUPPLY": 164,
    "INEFFICIENT": 30,
    "OVERSUPPLY": 7
  },
  "quadrant_pcts": {
    "UNDERSUPPLY": 81.6,
    "INEFFICIENT": 14.9,
    "OVERSUPPLY": 3.5
  },
  "total_revenue": 2104170.134264605,
  "total_contribution": 1314620.1342646054,
  "total_planned_kms": 31582.0,
  "depot_avg_epk": 68.3230292631936,
  "depot_avg_or": 1.050743974281663,
  "revenue_by_quadrant": {
    "INEFFICIENT": 2945.602977333688,
    "OVERSUPPLY": 34661.01056753885,
    "UNDERSUPPLY": 2066563.5207197329
  },
  "contribution_by_quadrant": {
    "INEFFICIENT": -137454.39702266632,
    "OVERSUPPLY": 9936.010567538844,
    "UNDERSUPPLY": 1442138.5207197329
  }
}