{
  "depot": "KACHEGUDA",
  "target_date": "2026-05-26",
  "predicted_depot_pkm": 1486743.75,
  "total_services": 177,
  "count_add_slot": 127,
  "count_cut": 0,
  "count_no_change": 50,
  "total_allocated_pkm": 1412467.034000917,
  "quadrant_counts": {
    "UNDERSUPPLY": 132,
    "INEFFICIENT": 39,
    "OVERSUPPLY": 6
  },
  "quadrant_pcts": {
    "UNDERSUPPLY": 74.6,
    "INEFFICIENT": 22.0,
    "OVERSUPPLY": 3.4
  },
  "total_revenue": 1895398.801127382,
  "total_contribution": 1111398.801127382,
  "total_planned_kms": 31360.0,
  "depot_avg_epk": 65.53393025645178,
  "depot_avg_or": 1.0706320056518632,
  "revenue_by_quadrant": {
    "INEFFICIENT": 5134.689203614706,
    "OVERSUPPLY": 44992.86838174011,
    "UNDERSUPPLY": 1845271.2435420272
  },
  "contribution_by_quadrant": {
    "INEFFICIENT": -199740.31079638528,
    "OVERSUPPLY": 14017.86838174011,
    "UNDERSUPPLY": 1297121.2435420272
  }
}