{
  "depot": "CHENGICHERLA",
  "target_date": "2026-05-26",
  "predicted_depot_pkm": 1628066.5,
  "total_services": 192,
  "count_add_slot": 153,
  "count_cut": 0,
  "count_no_change": 39,
  "total_allocated_pkm": 1537001.008917291,
  "quadrant_counts": {
    "UNDERSUPPLY": 173,
    "OVERSUPPLY": 15,
    "INEFFICIENT": 4
  },
  "quadrant_pcts": {
    "UNDERSUPPLY": 90.1,
    "OVERSUPPLY": 7.8,
    "INEFFICIENT": 2.1
  },
  "total_revenue": 2092579.7192731583,
  "total_contribution": 1185862.2192731583,
  "total_planned_kms": 36268.7,
  "depot_avg_epk": 59.894976285520606,
  "depot_avg_or": 0.9904114998536319,
  "revenue_by_quadrant": {
    "INEFFICIENT": 9250.267200104667,
    "OVERSUPPLY": 134716.87278392917,
    "UNDERSUPPLY": 1948612.5792891246
  },
  "contribution_by_quadrant": {
    "INEFFICIENT": -15749.732799895333,
    "OVERSUPPLY": 31866.87278392916,
    "UNDERSUPPLY": 1169745.0792891246
  }
}