{
  "depot": "FALAKNUMA",
  "target_date": "2026-05-26",
  "predicted_depot_pkm": 1529564.375,
  "total_services": 148,
  "count_add_slot": 116,
  "count_cut": 0,
  "count_no_change": 32,
  "total_allocated_pkm": 1415379.0873330196,
  "quadrant_counts": {
    "UNDERSUPPLY": 117,
    "INEFFICIENT": 29,
    "OVERSUPPLY": 2
  },
  "quadrant_pcts": {
    "UNDERSUPPLY": 79.1,
    "INEFFICIENT": 19.6,
    "OVERSUPPLY": 1.4
  },
  "total_revenue": 1885023.5138375037,
  "total_contribution": 1184873.5138375037,
  "total_planned_kms": 28006.0,
  "depot_avg_epk": 65.2719672152794,
  "depot_avg_or": 1.062073568732231,
  "revenue_by_quadrant": {
    "INEFFICIENT": 4516.522273514611,
    "OVERSUPPLY": 10327.5784455889,
    "UNDERSUPPLY": 1870179.4131184001
  },
  "contribution_by_quadrant": {
    "INEFFICIENT": -98908.47772648539,
    "OVERSUPPLY": 3702.5784455888997,
    "UNDERSUPPLY": 1280079.4131184001
  }
}