{
  "depot": "MAHABOOBNAGAR",
  "target_date": "2026-05-26",
  "predicted_depot_pkm": 2348491.0,
  "total_services": 149,
  "count_add_slot": 46,
  "count_cut": 0,
  "count_no_change": 103,
  "total_allocated_pkm": 2242781.550876693,
  "quadrant_counts": {
    "UNDERSUPPLY": 104,
    "OVERSUPPLY": 30,
    "INEFFICIENT": 15
  },
  "quadrant_pcts": {
    "UNDERSUPPLY": 69.8,
    "OVERSUPPLY": 20.1,
    "INEFFICIENT": 10.1
  },
  "total_revenue": 2796670.8580725016,
  "total_contribution": 1281334.858072502,
  "total_planned_kms": 60613.44,
  "depot_avg_epk": 46.62532427879488,
  "depot_avg_or": 0.7624395044841367,
  "revenue_by_quadrant": {
    "INEFFICIENT": 48492.61955887484,
    "OVERSUPPLY": 538100.2781010998,
    "UNDERSUPPLY": 2210077.9604125274
  },
  "contribution_by_quadrant": {
    "INEFFICIENT": -111507.38044112516,
    "OVERSUPPLY": 174951.27810109974,
    "UNDERSUPPLY": 1217890.9604125277
  }
}