{
  "depot": "BHUPALAPALLAY",
  "target_date": "2026-05-26",
  "predicted_depot_pkm": 1373957.25,
  "total_services": 86,
  "count_add_slot": 15,
  "count_cut": 0,
  "count_no_change": 71,
  "total_allocated_pkm": 1332448.3854896754,
  "quadrant_counts": {
    "UNDERSUPPLY": 43,
    "OVERSUPPLY": 34,
    "INEFFICIENT": 9
  },
  "quadrant_pcts": {
    "UNDERSUPPLY": 50.0,
    "OVERSUPPLY": 39.5,
    "INEFFICIENT": 10.5
  },
  "total_revenue": 1681684.5316742877,
  "total_contribution": 844633.1916742877,
  "total_planned_kms": 40104.0,
  "depot_avg_epk": 41.64623254755279,
  "depot_avg_or": 0.646404549642653,
  "revenue_by_quadrant": {
    "INEFFICIENT": 20686.190272230586,
    "OVERSUPPLY": 616026.1776364255,
    "UNDERSUPPLY": 1044972.1637656315
  },
  "contribution_by_quadrant": {
    "INEFFICIENT": -53092.26972776941,
    "OVERSUPPLY": 280074.4776364255,
    "UNDERSUPPLY": 617650.9837656314
  }
}