{
  "depot": "HAYATHNAGAR-II",
  "target_date": "2026-05-26",
  "predicted_depot_pkm": 1250268.375,
  "total_services": 169,
  "count_add_slot": 154,
  "count_cut": 0,
  "count_no_change": 15,
  "total_allocated_pkm": 1151479.2011344405,
  "quadrant_counts": {
    "UNDERSUPPLY": 161,
    "OVERSUPPLY": 4,
    "INEFFICIENT": 4
  },
  "quadrant_pcts": {
    "UNDERSUPPLY": 95.3,
    "OVERSUPPLY": 2.4,
    "INEFFICIENT": 2.4
  },
  "total_revenue": 1807823.5934365294,
  "total_contribution": 1140031.0934365296,
  "total_planned_kms": 26711.699999999997,
  "depot_avg_epk": 69.29401132311835,
  "depot_avg_or": 1.2610363737489603,
  "revenue_by_quadrant": {
    "INEFFICIENT": 0.0,
    "OVERSUPPLY": 19695.290389103997,
    "UNDERSUPPLY": 1788128.3030474258
  },
  "contribution_by_quadrant": {
    "INEFFICIENT": -29400.0,
    "OVERSUPPLY": 5308.040389103999,
    "UNDERSUPPLY": 1164123.0530474258
  }
}