{
  "depot": "MAHABOOBNAGAR",
  "target_date": "2026-05-08",
  "predicted_depot_pkm": 2334477.25,
  "total_services": 149,
  "count_add_slot": 57,
  "count_cut": 0,
  "count_no_change": 92,
  "total_allocated_pkm": 2274458.707990582,
  "quadrant_counts": {
    "UNDERSUPPLY": 106,
    "OVERSUPPLY": 30,
    "INEFFICIENT": 13
  },
  "quadrant_pcts": {
    "UNDERSUPPLY": 71.1,
    "OVERSUPPLY": 20.1,
    "INEFFICIENT": 8.7
  },
  "total_revenue": 2842462.050594855,
  "total_contribution": 1327126.0505948546,
  "total_planned_kms": 60613.44,
  "depot_avg_epk": 47.78207710906613,
  "depot_avg_or": 0.7796019799909681,
  "revenue_by_quadrant": {
    "INEFFICIENT": 75634.68371264687,
    "OVERSUPPLY": 471133.3400392323,
    "UNDERSUPPLY": 2295694.0268429755
  },
  "contribution_by_quadrant": {
    "INEFFICIENT": -63915.316287353126,
    "OVERSUPPLY": 129184.34003923231,
    "UNDERSUPPLY": 1261857.0268429755
  }
}