{
  "depot": "MIRYALAGUDA",
  "target_date": "2026-05-08",
  "predicted_depot_pkm": 1538842.75,
  "total_services": 125,
  "count_add_slot": 13,
  "count_cut": 6,
  "count_no_change": 106,
  "total_allocated_pkm": 1239500.19865061,
  "quadrant_counts": {
    "OVERSUPPLY": 66,
    "UNDERSUPPLY": 43,
    "INEFFICIENT": 16
  },
  "quadrant_pcts": {
    "OVERSUPPLY": 52.8,
    "UNDERSUPPLY": 34.4,
    "INEFFICIENT": 12.8
  },
  "total_revenue": 1635133.9721998705,
  "total_contribution": 555308.9721998707,
  "total_planned_kms": 43193.0,
  "depot_avg_epk": 37.81252230064581,
  "depot_avg_or": 0.6008927536204728,
  "revenue_by_quadrant": {
    "INEFFICIENT": 30464.35688707309,
    "OVERSUPPLY": 821352.3445307987,
    "UNDERSUPPLY": 783317.2707819989
  },
  "contribution_by_quadrant": {
    "INEFFICIENT": -106460.64311292692,
    "OVERSUPPLY": 257277.34453079873,
    "UNDERSUPPLY": 404492.2707819989
  }
}