{
  "depot": "WANAPARTHI",
  "target_date": "2026-05-08",
  "predicted_depot_pkm": 2057327.0,
  "total_services": 130,
  "count_add_slot": 56,
  "count_cut": 0,
  "count_no_change": 74,
  "total_allocated_pkm": 2018616.4919421081,
  "quadrant_counts": {
    "UNDERSUPPLY": 88,
    "OVERSUPPLY": 40,
    "INEFFICIENT": 2
  },
  "quadrant_pcts": {
    "UNDERSUPPLY": 67.7,
    "OVERSUPPLY": 30.8,
    "INEFFICIENT": 1.5
  },
  "total_revenue": 2448904.2913163644,
  "total_contribution": 1174304.2913163644,
  "total_planned_kms": 50984.0,
  "depot_avg_epk": 48.66892102585727,
  "depot_avg_or": 0.7933486994882978,
  "revenue_by_quadrant": {
    "INEFFICIENT": 7104.07399211936,
    "OVERSUPPLY": 615276.0919896301,
    "UNDERSUPPLY": 1826524.125334615
  },
  "contribution_by_quadrant": {
    "INEFFICIENT": -8495.92600788064,
    "OVERSUPPLY": 181726.09198963016,
    "UNDERSUPPLY": 1001074.1253346149
  }
}