{
  "depot": "MAHABOOBABAD",
  "target_date": "2026-05-08",
  "predicted_depot_pkm": 1332581.5,
  "total_services": 76,
  "count_add_slot": 29,
  "count_cut": 3,
  "count_no_change": 44,
  "total_allocated_pkm": 1255705.058948006,
  "quadrant_counts": {
    "UNDERSUPPLY": 55,
    "OVERSUPPLY": 15,
    "INEFFICIENT": 6
  },
  "quadrant_pcts": {
    "UNDERSUPPLY": 72.4,
    "OVERSUPPLY": 19.7,
    "INEFFICIENT": 7.9
  },
  "total_revenue": 1450895.647329109,
  "total_contribution": 892407.8573291089,
  "total_planned_kms": 31066.0,
  "depot_avg_epk": 46.25814763521091,
  "depot_avg_or": 0.7479911842376034,
  "revenue_by_quadrant": {
    "INEFFICIENT": 7746.858449336798,
    "OVERSUPPLY": 208714.56432276746,
    "UNDERSUPPLY": 1234434.2245570046
  },
  "contribution_by_quadrant": {
    "INEFFICIENT": -34343.6615506632,
    "OVERSUPPLY": 94594.99432276745,
    "UNDERSUPPLY": 832156.5245570046
  }
}