{
  "depot": "KORUTLA",
  "target_date": "2026-05-08",
  "predicted_depot_pkm": 1188214.75,
  "total_services": 61,
  "count_add_slot": 37,
  "count_cut": 0,
  "count_no_change": 24,
  "total_allocated_pkm": 1147180.6527992145,
  "quadrant_counts": {
    "UNDERSUPPLY": 42,
    "OVERSUPPLY": 17,
    "INEFFICIENT": 2
  },
  "quadrant_pcts": {
    "UNDERSUPPLY": 68.9,
    "OVERSUPPLY": 27.9,
    "INEFFICIENT": 3.3
  },
  "total_revenue": 1424852.2652173277,
  "total_contribution": 706652.2652173279,
  "total_planned_kms": 28728.0,
  "depot_avg_epk": 52.72678125877154,
  "depot_avg_or": 0.8718046010038397,
  "revenue_by_quadrant": {
    "INEFFICIENT": 15676.423374716296,
    "OVERSUPPLY": 390461.6401761488,
    "UNDERSUPPLY": 1018714.2016664628
  },
  "contribution_by_quadrant": {
    "INEFFICIENT": -13473.576625283704,
    "OVERSUPPLY": 118161.64017614878,
    "UNDERSUPPLY": 601964.2016664628
  }
}