{
  "depot": "UTNOOR",
  "target_date": "2026-05-08",
  "predicted_depot_pkm": 823772.5,
  "total_services": 37,
  "count_add_slot": 28,
  "count_cut": 0,
  "count_no_change": 9,
  "total_allocated_pkm": 813714.1631782888,
  "quadrant_counts": {
    "UNDERSUPPLY": 33,
    "OVERSUPPLY": 4
  },
  "quadrant_pcts": {
    "UNDERSUPPLY": 89.2,
    "OVERSUPPLY": 10.8
  },
  "total_revenue": 970032.3376302347,
  "total_contribution": 581432.3376302347,
  "total_planned_kms": 15544.0,
  "depot_avg_epk": 65.02949208327487,
  "depot_avg_or": 1.0323656392130507,
  "revenue_by_quadrant": {
    "OVERSUPPLY": 79021.91915775214,
    "UNDERSUPPLY": 891010.4184724825
  },
  "contribution_by_quadrant": {
    "OVERSUPPLY": 22371.919157752145,
    "UNDERSUPPLY": 559060.4184724825
  }
}