{
  "depot": "YADAGIRIGUTTA",
  "target_date": "2026-05-08",
  "predicted_depot_pkm": 1637063.0,
  "total_services": 82,
  "count_add_slot": 18,
  "count_cut": 2,
  "count_no_change": 62,
  "total_allocated_pkm": 1400562.9015683967,
  "quadrant_counts": {
    "UNDERSUPPLY": 61,
    "OVERSUPPLY": 18,
    "INEFFICIENT": 3
  },
  "quadrant_pcts": {
    "UNDERSUPPLY": 74.4,
    "OVERSUPPLY": 22.0,
    "INEFFICIENT": 3.7
  },
  "total_revenue": 1623752.7458003224,
  "total_contribution": 782027.7458003225,
  "total_planned_kms": 33669.0,
  "depot_avg_epk": 48.20135928400091,
  "depot_avg_or": 0.7519893516760676,
  "revenue_by_quadrant": {
    "INEFFICIENT": 26038.42032208787,
    "OVERSUPPLY": 313839.9920712923,
    "UNDERSUPPLY": 1283874.3334069424
  },
  "contribution_by_quadrant": {
    "INEFFICIENT": -6461.579677912129,
    "OVERSUPPLY": 113264.9920712923,
    "UNDERSUPPLY": 675224.3334069423
  }
}