{
  "depot": "BANDLAGUDA",
  "target_date": "2026-05-08",
  "predicted_depot_pkm": 1312457.75,
  "total_services": 148,
  "count_add_slot": 128,
  "count_cut": 0,
  "count_no_change": 20,
  "total_allocated_pkm": 1266271.647273889,
  "quadrant_counts": {
    "UNDERSUPPLY": 140,
    "INEFFICIENT": 5,
    "OVERSUPPLY": 3
  },
  "quadrant_pcts": {
    "UNDERSUPPLY": 94.6,
    "INEFFICIENT": 3.4,
    "OVERSUPPLY": 2.0
  },
  "total_revenue": 1724787.1963563429,
  "total_contribution": 1074422.1963563429,
  "total_planned_kms": 26014.6,
  "depot_avg_epk": 69.07838191366749,
  "depot_avg_or": 1.1026364422436354,
  "revenue_by_quadrant": {
    "INEFFICIENT": 11793.71992281788,
    "OVERSUPPLY": 14953.081477181146,
    "UNDERSUPPLY": 1698040.3949563438
  },
  "contribution_by_quadrant": {
    "INEFFICIENT": -29206.28007718212,
    "OVERSUPPLY": 5103.081477181145,
    "UNDERSUPPLY": 1098525.3949563438
  }
}