{
  "depot": "DILSHUKNAGAR",
  "target_date": "2026-05-08",
  "predicted_depot_pkm": 1347777.0,
  "total_services": 149,
  "count_add_slot": 97,
  "count_cut": 0,
  "count_no_change": 52,
  "total_allocated_pkm": 1250992.8983181103,
  "quadrant_counts": {
    "UNDERSUPPLY": 111,
    "INEFFICIENT": 30,
    "OVERSUPPLY": 8
  },
  "quadrant_pcts": {
    "UNDERSUPPLY": 74.5,
    "INEFFICIENT": 20.1,
    "OVERSUPPLY": 5.4
  },
  "total_revenue": 1694514.2761140778,
  "total_contribution": 883532.276114078,
  "total_planned_kms": 32439.28,
  "depot_avg_epk": 53.95749798856857,
  "depot_avg_or": 0.8660554858967638,
  "revenue_by_quadrant": {
    "INEFFICIENT": 79844.68673349862,
    "OVERSUPPLY": 51236.814311779715,
    "UNDERSUPPLY": 1563432.7750687997
  },
  "contribution_by_quadrant": {
    "INEFFICIENT": -103730.31326650138,
    "OVERSUPPLY": 18286.814311779715,
    "UNDERSUPPLY": 968975.7750687996
  }
}