{
  "depot": "PARKAL",
  "target_date": "2026-05-08",
  "predicted_depot_pkm": 1281687.0,
  "total_services": 79,
  "count_add_slot": 17,
  "count_cut": 3,
  "count_no_change": 59,
  "total_allocated_pkm": 1190519.8448773695,
  "quadrant_counts": {
    "UNDERSUPPLY": 47,
    "OVERSUPPLY": 21,
    "INEFFICIENT": 11
  },
  "quadrant_pcts": {
    "UNDERSUPPLY": 59.5,
    "OVERSUPPLY": 26.6,
    "INEFFICIENT": 13.9
  },
  "total_revenue": 1417503.3362026003,
  "total_contribution": 690488.1262026001,
  "total_planned_kms": 34127.0,
  "depot_avg_epk": 41.58351315722466,
  "depot_avg_or": 0.6529438209875292,
  "revenue_by_quadrant": {
    "INEFFICIENT": 54819.77566561804,
    "OVERSUPPLY": 306355.9848981516,
    "UNDERSUPPLY": 1056327.5756388307
  },
  "contribution_by_quadrant": {
    "INEFFICIENT": -33064.12433438195,
    "OVERSUPPLY": 113288.3348981516,
    "UNDERSUPPLY": 610263.9156388306
  }
}