{
  "depot": "NIZAMABAD-I",
  "target_date": "2026-05-08",
  "predicted_depot_pkm": 1622277.375,
  "total_services": 125,
  "count_add_slot": 14,
  "count_cut": 0,
  "count_no_change": 111,
  "total_allocated_pkm": 1379384.8682626032,
  "quadrant_counts": {
    "OVERSUPPLY": 66,
    "UNDERSUPPLY": 45,
    "INEFFICIENT": 14
  },
  "quadrant_pcts": {
    "OVERSUPPLY": 52.8,
    "UNDERSUPPLY": 36.0,
    "INEFFICIENT": 11.2
  },
  "total_revenue": 1840022.0100881837,
  "total_contribution": 852298.0300881835,
  "total_planned_kms": 51753.0,
  "depot_avg_epk": 37.86792751776007,
  "depot_avg_or": 0.5825014966010805,
  "revenue_by_quadrant": {
    "INEFFICIENT": 0.0,
    "OVERSUPPLY": 989901.8703115581,
    "UNDERSUPPLY": 850120.1397766253
  },
  "contribution_by_quadrant": {
    "INEFFICIENT": -153388.58000000002,
    "OVERSUPPLY": 476935.47031155817,
    "UNDERSUPPLY": 528751.1397766253
  }
}