{
  "depot": "KACHEGUDA",
  "target_date": "2026-05-08",
  "predicted_depot_pkm": 1501347.375,
  "total_services": 177,
  "count_add_slot": 126,
  "count_cut": 0,
  "count_no_change": 51,
  "total_allocated_pkm": 1394278.6569649503,
  "quadrant_counts": {
    "UNDERSUPPLY": 131,
    "INEFFICIENT": 37,
    "OVERSUPPLY": 9
  },
  "quadrant_pcts": {
    "UNDERSUPPLY": 74.0,
    "INEFFICIENT": 20.9,
    "OVERSUPPLY": 5.1
  },
  "total_revenue": 1874284.947617195,
  "total_contribution": 1090284.947617195,
  "total_planned_kms": 31360.0,
  "depot_avg_epk": 65.46372875466434,
  "depot_avg_or": 1.0691058445250785,
  "revenue_by_quadrant": {
    "INEFFICIENT": 20607.199819111647,
    "OVERSUPPLY": 73617.4209320148,
    "UNDERSUPPLY": 1780060.3268660689
  },
  "contribution_by_quadrant": {
    "INEFFICIENT": -177617.80018088836,
    "OVERSUPPLY": 26117.420932014793,
    "UNDERSUPPLY": 1241785.3268660689
  }
}