{
  "depot": "SHADNAGAR",
  "target_date": "2026-05-08",
  "predicted_depot_pkm": 1582039.375,
  "total_services": 88,
  "count_add_slot": 33,
  "count_cut": 3,
  "count_no_change": 52,
  "total_allocated_pkm": 1470873.7173246625,
  "quadrant_counts": {
    "UNDERSUPPLY": 56,
    "OVERSUPPLY": 27,
    "INEFFICIENT": 5
  },
  "quadrant_pcts": {
    "UNDERSUPPLY": 63.6,
    "OVERSUPPLY": 30.7,
    "INEFFICIENT": 5.7
  },
  "total_revenue": 1736503.6616981565,
  "total_contribution": 858178.6616981567,
  "total_planned_kms": 35133.0,
  "depot_avg_epk": 48.34548240743127,
  "depot_avg_or": 0.7758800412665665,
  "revenue_by_quadrant": {
    "INEFFICIENT": 20332.89396906671,
    "OVERSUPPLY": 407762.6444103346,
    "UNDERSUPPLY": 1308408.1233187553
  },
  "contribution_by_quadrant": {
    "INEFFICIENT": -15342.10603093329,
    "OVERSUPPLY": 136237.64441033461,
    "UNDERSUPPLY": 737283.1233187553
  }
}