{
  "depot": "CONTONMENT",
  "target_date": "2026-05-08",
  "predicted_depot_pkm": 1862032.5,
  "total_services": 280,
  "count_add_slot": 154,
  "count_cut": 0,
  "count_no_change": 126,
  "total_allocated_pkm": 1459357.9915291558,
  "quadrant_counts": {
    "UNDERSUPPLY": 177,
    "INEFFICIENT": 51,
    "OVERSUPPLY": 47,
    "SOCIAL_OBLIGATION": 5
  },
  "quadrant_pcts": {
    "UNDERSUPPLY": 63.2,
    "INEFFICIENT": 18.2,
    "OVERSUPPLY": 16.8,
    "SOCIAL_OBLIGATION": 1.8
  },
  "total_revenue": 2380592.325945195,
  "total_contribution": 919821.2645451949,
  "total_planned_kms": 46115.74,
  "depot_avg_epk": 56.404411891381486,
  "depot_avg_or": 0.8815972403999599,
  "revenue_by_quadrant": {
    "INEFFICIENT": 76542.68912327109,
    "OVERSUPPLY": 321595.2207623832,
    "SOCIAL_OBLIGATION": 32936.4949183221,
    "UNDERSUPPLY": 1949517.9211412186
  },
  "contribution_by_quadrant": {
    "INEFFICIENT": -315531.6258767289,
    "OVERSUPPLY": 91260.40276238322,
    "SOCIAL_OBLIGATION": -6875.545081677895,
    "UNDERSUPPLY": 1150968.0327412186
  }
}