{
  "depot": "ARMOOR",
  "target_date": "2026-05-08",
  "predicted_depot_pkm": 1426111.375,
  "total_services": 90,
  "count_add_slot": 28,
  "count_cut": 2,
  "count_no_change": 60,
  "total_allocated_pkm": 1231676.0021515302,
  "quadrant_counts": {
    "UNDERSUPPLY": 46,
    "OVERSUPPLY": 35,
    "INEFFICIENT": 9
  },
  "quadrant_pcts": {
    "UNDERSUPPLY": 51.1,
    "OVERSUPPLY": 38.9,
    "INEFFICIENT": 10.0
  },
  "total_revenue": 1531322.467978738,
  "total_contribution": 850353.2679787378,
  "total_planned_kms": 36987.0,
  "depot_avg_epk": 41.82414802644765,
  "depot_avg_or": 0.678610500048436,
  "revenue_by_quadrant": {
    "INEFFICIENT": 12810.333145915087,
    "OVERSUPPLY": 553481.6896134467,
    "UNDERSUPPLY": 965030.445219376
  },
  "contribution_by_quadrant": {
    "INEFFICIENT": -55632.00685408491,
    "OVERSUPPLY": 257089.86961344676,
    "UNDERSUPPLY": 648895.4052193761
  }
}