{
  "depot": "BHUPALAPALLAY",
  "target_date": "2026-05-08",
  "predicted_depot_pkm": 1542793.375,
  "total_services": 86,
  "count_add_slot": 30,
  "count_cut": 0,
  "count_no_change": 56,
  "total_allocated_pkm": 1475475.4544807551,
  "quadrant_counts": {
    "UNDERSUPPLY": 58,
    "OVERSUPPLY": 20,
    "INEFFICIENT": 8
  },
  "quadrant_pcts": {
    "UNDERSUPPLY": 67.4,
    "OVERSUPPLY": 23.3,
    "INEFFICIENT": 9.3
  },
  "total_revenue": 1858963.274895157,
  "total_contribution": 1021911.9348951572,
  "total_planned_kms": 40104.0,
  "depot_avg_epk": 46.43189951380675,
  "depot_avg_or": 0.7231365706130171,
  "revenue_by_quadrant": {
    "INEFFICIENT": 22256.37007272833,
    "OVERSUPPLY": 358537.7005139679,
    "UNDERSUPPLY": 1478169.204308461
  },
  "contribution_by_quadrant": {
    "INEFFICIENT": -46894.70992727167,
    "OVERSUPPLY": 166498.22051396788,
    "UNDERSUPPLY": 902308.4243084609
  }
}