{
  "depot": "NARAYANPET",
  "target_date": "2026-05-22",
  "predicted_depot_pkm": 1934345.875,
  "total_services": 95,
  "count_add_slot": 53,
  "count_cut": 0,
  "count_no_change": 42,
  "total_allocated_pkm": 1821620.1213905741,
  "quadrant_counts": {
    "UNDERSUPPLY": 72,
    "OVERSUPPLY": 18,
    "INEFFICIENT": 5
  },
  "quadrant_pcts": {
    "UNDERSUPPLY": 75.8,
    "OVERSUPPLY": 18.9,
    "INEFFICIENT": 5.3
  },
  "total_revenue": 2204036.3723553163,
  "total_contribution": 1163773.872355316,
  "total_planned_kms": 41610.5,
  "depot_avg_epk": 53.03416107903289,
  "depot_avg_or": 0.8553786626181424,
  "revenue_by_quadrant": {
    "INEFFICIENT": 21266.035111989033,
    "OVERSUPPLY": 284585.5689912761,
    "UNDERSUPPLY": 1898184.7682520512
  },
  "contribution_by_quadrant": {
    "INEFFICIENT": -24433.964888010967,
    "OVERSUPPLY": 87785.5689912761,
    "UNDERSUPPLY": 1100422.2682520512
  }
}