{
  "depot": "MIRYALAGUDA",
  "target_date": "2026-05-22",
  "predicted_depot_pkm": 1630630.875,
  "total_services": 125,
  "count_add_slot": 15,
  "count_cut": 6,
  "count_no_change": 104,
  "total_allocated_pkm": 1247183.9433440114,
  "quadrant_counts": {
    "OVERSUPPLY": 78,
    "UNDERSUPPLY": 32,
    "INEFFICIENT": 15
  },
  "quadrant_pcts": {
    "OVERSUPPLY": 62.4,
    "UNDERSUPPLY": 25.6,
    "INEFFICIENT": 12.0
  },
  "total_revenue": 1648500.3672864356,
  "total_contribution": 568675.3672864353,
  "total_planned_kms": 43193.0,
  "depot_avg_epk": 37.56373889272048,
  "depot_avg_or": 0.5968336409575634,
  "revenue_by_quadrant": {
    "INEFFICIENT": 21808.605544814545,
    "OVERSUPPLY": 1002527.4880811946,
    "UNDERSUPPLY": 624164.2736604264
  },
  "contribution_by_quadrant": {
    "INEFFICIENT": -104616.39445518545,
    "OVERSUPPLY": 339677.4880811945,
    "UNDERSUPPLY": 333614.2736604264
  }
}