{
  "depot": "FALAKNUMA",
  "target_date": "2026-05-22",
  "predicted_depot_pkm": 1541716.75,
  "total_services": 148,
  "count_add_slot": 116,
  "count_cut": 0,
  "count_no_change": 32,
  "total_allocated_pkm": 1406047.9187053482,
  "quadrant_counts": {
    "UNDERSUPPLY": 116,
    "INEFFICIENT": 29,
    "OVERSUPPLY": 3
  },
  "quadrant_pcts": {
    "UNDERSUPPLY": 78.4,
    "INEFFICIENT": 19.6,
    "OVERSUPPLY": 2.0
  },
  "total_revenue": 1871910.9284673682,
  "total_contribution": 1171760.9284673682,
  "total_planned_kms": 28006.0,
  "depot_avg_epk": 64.2088995043095,
  "depot_avg_or": 1.045126802732984,
  "revenue_by_quadrant": {
    "INEFFICIENT": 3037.9806291562713,
    "OVERSUPPLY": 14078.635493606238,
    "UNDERSUPPLY": 1854794.3123446056
  },
  "contribution_by_quadrant": {
    "INEFFICIENT": -100387.01937084373,
    "OVERSUPPLY": 3678.6354936062385,
    "UNDERSUPPLY": 1268469.3123446056
  }
}