{
  "depot": "KUKATPALLY",
  "target_date": "2026-05-22",
  "predicted_depot_pkm": 1372342.625,
  "total_services": 204,
  "count_add_slot": 87,
  "count_cut": 0,
  "count_no_change": 117,
  "total_allocated_pkm": 1071012.3828874005,
  "quadrant_counts": {
    "UNDERSUPPLY": 129,
    "INEFFICIENT": 38,
    "OVERSUPPLY": 37
  },
  "quadrant_pcts": {
    "UNDERSUPPLY": 63.2,
    "INEFFICIENT": 18.6,
    "OVERSUPPLY": 18.1
  },
  "total_revenue": 1455589.901796127,
  "total_contribution": 664340.2617961272,
  "total_planned_kms": 38029.06,
  "depot_avg_epk": 43.96171822026232,
  "depot_avg_or": 0.7124731499360177,
  "revenue_by_quadrant": {
    "INEFFICIENT": 12422.654061270954,
    "OVERSUPPLY": 229410.3058220442,
    "UNDERSUPPLY": 1213756.941912812
  },
  "contribution_by_quadrant": {
    "INEFFICIENT": -210633.92593872905,
    "OVERSUPPLY": 95774.37582204421,
    "UNDERSUPPLY": 779199.811912812
  }
}