{
  "depot": "MADHIRA",
  "target_date": "2026-05-22",
  "predicted_depot_pkm": 1443784.0,
  "total_services": 62,
  "count_add_slot": 39,
  "count_cut": 0,
  "count_no_change": 23,
  "total_allocated_pkm": 1301196.9932631508,
  "quadrant_counts": {
    "UNDERSUPPLY": 48,
    "OVERSUPPLY": 11,
    "INEFFICIENT": 3
  },
  "quadrant_pcts": {
    "UNDERSUPPLY": 77.4,
    "OVERSUPPLY": 17.7,
    "INEFFICIENT": 4.8
  },
  "total_revenue": 1676454.0776058363,
  "total_contribution": 917004.0776058361,
  "total_planned_kms": 30378.0,
  "depot_avg_epk": 54.34384784471219,
  "depot_avg_or": 0.8885245594828611,
  "revenue_by_quadrant": {
    "INEFFICIENT": 22375.027880677837,
    "OVERSUPPLY": 210225.3874097112,
    "UNDERSUPPLY": 1443853.6623154473
  },
  "contribution_by_quadrant": {
    "INEFFICIENT": -1324.972119322163,
    "OVERSUPPLY": 68075.38740971118,
    "UNDERSUPPLY": 850253.6623154473
  }
}