{
  "depot": "BHUPALAPALLAY",
  "target_date": "2026-05-22",
  "predicted_depot_pkm": 1462137.375,
  "total_services": 86,
  "count_add_slot": 24,
  "count_cut": 0,
  "count_no_change": 62,
  "total_allocated_pkm": 1400174.62310767,
  "quadrant_counts": {
    "UNDERSUPPLY": 52,
    "OVERSUPPLY": 25,
    "INEFFICIENT": 9
  },
  "quadrant_pcts": {
    "UNDERSUPPLY": 60.5,
    "OVERSUPPLY": 29.1,
    "INEFFICIENT": 10.5
  },
  "total_revenue": 1765702.201685973,
  "total_contribution": 928650.861685973,
  "total_planned_kms": 40104.0,
  "depot_avg_epk": 43.74531226104241,
  "depot_avg_or": 0.6783649637037573,
  "revenue_by_quadrant": {
    "INEFFICIENT": 12697.29773215801,
    "OVERSUPPLY": 447855.3826584577,
    "UNDERSUPPLY": 1305149.5212953573
  },
  "contribution_by_quadrant": {
    "INEFFICIENT": -61081.16226784199,
    "OVERSUPPLY": 203174.42265845768,
    "UNDERSUPPLY": 786557.6012953572
  }
}