{
  "depot": "GWL-PRGPR",
  "target_date": "2026-05-22",
  "predicted_depot_pkm": 1722304.625,
  "total_services": 79,
  "count_add_slot": 45,
  "count_cut": 1,
  "count_no_change": 33,
  "total_allocated_pkm": 1548796.7869243976,
  "quadrant_counts": {
    "UNDERSUPPLY": 63,
    "OVERSUPPLY": 14,
    "INEFFICIENT": 2
  },
  "quadrant_pcts": {
    "UNDERSUPPLY": 79.7,
    "OVERSUPPLY": 17.7,
    "INEFFICIENT": 2.5
  },
  "total_revenue": 1767861.494483456,
  "total_contribution": 974011.494483456,
  "total_planned_kms": 31754.0,
  "depot_avg_epk": 55.36717657820208,
  "depot_avg_or": 0.8501202104675778,
  "revenue_by_quadrant": {
    "INEFFICIENT": 8596.563511656857,
    "OVERSUPPLY": 228985.5460485736,
    "UNDERSUPPLY": 1530279.3849232255
  },
  "contribution_by_quadrant": {
    "INEFFICIENT": -9903.436488343143,
    "OVERSUPPLY": 85985.5460485736,
    "UNDERSUPPLY": 897929.3849232254
  }
}