{
  "depot": "METPALLY",
  "target_date": "2026-05-22",
  "predicted_depot_pkm": 1109909.5,
  "total_services": 54,
  "count_add_slot": 31,
  "count_cut": 2,
  "count_no_change": 21,
  "total_allocated_pkm": 1083068.1557896978,
  "quadrant_counts": {
    "UNDERSUPPLY": 46,
    "OVERSUPPLY": 5,
    "INEFFICIENT": 3
  },
  "quadrant_pcts": {
    "UNDERSUPPLY": 85.2,
    "OVERSUPPLY": 9.3,
    "INEFFICIENT": 5.6
  },
  "total_revenue": 1332151.5389799282,
  "total_contribution": 715851.538979928,
  "total_planned_kms": 24652.0,
  "depot_avg_epk": 54.24397636865764,
  "depot_avg_or": 0.8607030451469789,
  "revenue_by_quadrant": {
    "INEFFICIENT": 12807.61272225222,
    "OVERSUPPLY": 140889.0642019706,
    "UNDERSUPPLY": 1178454.8620557054
  },
  "contribution_by_quadrant": {
    "INEFFICIENT": -12592.38727774778,
    "OVERSUPPLY": 48689.064201970614,
    "UNDERSUPPLY": 679754.8620557053
  }
}