{
  "depot": "IBRAHIMPATNAM",
  "target_date": "2026-05-22",
  "predicted_depot_pkm": 1972641.625,
  "total_services": 189,
  "count_add_slot": 127,
  "count_cut": 2,
  "count_no_change": 60,
  "total_allocated_pkm": 1786819.0939260162,
  "quadrant_counts": {
    "UNDERSUPPLY": 153,
    "OVERSUPPLY": 22,
    "INEFFICIENT": 14
  },
  "quadrant_pcts": {
    "UNDERSUPPLY": 81.0,
    "OVERSUPPLY": 11.6,
    "INEFFICIENT": 7.4
  },
  "total_revenue": 2370878.5994117353,
  "total_contribution": 1492288.4674117358,
  "total_planned_kms": 44778.7,
  "depot_avg_epk": 55.199162938194256,
  "depot_avg_or": 0.9034004096679611,
  "revenue_by_quadrant": {
    "INEFFICIENT": 0.0,
    "OVERSUPPLY": 167087.63779902156,
    "UNDERSUPPLY": 2203790.961612714
  },
  "contribution_by_quadrant": {
    "INEFFICIENT": -81041.59999999999,
    "OVERSUPPLY": 62066.98179902156,
    "UNDERSUPPLY": 1511263.085612714
  }
}