{
  "depot": "RANIGUNJ-I",
  "target_date": "2026-05-22",
  "predicted_depot_pkm": 1653393.375,
  "total_services": 222,
  "count_add_slot": 175,
  "count_cut": 0,
  "count_no_change": 47,
  "total_allocated_pkm": 1530087.090328439,
  "quadrant_counts": {
    "UNDERSUPPLY": 196,
    "OVERSUPPLY": 23,
    "INEFFICIENT": 3
  },
  "quadrant_pcts": {
    "UNDERSUPPLY": 88.3,
    "OVERSUPPLY": 10.4,
    "INEFFICIENT": 1.4
  },
  "total_revenue": 2244601.430642937,
  "total_contribution": 1355439.4306429368,
  "total_planned_kms": 35566.479999999996,
  "depot_avg_epk": 63.962227573649756,
  "depot_avg_or": 1.091387275876355,
  "revenue_by_quadrant": {
    "INEFFICIENT": 11002.086546465995,
    "OVERSUPPLY": 149493.870299614,
    "UNDERSUPPLY": 2084105.4737968568
  },
  "contribution_by_quadrant": {
    "INEFFICIENT": -6547.9134535340045,
    "OVERSUPPLY": 48493.87029961401,
    "UNDERSUPPLY": 1313493.4737968568
  }
}