{
  "depot": "NARKATPALLY",
  "target_date": "2026-05-22",
  "predicted_depot_pkm": 726647.25,
  "total_services": 26,
  "count_add_slot": 24,
  "count_cut": 0,
  "count_no_change": 2,
  "total_allocated_pkm": 673556.3706404987,
  "quadrant_counts": {
    "UNDERSUPPLY": 26
  },
  "quadrant_pcts": {
    "UNDERSUPPLY": 100.0
  },
  "total_revenue": 750775.287807075,
  "total_contribution": 492025.2878070749,
  "total_planned_kms": 10350.0,
  "depot_avg_epk": 72.3539328938817,
  "depot_avg_or": 1.1705138028529938,
  "revenue_by_quadrant": {
    "UNDERSUPPLY": 750775.287807075
  },
  "contribution_by_quadrant": {
    "UNDERSUPPLY": 492025.2878070749
  }
}