{
  "depot": "NAGARKURNOOL",
  "target_date": "2026-05-22",
  "predicted_depot_pkm": 1634828.875,
  "total_services": 79,
  "count_add_slot": 53,
  "count_cut": 0,
  "count_no_change": 26,
  "total_allocated_pkm": 1535450.574506687,
  "quadrant_counts": {
    "UNDERSUPPLY": 64,
    "OVERSUPPLY": 10,
    "INEFFICIENT": 5
  },
  "quadrant_pcts": {
    "UNDERSUPPLY": 81.0,
    "OVERSUPPLY": 12.7,
    "INEFFICIENT": 6.3
  },
  "total_revenue": 1758458.9727589262,
  "total_contribution": 925058.9727589262,
  "total_planned_kms": 33336.0,
  "depot_avg_epk": 52.3675315648129,
  "depot_avg_or": 0.8752694707088713,
  "revenue_by_quadrant": {
    "INEFFICIENT": 22336.89171431932,
    "OVERSUPPLY": 170863.4068611732,
    "UNDERSUPPLY": 1565258.6741834336
  },
  "contribution_by_quadrant": {
    "INEFFICIENT": -15688.108285680679,
    "OVERSUPPLY": 58863.40686117318,
    "UNDERSUPPLY": 881883.6741834336
  }
}