{
  "depot": "BHUPALAPALLAY",
  "target_date": "2026-03-09",
  "predicted_depot_pkm": 1582154.375,
  "total_services": 86,
  "count_add_slot": 36,
  "count_cut": 1,
  "count_no_change": 49,
  "total_allocated_pkm": 1512028.8716817535,
  "quadrant_counts": {
    "UNDERSUPPLY": 60,
    "OVERSUPPLY": 20,
    "INEFFICIENT": 6
  },
  "quadrant_pcts": {
    "UNDERSUPPLY": 69.8,
    "OVERSUPPLY": 23.3,
    "INEFFICIENT": 7.0
  },
  "total_revenue": 1913378.9902584397,
  "total_contribution": 1076662.6102584403,
  "total_planned_kms": 40068.0,
  "depot_avg_epk": 47.55353660660754,
  "depot_avg_or": 0.7562083319045655,
  "revenue_by_quadrant": {
    "INEFFICIENT": 27047.42351186469,
    "OVERSUPPLY": 317048.16612422216,
    "UNDERSUPPLY": 1569283.4006223532
  },
  "contribution_by_quadrant": {
    "INEFFICIENT": -28785.89648813531,
    "OVERSUPPLY": 135913.78612422218,
    "UNDERSUPPLY": 969534.7206223531
  }
}