{
  "depot": "WARANGAL-II",
  "target_date": "2026-03-09",
  "predicted_depot_pkm": 2994689.75,
  "total_services": 158,
  "count_add_slot": 50,
  "count_cut": 4,
  "count_no_change": 104,
  "total_allocated_pkm": 2888771.972636924,
  "quadrant_counts": {
    "UNDERSUPPLY": 91,
    "INEFFICIENT": 36,
    "OVERSUPPLY": 31
  },
  "quadrant_pcts": {
    "UNDERSUPPLY": 57.6,
    "INEFFICIENT": 22.8,
    "OVERSUPPLY": 19.6
  },
  "total_revenue": 3816481.9094264517,
  "total_contribution": 863121.3494264522,
  "total_planned_kms": 75884.0,
  "depot_avg_epk": 50.56516458550145,
  "depot_avg_or": 0.756786119058878,
  "revenue_by_quadrant": {
    "INEFFICIENT": 600788.2220660193,
    "OVERSUPPLY": 685519.7719068521,
    "UNDERSUPPLY": 2530173.9154535807
  },
  "contribution_by_quadrant": {
    "INEFFICIENT": -148503.2779339807,
    "OVERSUPPLY": 63973.071906852165,
    "UNDERSUPPLY": 947651.5554535807
  }
}