{
  "depot": "MAHABOOBABAD",
  "target_date": "2026-03-09",
  "predicted_depot_pkm": 1552991.375,
  "total_services": 74,
  "count_add_slot": 53,
  "count_cut": 3,
  "count_no_change": 18,
  "total_allocated_pkm": 1478640.8233511872,
  "quadrant_counts": {
    "UNDERSUPPLY": 65,
    "OVERSUPPLY": 6,
    "INEFFICIENT": 3
  },
  "quadrant_pcts": {
    "UNDERSUPPLY": 87.8,
    "OVERSUPPLY": 8.1,
    "INEFFICIENT": 4.1
  },
  "total_revenue": 1715411.5810855208,
  "total_contribution": 1175140.1510855206,
  "total_planned_kms": 30064.0,
  "depot_avg_epk": 56.37238491148505,
  "depot_avg_or": 0.9367994250189882,
  "revenue_by_quadrant": {
    "INEFFICIENT": 8150.934056448163,
    "OVERSUPPLY": 81739.69687038095,
    "UNDERSUPPLY": 1625520.9501586915
  },
  "contribution_by_quadrant": {
    "INEFFICIENT": -10423.465943551837,
    "OVERSUPPLY": 36933.00687038096,
    "UNDERSUPPLY": 1148630.6101586916
  }
}