{
  "depot": "THORROR",
  "target_date": "2026-03-09",
  "predicted_depot_pkm": 2060292.375,
  "total_services": 94,
  "count_add_slot": 69,
  "count_cut": 3,
  "count_no_change": 22,
  "total_allocated_pkm": 1984878.8511084006,
  "quadrant_counts": {
    "UNDERSUPPLY": 82,
    "OVERSUPPLY": 9,
    "INEFFICIENT": 3
  },
  "quadrant_pcts": {
    "UNDERSUPPLY": 87.2,
    "OVERSUPPLY": 9.6,
    "INEFFICIENT": 3.2
  },
  "total_revenue": 2471009.3921625563,
  "total_contribution": 1533278.6221625563,
  "total_planned_kms": 40942.0,
  "depot_avg_epk": 60.42255410179488,
  "depot_avg_or": 0.9602492337566149,
  "revenue_by_quadrant": {
    "INEFFICIENT": 12156.190140314375,
    "OVERSUPPLY": 150902.9204601072,
    "UNDERSUPPLY": 2307950.2815621346
  },
  "contribution_by_quadrant": {
    "INEFFICIENT": -7512.519859685625,
    "OVERSUPPLY": 62901.85046010722,
    "UNDERSUPPLY": 1477889.2915621344
  }
}