{
  "depot": "HAKIMPET",
  "target_date": "2026-03-09",
  "predicted_depot_pkm": 1502690.75,
  "total_services": 147,
  "count_add_slot": 38,
  "count_cut": 0,
  "count_no_change": 109,
  "total_allocated_pkm": 1308636.9454456046,
  "quadrant_counts": {
    "UNDERSUPPLY": 100,
    "OVERSUPPLY": 44,
    "INEFFICIENT": 3
  },
  "quadrant_pcts": {
    "UNDERSUPPLY": 68.0,
    "OVERSUPPLY": 29.9,
    "INEFFICIENT": 2.0
  },
  "total_revenue": 1787670.0346767707,
  "total_contribution": 978934.7246767706,
  "total_planned_kms": 30757.0,
  "depot_avg_epk": 58.01121730758314,
  "depot_avg_or": 0.7816594697777193,
  "revenue_by_quadrant": {
    "INEFFICIENT": 6647.549546125602,
    "OVERSUPPLY": 510071.1623753784,
    "UNDERSUPPLY": 1270951.3227552667
  },
  "contribution_by_quadrant": {
    "INEFFICIENT": -3940.1404538743977,
    "OVERSUPPLY": 242482.78237537842,
    "UNDERSUPPLY": 740392.0827552667
  }
}