{
  "depot": "NIZAMABAD-I",
  "target_date": "2026-03-09",
  "predicted_depot_pkm": 1822270.625,
  "total_services": 125,
  "count_add_slot": 27,
  "count_cut": 0,
  "count_no_change": 98,
  "total_allocated_pkm": 1564954.5117090663,
  "quadrant_counts": {
    "OVERSUPPLY": 65,
    "UNDERSUPPLY": 54,
    "INEFFICIENT": 6
  },
  "quadrant_pcts": {
    "OVERSUPPLY": 52.0,
    "UNDERSUPPLY": 43.2,
    "INEFFICIENT": 4.8
  },
  "total_revenue": 2072168.7119530523,
  "total_contribution": 1084444.7319530519,
  "total_planned_kms": 51753.0,
  "depot_avg_epk": 41.78862992810541,
  "depot_avg_or": 0.6446670558952389,
  "revenue_by_quadrant": {
    "INEFFICIENT": 16209.021701014033,
    "OVERSUPPLY": 972606.529704827,
    "UNDERSUPPLY": 1083353.1605472108
  },
  "contribution_by_quadrant": {
    "INEFFICIENT": -54999.178298985964,
    "OVERSUPPLY": 439371.10970482696,
    "UNDERSUPPLY": 700072.8005472108
  }
}