{
  "depot": "THORROR",
  "target_date": "2026-05-05",
  "predicted_depot_pkm": 1835488.25,
  "total_services": 94,
  "count_add_slot": 50,
  "count_cut": 0,
  "count_no_change": 44,
  "total_allocated_pkm": 1710666.502277931,
  "quadrant_counts": {
    "UNDERSUPPLY": 72,
    "OVERSUPPLY": 17,
    "INEFFICIENT": 5
  },
  "quadrant_pcts": {
    "UNDERSUPPLY": 76.6,
    "OVERSUPPLY": 18.1,
    "INEFFICIENT": 5.3
  },
  "total_revenue": 2126391.692139627,
  "total_contribution": 1188660.922139627,
  "total_planned_kms": 40942.0,
  "depot_avg_epk": 52.21007144743894,
  "depot_avg_or": 0.8272034310789046,
  "revenue_by_quadrant": {
    "INEFFICIENT": 25157.96033508232,
    "OVERSUPPLY": 290724.7396818525,
    "UNDERSUPPLY": 1810508.9921226923
  },
  "contribution_by_quadrant": {
    "INEFFICIENT": -15912.739664917679,
    "OVERSUPPLY": 116859.02968185251,
    "UNDERSUPPLY": 1087714.6321226922
  }
}