{
  "depot": "KUKATPALLY",
  "target_date": "2026-05-05",
  "predicted_depot_pkm": 1390947.75,
  "total_services": 204,
  "count_add_slot": 99,
  "count_cut": 0,
  "count_no_change": 105,
  "total_allocated_pkm": 1106212.5374094087,
  "quadrant_counts": {
    "UNDERSUPPLY": 137,
    "OVERSUPPLY": 34,
    "INEFFICIENT": 33
  },
  "quadrant_pcts": {
    "UNDERSUPPLY": 67.2,
    "OVERSUPPLY": 16.7,
    "INEFFICIENT": 16.2
  },
  "total_revenue": 1505096.2579803623,
  "total_contribution": 713846.6179803624,
  "total_planned_kms": 38029.06,
  "depot_avg_epk": 45.26656418296152,
  "depot_avg_or": 0.7331993351742031,
  "revenue_by_quadrant": {
    "INEFFICIENT": 17951.111091052087,
    "OVERSUPPLY": 210191.47263685844,
    "UNDERSUPPLY": 1276953.6742524516
  },
  "contribution_by_quadrant": {
    "INEFFICIENT": -191696.71890894792,
    "OVERSUPPLY": 87467.73263685843,
    "UNDERSUPPLY": 818075.6042524517
  }
}