{
  "depot": "MAHABOOBABAD",
  "target_date": "2026-05-05",
  "predicted_depot_pkm": 1375315.25,
  "total_services": 76,
  "count_add_slot": 32,
  "count_cut": 0,
  "count_no_change": 44,
  "total_allocated_pkm": 1256559.3265122978,
  "quadrant_counts": {
    "UNDERSUPPLY": 51,
    "OVERSUPPLY": 18,
    "INEFFICIENT": 7
  },
  "quadrant_pcts": {
    "UNDERSUPPLY": 67.1,
    "OVERSUPPLY": 23.7,
    "INEFFICIENT": 9.2
  },
  "total_revenue": 1452369.0055177263,
  "total_contribution": 893881.2155177263,
  "total_planned_kms": 31066.0,
  "depot_avg_epk": 46.3829375579067,
  "depot_avg_or": 0.7500579181738128,
  "revenue_by_quadrant": {
    "INEFFICIENT": 17429.84424741088,
    "OVERSUPPLY": 259267.25917110388,
    "UNDERSUPPLY": 1175671.9020992115
  },
  "contribution_by_quadrant": {
    "INEFFICIENT": -30733.075752589117,
    "OVERSUPPLY": 123433.28917110387,
    "UNDERSUPPLY": 801181.0020992116
  }
}