{
  "depot": "WARANGAL-I",
  "target_date": "2026-05-05",
  "predicted_depot_pkm": 1981899.5,
  "total_services": 130,
  "count_add_slot": 20,
  "count_cut": 0,
  "count_no_change": 110,
  "total_allocated_pkm": 1856043.8169059888,
  "quadrant_counts": {
    "OVERSUPPLY": 70,
    "UNDERSUPPLY": 52,
    "INEFFICIENT": 8
  },
  "quadrant_pcts": {
    "OVERSUPPLY": 53.8,
    "UNDERSUPPLY": 40.0,
    "INEFFICIENT": 6.2
  },
  "total_revenue": 2750167.5687898225,
  "total_contribution": 1224773.5487898225,
  "total_planned_kms": 67106.0,
  "depot_avg_epk": 42.262305295714086,
  "depot_avg_or": 0.654290909679742,
  "revenue_by_quadrant": {
    "INEFFICIENT": 84640.2940721119,
    "OVERSUPPLY": 1570767.7556387815,
    "UNDERSUPPLY": 1094759.5190789292
  },
  "contribution_by_quadrant": {
    "INEFFICIENT": -11462.825927888109,
    "OVERSUPPLY": 697545.4356387814,
    "UNDERSUPPLY": 538690.9390789291
  }
}