{
  "depot": "KARIMNAGAR-I",
  "target_date": "2026-05-05",
  "predicted_depot_pkm": 1655650.375,
  "total_services": 108,
  "count_add_slot": 24,
  "count_cut": 0,
  "count_no_change": 84,
  "total_allocated_pkm": 1508732.2103161358,
  "quadrant_counts": {
    "UNDERSUPPLY": 53,
    "OVERSUPPLY": 47,
    "INEFFICIENT": 8
  },
  "quadrant_pcts": {
    "UNDERSUPPLY": 49.1,
    "OVERSUPPLY": 43.5,
    "INEFFICIENT": 7.4
  },
  "total_revenue": 1866525.7703980105,
  "total_contribution": 728994.0103980103,
  "total_planned_kms": 47350.0,
  "depot_avg_epk": 41.51849082452216,
  "depot_avg_or": 0.6679918644442115,
  "revenue_by_quadrant": {
    "INEFFICIENT": 25828.61896487474,
    "OVERSUPPLY": 767006.4744561847,
    "UNDERSUPPLY": 1073690.676976951
  },
  "contribution_by_quadrant": {
    "INEFFICIENT": -89538.52103512526,
    "OVERSUPPLY": 323857.8944561846,
    "UNDERSUPPLY": 494674.63697695103
  }
}