{
  "depot": "WARANGAL-I",
  "target_date": "2026-04-30",
  "predicted_depot_pkm": 1666663.875,
  "total_services": 130,
  "count_add_slot": 3,
  "count_cut": 0,
  "count_no_change": 127,
  "total_allocated_pkm": 1540061.131989338,
  "quadrant_counts": {
    "OVERSUPPLY": 93,
    "UNDERSUPPLY": 25,
    "INEFFICIENT": 12
  },
  "quadrant_pcts": {
    "OVERSUPPLY": 71.5,
    "UNDERSUPPLY": 19.2,
    "INEFFICIENT": 9.2
  },
  "total_revenue": 2267782.1811627564,
  "total_contribution": 742388.1611627565,
  "total_planned_kms": 67106.0,
  "depot_avg_epk": 35.465160576877345,
  "depot_avg_or": 0.5492749936744569,
  "revenue_by_quadrant": {
    "INEFFICIENT": 84679.91522835233,
    "OVERSUPPLY": 1719761.5433217548,
    "UNDERSUPPLY": 463340.7226126494
  },
  "contribution_by_quadrant": {
    "INEFFICIENT": -49346.58477164767,
    "OVERSUPPLY": 599232.7433217549,
    "UNDERSUPPLY": 192502.00261264935
  }
}