{
  "depot": "HAKIMPET",
  "target_date": "2026-04-30",
  "predicted_depot_pkm": 1313490.25,
  "total_services": 147,
  "count_add_slot": 76,
  "count_cut": 0,
  "count_no_change": 71,
  "total_allocated_pkm": 989469.7835907678,
  "quadrant_counts": {
    "UNDERSUPPLY": 112,
    "INEFFICIENT": 22,
    "OVERSUPPLY": 13
  },
  "quadrant_pcts": {
    "UNDERSUPPLY": 76.2,
    "INEFFICIENT": 15.0,
    "OVERSUPPLY": 8.8
  },
  "total_revenue": 1330192.199455149,
  "total_contribution": 521407.7891551492,
  "total_planned_kms": 30758.690000000002,
  "depot_avg_epk": 44.96309046804324,
  "depot_avg_or": 0.771190707109345,
  "revenue_by_quadrant": {
    "INEFFICIENT": 5184.991385661892,
    "OVERSUPPLY": 111029.35825692854,
    "UNDERSUPPLY": 1213977.8498125589
  },
  "contribution_by_quadrant": {
    "INEFFICIENT": -129098.53341433812,
    "OVERSUPPLY": 33614.181456928534,
    "UNDERSUPPLY": 616892.1411125588
  }
}