{
  "depot": "THORROR",
  "target_date": "2026-04-30",
  "predicted_depot_pkm": 1617244.25,
  "total_services": 94,
  "count_add_slot": 29,
  "count_cut": 0,
  "count_no_change": 65,
  "total_allocated_pkm": 1516354.5106305755,
  "quadrant_counts": {
    "UNDERSUPPLY": 62,
    "OVERSUPPLY": 26,
    "INEFFICIENT": 6
  },
  "quadrant_pcts": {
    "UNDERSUPPLY": 66.0,
    "OVERSUPPLY": 27.7,
    "INEFFICIENT": 6.4
  },
  "total_revenue": 1880073.9926065193,
  "total_contribution": 942343.2226065195,
  "total_planned_kms": 40942.0,
  "depot_avg_epk": 46.25712429416084,
  "depot_avg_or": 0.7338957838836098,
  "revenue_by_quadrant": {
    "INEFFICIENT": 40580.12288794972,
    "OVERSUPPLY": 434185.66267513565,
    "UNDERSUPPLY": 1405308.207043434
  },
  "contribution_by_quadrant": {
    "INEFFICIENT": -14133.82711205028,
    "OVERSUPPLY": 174118.59267513567,
    "UNDERSUPPLY": 782358.457043434
  }
}