{
  "depot": "HYDERABAD-II",
  "target_date": "2026-04-08",
  "predicted_depot_pkm": 1646264.375,
  "total_services": 94,
  "count_add_slot": 39,
  "count_cut": 0,
  "count_no_change": 55,
  "total_allocated_pkm": 1609129.7358649997,
  "quadrant_counts": {
    "UNDERSUPPLY": 53,
    "OVERSUPPLY": 41
  },
  "quadrant_pcts": {
    "UNDERSUPPLY": 56.4,
    "OVERSUPPLY": 43.6
  },
  "total_revenue": 2221166.1922638915,
  "total_contribution": 1397464.6922638922,
  "total_planned_kms": 44645.0,
  "depot_avg_epk": 51.77538019040955,
  "depot_avg_or": 0.8219543710245344,
  "revenue_by_quadrant": {
    "OVERSUPPLY": 788034.8608760281,
    "UNDERSUPPLY": 1433131.331387864
  },
  "contribution_by_quadrant": {
    "OVERSUPPLY": 388282.8208760281,
    "UNDERSUPPLY": 1009181.8713878639
  }
}