{
  "depot": "WARANGAL-II",
  "target_date": "2026-04-08",
  "predicted_depot_pkm": 2673688.75,
  "total_services": 158,
  "count_add_slot": 43,
  "count_cut": 0,
  "count_no_change": 115,
  "total_allocated_pkm": 2653836.7177342856,
  "quadrant_counts": {
    "UNDERSUPPLY": 84,
    "INEFFICIENT": 48,
    "OVERSUPPLY": 22,
    "SOCIAL_OBLIGATION": 4
  },
  "quadrant_pcts": {
    "UNDERSUPPLY": 53.2,
    "INEFFICIENT": 30.4,
    "OVERSUPPLY": 13.9,
    "SOCIAL_OBLIGATION": 2.5
  },
  "total_revenue": 3489134.076564341,
  "total_contribution": 565703.1165643409,
  "total_planned_kms": 75132.0,
  "depot_avg_epk": 46.592774819666694,
  "depot_avg_or": 0.7261469091386891,
  "revenue_by_quadrant": {
    "INEFFICIENT": 779014.927987879,
    "OVERSUPPLY": 436658.4518824219,
    "SOCIAL_OBLIGATION": 81323.11630348908,
    "UNDERSUPPLY": 2192137.5803905507
  },
  "contribution_by_quadrant": {
    "INEFFICIENT": -210920.57201212095,
    "OVERSUPPLY": 45624.39188242196,
    "SOCIAL_OBLIGATION": -3371.28369651092,
    "UNDERSUPPLY": 734370.5803905508
  }
}