{
  "depot": "NARSAMPET",
  "target_date": "2026-04-08",
  "predicted_depot_pkm": 1700581.25,
  "total_services": 94,
  "count_add_slot": 57,
  "count_cut": 0,
  "count_no_change": 37,
  "total_allocated_pkm": 1642561.5377009828,
  "quadrant_counts": {
    "UNDERSUPPLY": 69,
    "OVERSUPPLY": 18,
    "INEFFICIENT": 7
  },
  "quadrant_pcts": {
    "UNDERSUPPLY": 73.4,
    "OVERSUPPLY": 19.1,
    "INEFFICIENT": 7.4
  },
  "total_revenue": 1961922.3488409761,
  "total_contribution": 1090030.1488409762,
  "total_planned_kms": 40599.0,
  "depot_avg_epk": 48.221421967018756,
  "depot_avg_or": 0.8297116278271877,
  "revenue_by_quadrant": {
    "INEFFICIENT": 31067.950358288548,
    "OVERSUPPLY": 322171.6602781105,
    "UNDERSUPPLY": 1608682.738204577
  },
  "contribution_by_quadrant": {
    "INEFFICIENT": -25754.12964171145,
    "OVERSUPPLY": 144700.36027811046,
    "UNDERSUPPLY": 971083.9182045772
  }
}