{
  "depot": "ARMOOR",
  "target_date": "2026-04-08",
  "predicted_depot_pkm": 1443494.25,
  "total_services": 90,
  "count_add_slot": 27,
  "count_cut": 0,
  "count_no_change": 63,
  "total_allocated_pkm": 1239628.2172846727,
  "quadrant_counts": {
    "UNDERSUPPLY": 50,
    "OVERSUPPLY": 30,
    "INEFFICIENT": 10
  },
  "quadrant_pcts": {
    "UNDERSUPPLY": 55.6,
    "OVERSUPPLY": 33.3,
    "INEFFICIENT": 11.1
  },
  "total_revenue": 1534397.79951645,
  "total_contribution": 853428.59951645,
  "total_planned_kms": 36987.0,
  "depot_avg_epk": 41.800399067322715,
  "depot_avg_or": 0.6797998062937011,
  "revenue_by_quadrant": {
    "INEFFICIENT": 19197.23973174033,
    "OVERSUPPLY": 463332.7665419825,
    "UNDERSUPPLY": 1051867.793242727
  },
  "contribution_by_quadrant": {
    "INEFFICIENT": -57547.560268259665,
    "OVERSUPPLY": 216031.90654198246,
    "UNDERSUPPLY": 694944.253242727
  }
}