{
  "depot": "BANSWADA",
  "target_date": "2026-03-30",
  "predicted_depot_pkm": 1915818.625,
  "total_services": 92,
  "count_add_slot": 61,
  "count_cut": 0,
  "count_no_change": 31,
  "total_allocated_pkm": 1760824.3102572844,
  "quadrant_counts": {
    "UNDERSUPPLY": 73,
    "OVERSUPPLY": 13,
    "INEFFICIENT": 6
  },
  "quadrant_pcts": {
    "UNDERSUPPLY": 79.3,
    "OVERSUPPLY": 14.1,
    "INEFFICIENT": 6.5
  },
  "total_revenue": 2120337.523027387,
  "total_contribution": 1416966.3330273868,
  "total_planned_kms": 37832.0,
  "depot_avg_epk": 54.87744662225218,
  "depot_avg_or": 0.881650885310816,
  "revenue_by_quadrant": {
    "INEFFICIENT": 5441.261973314086,
    "OVERSUPPLY": 166225.9754898625,
    "UNDERSUPPLY": 1948670.2855642103
  },
  "contribution_by_quadrant": {
    "INEFFICIENT": -39273.38802668592,
    "OVERSUPPLY": 77589.18548986247,
    "UNDERSUPPLY": 1378650.5355642103
  }
}