{
  "depot": "IBRAHIMPATNAM",
  "target_date": "2026-03-30",
  "predicted_depot_pkm": 2254437.0,
  "total_services": 189,
  "count_add_slot": 110,
  "count_cut": 0,
  "count_no_change": 79,
  "total_allocated_pkm": 2175863.0416967846,
  "quadrant_counts": {
    "UNDERSUPPLY": 154,
    "OVERSUPPLY": 35
  },
  "quadrant_pcts": {
    "UNDERSUPPLY": 81.5,
    "OVERSUPPLY": 18.5
  },
  "total_revenue": 2910172.3167678574,
  "total_contribution": 2031107.5367678574,
  "total_planned_kms": 44803.0,
  "depot_avg_epk": 67.03490414587094,
  "depot_avg_or": 0.8913608972969009,
  "revenue_by_quadrant": {
    "OVERSUPPLY": 393378.0351533202,
    "UNDERSUPPLY": 2516794.2816145374
  },
  "contribution_by_quadrant": {
    "OVERSUPPLY": 199547.79515332016,
    "UNDERSUPPLY": 1831559.7416145373
  }
}