{
  "depot": "WARANGAL-II",
  "target_date": "2026-03-30",
  "predicted_depot_pkm": 2862155.25,
  "total_services": 158,
  "count_add_slot": 40,
  "count_cut": 5,
  "count_no_change": 113,
  "total_allocated_pkm": 2582183.5314017716,
  "quadrant_counts": {
    "UNDERSUPPLY": 81,
    "INEFFICIENT": 41,
    "OVERSUPPLY": 36
  },
  "quadrant_pcts": {
    "UNDERSUPPLY": 51.3,
    "INEFFICIENT": 25.9,
    "OVERSUPPLY": 22.8
  },
  "total_revenue": 3410917.410899409,
  "total_contribution": 457556.8508994095,
  "total_planned_kms": 75884.0,
  "depot_avg_epk": 45.214074404768716,
  "depot_avg_or": 0.6800480742977026,
  "revenue_by_quadrant": {
    "INEFFICIENT": 484828.36974187085,
    "OVERSUPPLY": 796919.9359756578,
    "UNDERSUPPLY": 2129169.1051818808
  },
  "contribution_by_quadrant": {
    "INEFFICIENT": -353057.93025812914,
    "OVERSUPPLY": 73455.33597565781,
    "UNDERSUPPLY": 737159.4451818807
  }
}