{
  "depot": "JEEDIMETLA",
  "target_date": "2026-05-17",
  "predicted_depot_pkm": 1592294.5,
  "total_services": 209,
  "count_add_slot": 101,
  "count_cut": 0,
  "count_no_change": 108,
  "total_allocated_pkm": 1462772.5462010056,
  "quadrant_counts": {
    "UNDERSUPPLY": 157,
    "OVERSUPPLY": 44,
    "INEFFICIENT": 8
  },
  "quadrant_pcts": {
    "UNDERSUPPLY": 75.1,
    "OVERSUPPLY": 21.1,
    "INEFFICIENT": 3.8
  },
  "total_revenue": 2034897.9261380488,
  "total_contribution": 1064672.9261380488,
  "total_planned_kms": 38809.0,
  "depot_avg_epk": 53.62986984156444,
  "depot_avg_or": 0.8516280330640446,
  "revenue_by_quadrant": {
    "INEFFICIENT": 35192.78553882361,
    "OVERSUPPLY": 356885.4662084077,
    "UNDERSUPPLY": 1642819.6743908175
  },
  "contribution_by_quadrant": {
    "INEFFICIENT": -3307.214461176388,
    "OVERSUPPLY": 124235.46620840768,
    "UNDERSUPPLY": 943744.6743908174
  }
}