{
  "depot": "KACHEGUDA",
  "target_date": "2026-05-17",
  "predicted_depot_pkm": 1421315.125,
  "total_services": 177,
  "count_add_slot": 125,
  "count_cut": 0,
  "count_no_change": 52,
  "total_allocated_pkm": 1300727.0837881975,
  "quadrant_counts": {
    "UNDERSUPPLY": 128,
    "INEFFICIENT": 42,
    "OVERSUPPLY": 7
  },
  "quadrant_pcts": {
    "UNDERSUPPLY": 72.3,
    "INEFFICIENT": 23.7,
    "OVERSUPPLY": 4.0
  },
  "total_revenue": 1748703.1548459784,
  "total_contribution": 964703.1548459784,
  "total_planned_kms": 31360.0,
  "depot_avg_epk": 59.31284405923576,
  "depot_avg_or": 0.9687242919848131,
  "revenue_by_quadrant": {
    "INEFFICIENT": 14483.121418429373,
    "OVERSUPPLY": 32123.012669315438,
    "UNDERSUPPLY": 1702097.0207582335
  },
  "contribution_by_quadrant": {
    "INEFFICIENT": -200566.87858157064,
    "OVERSUPPLY": 8873.012669315438,
    "UNDERSUPPLY": 1156397.0207582335
  }
}