{
  "depot": "KARIMNAGAR-II",
  "target_date": "2026-05-17",
  "predicted_depot_pkm": 2598583.75,
  "total_services": 208,
  "count_add_slot": 29,
  "count_cut": 2,
  "count_no_change": 177,
  "total_allocated_pkm": 2502553.877973915,
  "quadrant_counts": {
    "OVERSUPPLY": 101,
    "UNDERSUPPLY": 82,
    "INEFFICIENT": 25
  },
  "quadrant_pcts": {
    "OVERSUPPLY": 48.6,
    "UNDERSUPPLY": 39.4,
    "INEFFICIENT": 12.0
  },
  "total_revenue": 3402159.7999118473,
  "total_contribution": 1434309.7999118473,
  "total_planned_kms": 78714.0,
  "depot_avg_epk": 42.643117545622594,
  "depot_avg_or": 0.6299517939064672,
  "revenue_by_quadrant": {
    "INEFFICIENT": 120510.92449557646,
    "OVERSUPPLY": 1416486.07011548,
    "UNDERSUPPLY": 1865162.8053007906
  },
  "contribution_by_quadrant": {
    "INEFFICIENT": -79639.07550442354,
    "OVERSUPPLY": 469836.0701154802,
    "UNDERSUPPLY": 1044112.8053007907
  }
}