{
  "depot": "ARMOOR",
  "target_date": "2026-05-17",
  "predicted_depot_pkm": 1520221.25,
  "total_services": 90,
  "count_add_slot": 33,
  "count_cut": 2,
  "count_no_change": 55,
  "total_allocated_pkm": 1292865.9576722442,
  "quadrant_counts": {
    "UNDERSUPPLY": 56,
    "OVERSUPPLY": 22,
    "INEFFICIENT": 12
  },
  "quadrant_pcts": {
    "UNDERSUPPLY": 62.2,
    "OVERSUPPLY": 24.4,
    "INEFFICIENT": 13.3
  },
  "total_revenue": 1640401.0846293112,
  "total_contribution": 959431.884629311,
  "total_planned_kms": 36987.0,
  "depot_avg_epk": 44.20980809821758,
  "depot_avg_or": 0.7145176939786843,
  "revenue_by_quadrant": {
    "INEFFICIENT": 19454.148911586395,
    "OVERSUPPLY": 299758.32983576885,
    "UNDERSUPPLY": 1321188.6058819557
  },
  "contribution_by_quadrant": {
    "INEFFICIENT": -65954.8110884136,
    "OVERSUPPLY": 141754.32983576885,
    "UNDERSUPPLY": 883632.3658819558
  }
}