{
  "depot": "BANSWADA",
  "target_date": "2026-05-17",
  "predicted_depot_pkm": 1774241.625,
  "total_services": 92,
  "count_add_slot": 33,
  "count_cut": 0,
  "count_no_change": 59,
  "total_allocated_pkm": 1586757.7593997263,
  "quadrant_counts": {
    "UNDERSUPPLY": 65,
    "OVERSUPPLY": 21,
    "INEFFICIENT": 6
  },
  "quadrant_pcts": {
    "UNDERSUPPLY": 70.7,
    "OVERSUPPLY": 22.8,
    "INEFFICIENT": 6.5
  },
  "total_revenue": 1897375.5054276902,
  "total_contribution": 1194004.3154276903,
  "total_planned_kms": 37832.0,
  "depot_avg_epk": 49.597646962956176,
  "depot_avg_or": 0.7508239328061701,
  "revenue_by_quadrant": {
    "INEFFICIENT": 2556.494732931987,
    "OVERSUPPLY": 298915.06233107176,
    "UNDERSUPPLY": 1595903.9483636864
  },
  "contribution_by_quadrant": {
    "INEFFICIENT": -42158.15526706802,
    "OVERSUPPLY": 145913.34233107176,
    "UNDERSUPPLY": 1090249.1283636864
  }
}