{
  "depot": "WANAPARTHI",
  "target_date": "2026-05-17",
  "predicted_depot_pkm": 2388108.75,
  "total_services": 130,
  "count_add_slot": 79,
  "count_cut": 0,
  "count_no_change": 51,
  "total_allocated_pkm": 2271331.38668966,
  "quadrant_counts": {
    "UNDERSUPPLY": 109,
    "OVERSUPPLY": 17,
    "INEFFICIENT": 4
  },
  "quadrant_pcts": {
    "UNDERSUPPLY": 83.8,
    "OVERSUPPLY": 13.1,
    "INEFFICIENT": 3.1
  },
  "total_revenue": 2765388.1065153833,
  "total_contribution": 1490788.1065153833,
  "total_planned_kms": 50984.0,
  "depot_avg_epk": 54.490403850180066,
  "depot_avg_or": 0.8891760476277883,
  "revenue_by_quadrant": {
    "INEFFICIENT": 10801.055463545485,
    "OVERSUPPLY": 320602.9112068615,
    "UNDERSUPPLY": 2433984.1398449764
  },
  "contribution_by_quadrant": {
    "INEFFICIENT": -20598.944536454517,
    "OVERSUPPLY": 125002.9112068615,
    "UNDERSUPPLY": 1386384.1398449764
  }
}