{
  "depot": "FALAKNUMA",
  "target_date": "2026-05-17",
  "predicted_depot_pkm": 1486245.375,
  "total_services": 148,
  "count_add_slot": 110,
  "count_cut": 0,
  "count_no_change": 38,
  "total_allocated_pkm": 1359307.932207044,
  "quadrant_counts": {
    "UNDERSUPPLY": 116,
    "INEFFICIENT": 29,
    "OVERSUPPLY": 3
  },
  "quadrant_pcts": {
    "UNDERSUPPLY": 78.4,
    "INEFFICIENT": 19.6,
    "OVERSUPPLY": 2.0
  },
  "total_revenue": 1808648.5829165238,
  "total_contribution": 1108498.5829165243,
  "total_planned_kms": 28006.0,
  "depot_avg_epk": 61.74504531536635,
  "depot_avg_or": 1.0056853891696158,
  "revenue_by_quadrant": {
    "INEFFICIENT": 2833.061903131244,
    "OVERSUPPLY": 12611.288654055077,
    "UNDERSUPPLY": 1793204.2323593376
  },
  "contribution_by_quadrant": {
    "INEFFICIENT": -100591.93809686876,
    "OVERSUPPLY": 2211.288654055077,
    "UNDERSUPPLY": 1206879.2323593376
  }
}