{
  "depot": "MIYAPUR-II",
  "target_date": "2026-05-17",
  "predicted_depot_pkm": 1304357.625,
  "total_services": 176,
  "count_add_slot": 107,
  "count_cut": 0,
  "count_no_change": 69,
  "total_allocated_pkm": 1178078.058393367,
  "quadrant_counts": {
    "UNDERSUPPLY": 115,
    "INEFFICIENT": 42,
    "OVERSUPPLY": 19
  },
  "quadrant_pcts": {
    "UNDERSUPPLY": 65.3,
    "INEFFICIENT": 23.9,
    "OVERSUPPLY": 10.8
  },
  "total_revenue": 2108891.6575627825,
  "total_contribution": 1414618.6575627825,
  "total_planned_kms": 27770.92,
  "depot_avg_epk": 73.05763307099174,
  "depot_avg_or": 1.1867321424716137,
  "revenue_by_quadrant": {
    "INEFFICIENT": 10611.489222776505,
    "OVERSUPPLY": 203673.0014229033,
    "UNDERSUPPLY": 1894607.1669171029
  },
  "contribution_by_quadrant": {
    "INEFFICIENT": -123794.01077722349,
    "OVERSUPPLY": 109723.00142290328,
    "UNDERSUPPLY": 1428689.6669171029
  }
}