{
  "depot": "NARKATPALLY",
  "target_date": "2026-05-17",
  "predicted_depot_pkm": 658017.1875,
  "total_services": 26,
  "count_add_slot": 22,
  "count_cut": 0,
  "count_no_change": 4,
  "total_allocated_pkm": 599618.3631042326,
  "quadrant_counts": {
    "UNDERSUPPLY": 24,
    "OVERSUPPLY": 2
  },
  "quadrant_pcts": {
    "UNDERSUPPLY": 92.3,
    "OVERSUPPLY": 7.7
  },
  "total_revenue": 667782.9289260446,
  "total_contribution": 409032.9289260447,
  "total_planned_kms": 10350.0,
  "depot_avg_epk": 64.0020365031931,
  "depot_avg_or": 1.0362677733566412,
  "revenue_by_quadrant": {
    "OVERSUPPLY": 22237.46118736935,
    "UNDERSUPPLY": 645545.4677386753
  },
  "contribution_by_quadrant": {
    "OVERSUPPLY": 6387.461187369352,
    "UNDERSUPPLY": 402645.4677386753
  }
}