{
  "depot": "JAGITYAL",
  "target_date": "2026-05-17",
  "predicted_depot_pkm": 2035174.125,
  "total_services": 111,
  "count_add_slot": 48,
  "count_cut": 8,
  "count_no_change": 55,
  "total_allocated_pkm": 1818883.2621493433,
  "quadrant_counts": {
    "UNDERSUPPLY": 78,
    "OVERSUPPLY": 22,
    "INEFFICIENT": 11
  },
  "quadrant_pcts": {
    "UNDERSUPPLY": 70.3,
    "OVERSUPPLY": 19.8,
    "INEFFICIENT": 9.9
  },
  "total_revenue": 2241647.676133287,
  "total_contribution": 1061197.6761332874,
  "total_planned_kms": 47218.0,
  "depot_avg_epk": 47.45610466587902,
  "depot_avg_or": 0.7778937508712779,
  "revenue_by_quadrant": {
    "INEFFICIENT": 9164.717896512295,
    "OVERSUPPLY": 430883.2786381106,
    "UNDERSUPPLY": 1801599.6795986646
  },
  "contribution_by_quadrant": {
    "INEFFICIENT": -91835.2821034877,
    "OVERSUPPLY": 149683.27863811058,
    "UNDERSUPPLY": 1003349.6795986646
  }
}