{
  "depot": "WARANGAL-I",
  "target_date": "2026-05-17",
  "predicted_depot_pkm": 2022007.625,
  "total_services": 130,
  "count_add_slot": 11,
  "count_cut": 1,
  "count_no_change": 118,
  "total_allocated_pkm": 1824106.8076596404,
  "quadrant_counts": {
    "OVERSUPPLY": 78,
    "UNDERSUPPLY": 45,
    "INEFFICIENT": 7
  },
  "quadrant_pcts": {
    "OVERSUPPLY": 60.0,
    "UNDERSUPPLY": 34.6,
    "INEFFICIENT": 5.4
  },
  "total_revenue": 2719499.0650306144,
  "total_contribution": 1194105.0450306144,
  "total_planned_kms": 67106.0,
  "depot_avg_epk": 41.21013724225236,
  "depot_avg_or": 0.6368253320264448,
  "revenue_by_quadrant": {
    "INEFFICIENT": 57273.126070484235,
    "OVERSUPPLY": 1693695.7478851487,
    "UNDERSUPPLY": 968530.1910749814
  },
  "contribution_by_quadrant": {
    "INEFFICIENT": -43788.47392951575,
    "OVERSUPPLY": 764075.8878851488,
    "UNDERSUPPLY": 473817.6310749813
  }
}