{
  "depot": "SATTUPALLY",
  "target_date": "2026-05-17",
  "predicted_depot_pkm": 1842302.625,
  "total_services": 105,
  "count_add_slot": 31,
  "count_cut": 2,
  "count_no_change": 72,
  "total_allocated_pkm": 1646746.5904177248,
  "quadrant_counts": {
    "UNDERSUPPLY": 63,
    "OVERSUPPLY": 35,
    "INEFFICIENT": 7
  },
  "quadrant_pcts": {
    "UNDERSUPPLY": 60.0,
    "OVERSUPPLY": 33.3,
    "INEFFICIENT": 6.7
  },
  "total_revenue": 2187278.5961818187,
  "total_contribution": 987303.5961818186,
  "total_planned_kms": 47999.0,
  "depot_avg_epk": 45.802535419908445,
  "depot_avg_or": 0.7336562455524591,
  "revenue_by_quadrant": {
    "INEFFICIENT": 32285.775251063074,
    "OVERSUPPLY": 619676.295791086,
    "UNDERSUPPLY": 1535316.5251396697
  },
  "contribution_by_quadrant": {
    "INEFFICIENT": -60164.224748936926,
    "OVERSUPPLY": 209601.295791086,
    "UNDERSUPPLY": 837866.5251396695
  }
}