{
  "depot": "KARIMNAGAR-I",
  "target_date": "2026-05-17",
  "predicted_depot_pkm": 1781998.875,
  "total_services": 108,
  "count_add_slot": 29,
  "count_cut": 7,
  "count_no_change": 72,
  "total_allocated_pkm": 1633942.0378576273,
  "quadrant_counts": {
    "UNDERSUPPLY": 79,
    "OVERSUPPLY": 20,
    "INEFFICIENT": 9
  },
  "quadrant_pcts": {
    "UNDERSUPPLY": 73.1,
    "OVERSUPPLY": 18.5,
    "INEFFICIENT": 8.3
  },
  "total_revenue": 2064557.2823182207,
  "total_contribution": 927025.5223182213,
  "total_planned_kms": 47350.0,
  "depot_avg_epk": 45.11855959628855,
  "depot_avg_or": 0.7208540135759558,
  "revenue_by_quadrant": {
    "INEFFICIENT": 29435.588709564865,
    "OVERSUPPLY": 393707.78595934017,
    "UNDERSUPPLY": 1641413.9076493161
  },
  "contribution_by_quadrant": {
    "INEFFICIENT": -92987.55129043513,
    "OVERSUPPLY": 183196.60595934014,
    "UNDERSUPPLY": 836816.4676493163
  }
}