{
  "depot": "JANGAON",
  "target_date": "2026-05-17",
  "predicted_depot_pkm": 2293908.25,
  "total_services": 115,
  "count_add_slot": 60,
  "count_cut": 1,
  "count_no_change": 54,
  "total_allocated_pkm": 1999291.2210772145,
  "quadrant_counts": {
    "UNDERSUPPLY": 83,
    "OVERSUPPLY": 21,
    "INEFFICIENT": 11
  },
  "quadrant_pcts": {
    "UNDERSUPPLY": 72.2,
    "OVERSUPPLY": 18.3,
    "INEFFICIENT": 9.6
  },
  "total_revenue": 2307448.2661958532,
  "total_contribution": 1522570.5861958533,
  "total_planned_kms": 49455.0,
  "depot_avg_epk": 46.81498897409131,
  "depot_avg_or": 0.7902051757693858,
  "revenue_by_quadrant": {
    "INEFFICIENT": 4344.179280006021,
    "OVERSUPPLY": 363435.0792357121,
    "UNDERSUPPLY": 1939669.0076801348
  },
  "contribution_by_quadrant": {
    "INEFFICIENT": -81633.62071999398,
    "OVERSUPPLY": 202154.9292357121,
    "UNDERSUPPLY": 1402049.2776801349
  }
}