{
  "depot": "UTNOOR",
  "target_date": "2026-05-17",
  "predicted_depot_pkm": 848602.8125,
  "total_services": 37,
  "count_add_slot": 30,
  "count_cut": 0,
  "count_no_change": 7,
  "total_allocated_pkm": 827498.0879525068,
  "quadrant_counts": {
    "UNDERSUPPLY": 33,
    "OVERSUPPLY": 4
  },
  "quadrant_pcts": {
    "UNDERSUPPLY": 89.2,
    "OVERSUPPLY": 10.8
  },
  "total_revenue": 1004927.1202950567,
  "total_contribution": 616327.1202950567,
  "total_planned_kms": 15544.0,
  "depot_avg_epk": 65.82597650524235,
  "depot_avg_or": 1.0413556438451363,
  "revenue_by_quadrant": {
    "OVERSUPPLY": 98087.34771768116,
    "UNDERSUPPLY": 906839.7725773755
  },
  "contribution_by_quadrant": {
    "OVERSUPPLY": 41437.34771768116,
    "UNDERSUPPLY": 574889.7725773755
  }
}