{
  "depot": "BANDLAGUDA",
  "target_date": "2026-05-17",
  "predicted_depot_pkm": 1330044.375,
  "total_services": 148,
  "count_add_slot": 129,
  "count_cut": 0,
  "count_no_change": 19,
  "total_allocated_pkm": 1266327.5244726008,
  "quadrant_counts": {
    "UNDERSUPPLY": 137,
    "OVERSUPPLY": 6,
    "INEFFICIENT": 5
  },
  "quadrant_pcts": {
    "UNDERSUPPLY": 92.6,
    "OVERSUPPLY": 4.1,
    "INEFFICIENT": 3.4
  },
  "total_revenue": 1723276.7965049476,
  "total_contribution": 1072911.7965049476,
  "total_planned_kms": 26014.6,
  "depot_avg_epk": 67.96209447173665,
  "depot_avg_or": 1.0851251684616892,
  "revenue_by_quadrant": {
    "INEFFICIENT": 0.0,
    "OVERSUPPLY": 30170.19212824014,
    "UNDERSUPPLY": 1693106.6043767075
  },
  "contribution_by_quadrant": {
    "INEFFICIENT": -41000.0,
    "OVERSUPPLY": 10170.192128240142,
    "UNDERSUPPLY": 1103741.6043767075
  }
}