{
  "depot": "FAROOQNAGAR",
  "target_date": "2026-05-17",
  "predicted_depot_pkm": 1091443.0,
  "total_services": 153,
  "count_add_slot": 93,
  "count_cut": 0,
  "count_no_change": 60,
  "total_allocated_pkm": 1012775.9691527963,
  "quadrant_counts": {
    "UNDERSUPPLY": 114,
    "INEFFICIENT": 22,
    "OVERSUPPLY": 17
  },
  "quadrant_pcts": {
    "UNDERSUPPLY": 74.5,
    "INEFFICIENT": 14.4,
    "OVERSUPPLY": 11.1
  },
  "total_revenue": 1392256.1829826012,
  "total_contribution": 751456.1829826012,
  "total_planned_kms": 25632.0,
  "depot_avg_epk": 53.37836960207308,
  "depot_avg_or": 0.8476802676369443,
  "revenue_by_quadrant": {
    "INEFFICIENT": 12915.646415207437,
    "OVERSUPPLY": 79229.06775930234,
    "UNDERSUPPLY": 1300111.4688080915
  },
  "contribution_by_quadrant": {
    "INEFFICIENT": -80784.35358479257,
    "OVERSUPPLY": 21104.067759302343,
    "UNDERSUPPLY": 811136.4688080915
  }
}