{
  "depot": "WARANGAL-II",
  "target_date": "2026-03-23",
  "predicted_depot_pkm": 3054249.75,
  "total_services": 158,
  "count_add_slot": 53,
  "count_cut": 5,
  "count_no_change": 100,
  "total_allocated_pkm": 2833200.61105835,
  "quadrant_counts": {
    "UNDERSUPPLY": 97,
    "INEFFICIENT": 31,
    "OVERSUPPLY": 30
  },
  "quadrant_pcts": {
    "UNDERSUPPLY": 61.4,
    "INEFFICIENT": 19.6,
    "OVERSUPPLY": 19.0
  },
  "total_revenue": 3738184.8684123857,
  "total_contribution": 784824.308412386,
  "total_planned_kms": 75884.0,
  "depot_avg_epk": 49.62599785671336,
  "depot_avg_or": 0.7460272098521508,
  "revenue_by_quadrant": {
    "INEFFICIENT": 418318.1748363819,
    "OVERSUPPLY": 658654.2052581414,
    "UNDERSUPPLY": 2661212.4883178626
  },
  "contribution_by_quadrant": {
    "INEFFICIENT": -222050.62516361804,
    "OVERSUPPLY": 65488.365258141355,
    "UNDERSUPPLY": 941386.5683178626
  }
}