{
  "depot": "HANAMKONDA",
  "target_date": "2026-03-23",
  "predicted_depot_pkm": 2267891.0,
  "total_services": 169,
  "count_add_slot": 68,
  "count_cut": 0,
  "count_no_change": 101,
  "total_allocated_pkm": 2160800.913918068,
  "quadrant_counts": {
    "UNDERSUPPLY": 105,
    "OVERSUPPLY": 56,
    "INEFFICIENT": 7,
    "SOCIAL_OBLIGATION": 1
  },
  "quadrant_pcts": {
    "UNDERSUPPLY": 62.1,
    "OVERSUPPLY": 33.1,
    "INEFFICIENT": 4.1,
    "SOCIAL_OBLIGATION": 0.6
  },
  "total_revenue": 2664304.5532564647,
  "total_contribution": 1171762.0432564649,
  "total_planned_kms": 53984.0,
  "depot_avg_epk": 55.474836890349444,
  "depot_avg_or": 0.7902553283071384,
  "revenue_by_quadrant": {
    "INEFFICIENT": 75395.70876372604,
    "OVERSUPPLY": 845341.7469220487,
    "SOCIAL_OBLIGATION": 15500.91046795057,
    "UNDERSUPPLY": 1728066.1871027395
  },
  "contribution_by_quadrant": {
    "INEFFICIENT": -18390.09123627397,
    "OVERSUPPLY": 401332.17692204873,
    "SOCIAL_OBLIGATION": -303.4795320494304,
    "UNDERSUPPLY": 789123.4371027395
  }
}