{
  "depot": "IBRAHIMPATNAM",
  "target_date": "2026-03-23",
  "predicted_depot_pkm": 2088003.125,
  "total_services": 189,
  "count_add_slot": 81,
  "count_cut": 0,
  "count_no_change": 108,
  "total_allocated_pkm": 2005047.8974883081,
  "quadrant_counts": {
    "UNDERSUPPLY": 140,
    "OVERSUPPLY": 49
  },
  "quadrant_pcts": {
    "UNDERSUPPLY": 74.1,
    "OVERSUPPLY": 25.9
  },
  "total_revenue": 2682771.1204555305,
  "total_contribution": 1803706.3404555304,
  "total_planned_kms": 44803.0,
  "depot_avg_epk": 61.43558572928632,
  "depot_avg_or": 0.8166919974262468,
  "revenue_by_quadrant": {
    "OVERSUPPLY": 540064.977702097,
    "UNDERSUPPLY": 2142706.1427534334
  },
  "contribution_by_quadrant": {
    "OVERSUPPLY": 285231.377702097,
    "UNDERSUPPLY": 1518474.9627534335
  }
}