{
  "depot": "IBRAHIMPATNAM",
  "target_date": "2026-04-19",
  "predicted_depot_pkm": 1861806.0,
  "total_services": 189,
  "count_add_slot": 113,
  "count_cut": 0,
  "count_no_change": 76,
  "total_allocated_pkm": 1714599.7983417613,
  "quadrant_counts": {
    "UNDERSUPPLY": 150,
    "OVERSUPPLY": 30,
    "INEFFICIENT": 9
  },
  "quadrant_pcts": {
    "UNDERSUPPLY": 79.4,
    "OVERSUPPLY": 15.9,
    "INEFFICIENT": 4.8
  },
  "total_revenue": 2291780.220733412,
  "total_contribution": 1413190.0887334119,
  "total_planned_kms": 44778.7,
  "depot_avg_epk": 53.381247890409576,
  "depot_avg_or": 0.8712374840952977,
  "revenue_by_quadrant": {
    "INEFFICIENT": 42439.206423919255,
    "OVERSUPPLY": 243326.20254392625,
    "UNDERSUPPLY": 2006014.8117655665
  },
  "contribution_by_quadrant": {
    "INEFFICIENT": -5320.753576080744,
    "OVERSUPPLY": 73085.08054392625,
    "UNDERSUPPLY": 1345425.7617655664
  }
}