{
  "depot": "BODHAN",
  "target_date": "2026-04-19",
  "predicted_depot_pkm": 1650185.375,
  "total_services": 104,
  "count_add_slot": 20,
  "count_cut": 0,
  "count_no_change": 84,
  "total_allocated_pkm": 1566215.3043224323,
  "quadrant_counts": {
    "UNDERSUPPLY": 53,
    "OVERSUPPLY": 45,
    "INEFFICIENT": 6
  },
  "quadrant_pcts": {
    "UNDERSUPPLY": 51.0,
    "OVERSUPPLY": 43.3,
    "INEFFICIENT": 5.8
  },
  "total_revenue": 2017468.4258214924,
  "total_contribution": 1076539.3358214921,
  "total_planned_kms": 50213.0,
  "depot_avg_epk": 41.200168234299866,
  "depot_avg_or": 0.6678012521534562,
  "revenue_by_quadrant": {
    "INEFFICIENT": 24912.482987415973,
    "OVERSUPPLY": 913870.3680178012,
    "UNDERSUPPLY": 1078685.574816275
  },
  "contribution_by_quadrant": {
    "INEFFICIENT": -20140.917012584025,
    "OVERSUPPLY": 401946.37801780127,
    "UNDERSUPPLY": 694733.874816275
  }
}