{
  "depot": "CONTONMENT",
  "target_date": "2026-04-19",
  "predicted_depot_pkm": 1801788.625,
  "total_services": 280,
  "count_add_slot": 142,
  "count_cut": 0,
  "count_no_change": 138,
  "total_allocated_pkm": 1464197.0393529995,
  "quadrant_counts": {
    "UNDERSUPPLY": 154,
    "OVERSUPPLY": 71,
    "INEFFICIENT": 50,
    "SOCIAL_OBLIGATION": 5
  },
  "quadrant_pcts": {
    "UNDERSUPPLY": 55.0,
    "OVERSUPPLY": 25.4,
    "INEFFICIENT": 17.9,
    "SOCIAL_OBLIGATION": 1.8
  },
  "total_revenue": 2317922.1928438316,
  "total_contribution": 857151.1314438316,
  "total_planned_kms": 46115.74,
  "depot_avg_epk": 54.94294896045744,
  "depot_avg_or": 0.8731163147654732,
  "revenue_by_quadrant": {
    "INEFFICIENT": 117411.97494498,
    "OVERSUPPLY": 500613.1409641048,
    "SOCIAL_OBLIGATION": 35004.14909240097,
    "UNDERSUPPLY": 1664892.9278423458
  },
  "contribution_by_quadrant": {
    "INEFFICIENT": -274188.51685502,
    "OVERSUPPLY": 148473.33736410484,
    "SOCIAL_OBLIGATION": -3140.3709075990328,
    "UNDERSUPPLY": 986006.6818423459
  }
}