{
  "depot": "HAKIMPET",
  "target_date": "2026-03-29",
  "predicted_depot_pkm": 1197525.125,
  "total_services": 147,
  "count_add_slot": 15,
  "count_cut": 0,
  "count_no_change": 132,
  "total_allocated_pkm": 1134938.480155388,
  "quadrant_counts": {
    "OVERSUPPLY": 106,
    "UNDERSUPPLY": 41
  },
  "quadrant_pcts": {
    "OVERSUPPLY": 72.1,
    "UNDERSUPPLY": 27.9
  },
  "total_revenue": 1527408.4863436618,
  "total_contribution": 718673.1763436615,
  "total_planned_kms": 30757.0,
  "depot_avg_epk": 50.00820889593193,
  "depot_avg_or": 0.6760948841279782,
  "revenue_by_quadrant": {
    "OVERSUPPLY": 1050214.817033798,
    "UNDERSUPPLY": 477193.6693098636
  },
  "contribution_by_quadrant": {
    "OVERSUPPLY": 457476.42703379795,
    "UNDERSUPPLY": 261196.74930986355
  }
}