{
  "depot": "NIZAMABAD-I",
  "target_date": "2026-03-29",
  "predicted_depot_pkm": 1715746.375,
  "total_services": 125,
  "count_add_slot": 22,
  "count_cut": 0,
  "count_no_change": 103,
  "total_allocated_pkm": 1453876.6233448808,
  "quadrant_counts": {
    "OVERSUPPLY": 57,
    "UNDERSUPPLY": 52,
    "INEFFICIENT": 16
  },
  "quadrant_pcts": {
    "OVERSUPPLY": 45.6,
    "UNDERSUPPLY": 41.6,
    "INEFFICIENT": 12.8
  },
  "total_revenue": 1925904.883128249,
  "total_contribution": 938180.9031282489,
  "total_planned_kms": 51753.0,
  "depot_avg_epk": 39.46009995460906,
  "depot_avg_or": 0.6110455407326716,
  "revenue_by_quadrant": {
    "INEFFICIENT": 11466.393717953195,
    "OVERSUPPLY": 879601.7745238724,
    "UNDERSUPPLY": 1034836.7148864234
  },
  "contribution_by_quadrant": {
    "INEFFICIENT": -155308.2462820468,
    "OVERSUPPLY": 433550.2145238724,
    "UNDERSUPPLY": 659938.9348864234
  }
}