{
  "depot": "MAHABOOBABAD",
  "target_date": "2026-04-01",
  "predicted_depot_pkm": 1348819.375,
  "total_services": 76,
  "count_add_slot": 37,
  "count_cut": 2,
  "count_no_change": 37,
  "total_allocated_pkm": 1265459.5230688308,
  "quadrant_counts": {
    "UNDERSUPPLY": 52,
    "OVERSUPPLY": 19,
    "INEFFICIENT": 5
  },
  "quadrant_pcts": {
    "UNDERSUPPLY": 68.4,
    "OVERSUPPLY": 25.0,
    "INEFFICIENT": 6.6
  },
  "total_revenue": 1471887.1763226674,
  "total_contribution": 913399.3863226672,
  "total_planned_kms": 31066.0,
  "depot_avg_epk": 46.61247647753166,
  "depot_avg_or": 0.7736909979908749,
  "revenue_by_quadrant": {
    "INEFFICIENT": 13217.489390257564,
    "OVERSUPPLY": 263540.3148093678,
    "UNDERSUPPLY": 1195129.372123042
  },
  "contribution_by_quadrant": {
    "INEFFICIENT": -20374.090609742434,
    "OVERSUPPLY": 123597.40480936783,
    "UNDERSUPPLY": 810176.072123042
  }
}