{
  "depot": "HANAMKONDA",
  "target_date": "2026-04-01",
  "predicted_depot_pkm": 2043438.875,
  "total_services": 169,
  "count_add_slot": 33,
  "count_cut": 0,
  "count_no_change": 136,
  "total_allocated_pkm": 1882515.1572256682,
  "quadrant_counts": {
    "UNDERSUPPLY": 75,
    "OVERSUPPLY": 69,
    "INEFFICIENT": 18,
    "SOCIAL_OBLIGATION": 7
  },
  "quadrant_pcts": {
    "UNDERSUPPLY": 44.4,
    "OVERSUPPLY": 40.8,
    "INEFFICIENT": 10.7,
    "SOCIAL_OBLIGATION": 4.1
  },
  "total_revenue": 2324081.2301491154,
  "total_contribution": 831538.7201491155,
  "total_planned_kms": 53984.0,
  "depot_avg_epk": 48.0493270238999,
  "depot_avg_or": 0.6853693998284914,
  "revenue_by_quadrant": {
    "INEFFICIENT": 220698.59948847265,
    "OVERSUPPLY": 915342.9144047074,
    "SOCIAL_OBLIGATION": 106803.43324985114,
    "UNDERSUPPLY": 1081236.2830060844
  },
  "contribution_by_quadrant": {
    "INEFFICIENT": -42743.78051152736,
    "OVERSUPPLY": 401819.8844047073,
    "SOCIAL_OBLIGATION": -4402.806750148877,
    "UNDERSUPPLY": 476865.42300608446
  }
}