{
  "depot": "NIZAMABAD-I",
  "target_date": "2026-04-01",
  "predicted_depot_pkm": 1773411.0,
  "total_services": 125,
  "count_add_slot": 25,
  "count_cut": 0,
  "count_no_change": 100,
  "total_allocated_pkm": 1489174.3070175585,
  "quadrant_counts": {
    "OVERSUPPLY": 55,
    "UNDERSUPPLY": 54,
    "INEFFICIENT": 16
  },
  "quadrant_pcts": {
    "OVERSUPPLY": 44.0,
    "UNDERSUPPLY": 43.2,
    "INEFFICIENT": 12.8
  },
  "total_revenue": 1981612.3932020275,
  "total_contribution": 993888.4132020272,
  "total_planned_kms": 51753.0,
  "depot_avg_epk": 40.64709441656396,
  "depot_avg_or": 0.6278442135646245,
  "revenue_by_quadrant": {
    "INEFFICIENT": 7129.391590499188,
    "OVERSUPPLY": 875203.753669225,
    "UNDERSUPPLY": 1099279.2479423028
  },
  "contribution_by_quadrant": {
    "INEFFICIENT": -160730.4284095008,
    "OVERSUPPLY": 445006.593669225,
    "UNDERSUPPLY": 709612.247942303
  }
}