{
  "depot": "HYDERABAD-I",
  "target_date": "2026-04-01",
  "predicted_depot_pkm": 1921966.875,
  "total_services": 112,
  "count_add_slot": 41,
  "count_cut": 2,
  "count_no_change": 69,
  "total_allocated_pkm": 1737726.6748427597,
  "quadrant_counts": {
    "UNDERSUPPLY": 60,
    "OVERSUPPLY": 43,
    "INEFFICIENT": 9
  },
  "quadrant_pcts": {
    "UNDERSUPPLY": 53.6,
    "OVERSUPPLY": 38.4,
    "INEFFICIENT": 8.0
  },
  "total_revenue": 2556346.3240514146,
  "total_contribution": 1335625.0840514149,
  "total_planned_kms": 56941.0,
  "depot_avg_epk": 47.798397851568375,
  "depot_avg_or": 0.7343848608923489,
  "revenue_by_quadrant": {
    "INEFFICIENT": 85725.85640831076,
    "OVERSUPPLY": 927002.8911508415,
    "UNDERSUPPLY": 1543617.5764922625
  },
  "contribution_by_quadrant": {
    "INEFFICIENT": -56149.903591689246,
    "OVERSUPPLY": 342206.15115084156,
    "UNDERSUPPLY": 1049568.8364922625
  }
}