{
  "depot": "HAKIMPET",
  "target_date": "2026-04-01",
  "predicted_depot_pkm": 1356718.5,
  "total_services": 147,
  "count_add_slot": 29,
  "count_cut": 0,
  "count_no_change": 118,
  "total_allocated_pkm": 1277714.649169729,
  "quadrant_counts": {
    "UNDERSUPPLY": 97,
    "OVERSUPPLY": 50
  },
  "quadrant_pcts": {
    "UNDERSUPPLY": 66.0,
    "OVERSUPPLY": 34.0
  },
  "total_revenue": 1720780.3841654118,
  "total_contribution": 912045.0741654118,
  "total_planned_kms": 30757.0,
  "depot_avg_epk": 56.34275339199511,
  "depot_avg_or": 0.762852468170657,
  "revenue_by_quadrant": {
    "OVERSUPPLY": 501710.3630934803,
    "UNDERSUPPLY": 1219070.0210719316
  },
  "contribution_by_quadrant": {
    "OVERSUPPLY": 224482.41309348028,
    "UNDERSUPPLY": 687562.6610719316
  }
}