{
  "depot": "BHUPALAPALLAY",
  "target_date": "2026-04-01",
  "predicted_depot_pkm": 1447962.375,
  "total_services": 86,
  "count_add_slot": 23,
  "count_cut": 0,
  "count_no_change": 63,
  "total_allocated_pkm": 1374171.7079754763,
  "quadrant_counts": {
    "UNDERSUPPLY": 44,
    "OVERSUPPLY": 33,
    "INEFFICIENT": 9
  },
  "quadrant_pcts": {
    "UNDERSUPPLY": 51.2,
    "OVERSUPPLY": 38.4,
    "INEFFICIENT": 10.5
  },
  "total_revenue": 1739757.278812325,
  "total_contribution": 903040.898812325,
  "total_planned_kms": 40068.0,
  "depot_avg_epk": 43.04141511756228,
  "depot_avg_or": 0.6825294002416485,
  "revenue_by_quadrant": {
    "INEFFICIENT": 48370.73397534379,
    "OVERSUPPLY": 520664.9906945823,
    "UNDERSUPPLY": 1170721.5541423988
  },
  "contribution_by_quadrant": {
    "INEFFICIENT": -30176.98602465621,
    "OVERSUPPLY": 225680.4106945823,
    "UNDERSUPPLY": 707537.4741423988
  }
}