{
  "depot": "WARANGAL-I",
  "target_date": "2026-05-27",
  "predicted_depot_pkm": 2001916.125,
  "total_services": 130,
  "count_add_slot": 12,
  "count_cut": 2,
  "count_no_change": 116,
  "total_allocated_pkm": 1796845.393746031,
  "quadrant_counts": {
    "OVERSUPPLY": 71,
    "UNDERSUPPLY": 50,
    "INEFFICIENT": 9
  },
  "quadrant_pcts": {
    "OVERSUPPLY": 54.6,
    "UNDERSUPPLY": 38.5,
    "INEFFICIENT": 6.9
  },
  "total_revenue": 2668196.282998335,
  "total_contribution": 1142802.262998335,
  "total_planned_kms": 67106.0,
  "depot_avg_epk": 40.676613513504144,
  "depot_avg_or": 0.6288204231798513,
  "revenue_by_quadrant": {
    "INEFFICIENT": 14734.60298120023,
    "OVERSUPPLY": 1483892.0807417855,
    "UNDERSUPPLY": 1169569.5992753492
  },
  "contribution_by_quadrant": {
    "INEFFICIENT": -111112.93701879976,
    "OVERSUPPLY": 660811.6407417856,
    "UNDERSUPPLY": 593103.5592753491
  }
}