{
  "depot": "CHENGICHERLA",
  "target_date": "2026-05-27",
  "predicted_depot_pkm": 1521598.75,
  "total_services": 192,
  "count_add_slot": 143,
  "count_cut": 0,
  "count_no_change": 49,
  "total_allocated_pkm": 1439439.2950924146,
  "quadrant_counts": {
    "UNDERSUPPLY": 163,
    "OVERSUPPLY": 23,
    "INEFFICIENT": 6
  },
  "quadrant_pcts": {
    "UNDERSUPPLY": 84.9,
    "OVERSUPPLY": 12.0,
    "INEFFICIENT": 3.1
  },
  "total_revenue": 1959455.7015369553,
  "total_contribution": 1052738.2015369555,
  "total_planned_kms": 36268.7,
  "depot_avg_epk": 56.020661935064105,
  "depot_avg_or": 0.9264365460050388,
  "revenue_by_quadrant": {
    "INEFFICIENT": 25641.45855092932,
    "OVERSUPPLY": 191651.62152866146,
    "UNDERSUPPLY": 1742162.6214573649
  },
  "contribution_by_quadrant": {
    "INEFFICIENT": -14758.541449070679,
    "OVERSUPPLY": 50801.621528661475,
    "UNDERSUPPLY": 1016695.1214573648
  }
}