{
  "depot": "KOSGI",
  "target_date": "2026-05-27",
  "predicted_depot_pkm": 24436.865234375,
  "total_services": 25,
  "count_add_slot": 0,
  "count_cut": 0,
  "count_no_change": 25,
  "total_allocated_pkm": 24169.45687138021,
  "quadrant_counts": {
    "INEFFICIENT": 25
  },
  "quadrant_pcts": {
    "INEFFICIENT": 100.0
  },
  "total_revenue": 27346.632233788918,
  "total_contribution": -215553.3677662111,
  "total_planned_kms": 9716.0,
  "depot_avg_epk": 2.761588154831863,
  "depot_avg_or": 0.045961284930269866,
  "revenue_by_quadrant": {
    "INEFFICIENT": 27346.632233788918
  },
  "contribution_by_quadrant": {
    "INEFFICIENT": -215553.3677662111
  }
}