{
  "depot": "KACHEGUDA",
  "target_date": "2026-05-27",
  "predicted_depot_pkm": 1243431.625,
  "total_services": 177,
  "count_add_slot": 125,
  "count_cut": 0,
  "count_no_change": 52,
  "total_allocated_pkm": 1206240.6979312578,
  "quadrant_counts": {
    "UNDERSUPPLY": 130,
    "INEFFICIENT": 39,
    "OVERSUPPLY": 8
  },
  "quadrant_pcts": {
    "UNDERSUPPLY": 73.4,
    "INEFFICIENT": 22.0,
    "OVERSUPPLY": 4.5
  },
  "total_revenue": 1618419.3229348343,
  "total_contribution": 834419.3229348343,
  "total_planned_kms": 31360.0,
  "depot_avg_epk": 56.11589725958486,
  "depot_avg_or": 0.916864524978746,
  "revenue_by_quadrant": {
    "INEFFICIENT": 4988.168855599427,
    "OVERSUPPLY": 76765.8400144733,
    "UNDERSUPPLY": 1536665.3140647614
  },
  "contribution_by_quadrant": {
    "INEFFICIENT": -199886.83114440058,
    "OVERSUPPLY": 22515.84001447331,
    "UNDERSUPPLY": 1011790.3140647614
  }
}