{
  "depot": "WARANGAL-II",
  "target_date": "2026-05-27",
  "predicted_depot_pkm": 2881786.0,
  "total_services": 158,
  "count_add_slot": 63,
  "count_cut": 1,
  "count_no_change": 94,
  "total_allocated_pkm": 2803213.573417804,
  "quadrant_counts": {
    "UNDERSUPPLY": 97,
    "INEFFICIENT": 44,
    "OVERSUPPLY": 14,
    "SOCIAL_OBLIGATION": 3
  },
  "quadrant_pcts": {
    "UNDERSUPPLY": 61.4,
    "INEFFICIENT": 27.8,
    "OVERSUPPLY": 8.9,
    "SOCIAL_OBLIGATION": 1.9
  },
  "total_revenue": 3661958.621185219,
  "total_contribution": 738527.661185219,
  "total_planned_kms": 75132.0,
  "depot_avg_epk": 49.151416635376755,
  "depot_avg_or": 0.7593559446223611,
  "revenue_by_quadrant": {
    "INEFFICIENT": 589706.3881852836,
    "OVERSUPPLY": 208636.39853423936,
    "SOCIAL_OBLIGATION": 60149.73434258208,
    "UNDERSUPPLY": 2803466.1001231135
  },
  "contribution_by_quadrant": {
    "INEFFICIENT": -337952.0118147163,
    "OVERSUPPLY": 17673.958534239362,
    "SOCIAL_OBLIGATION": -3371.0656574179156,
    "UNDERSUPPLY": 1062176.7801231137
  }
}