{
  "depot": "NARAYANPET",
  "target_date": "2026-05-27",
  "predicted_depot_pkm": 1672819.25,
  "total_services": 95,
  "count_add_slot": 30,
  "count_cut": 0,
  "count_no_change": 65,
  "total_allocated_pkm": 1656211.1331285217,
  "quadrant_counts": {
    "UNDERSUPPLY": 69,
    "OVERSUPPLY": 19,
    "INEFFICIENT": 7
  },
  "quadrant_pcts": {
    "UNDERSUPPLY": 72.6,
    "OVERSUPPLY": 20.0,
    "INEFFICIENT": 7.4
  },
  "total_revenue": 1995078.1081483057,
  "total_contribution": 954815.6081483058,
  "total_planned_kms": 41610.5,
  "depot_avg_epk": 47.61383440762767,
  "depot_avg_or": 0.7689562339416932,
  "revenue_by_quadrant": {
    "INEFFICIENT": 49579.43501260789,
    "OVERSUPPLY": 287239.43608792993,
    "UNDERSUPPLY": 1658259.237047768
  },
  "contribution_by_quadrant": {
    "INEFFICIENT": -17720.564987392107,
    "OVERSUPPLY": 87239.43608792996,
    "UNDERSUPPLY": 885296.7370477678
  }
}