{
  "depot": "WANAPARTHI",
  "target_date": "2026-05-27",
  "predicted_depot_pkm": 1987704.0,
  "total_services": 130,
  "count_add_slot": 48,
  "count_cut": 0,
  "count_no_change": 82,
  "total_allocated_pkm": 1972104.6559338807,
  "quadrant_counts": {
    "UNDERSUPPLY": 89,
    "OVERSUPPLY": 37,
    "INEFFICIENT": 4
  },
  "quadrant_pcts": {
    "UNDERSUPPLY": 68.5,
    "OVERSUPPLY": 28.5,
    "INEFFICIENT": 3.1
  },
  "total_revenue": 2392628.2942892695,
  "total_contribution": 1118028.2942892695,
  "total_planned_kms": 50984.0,
  "depot_avg_epk": 47.027466532342636,
  "depot_avg_or": 0.7679829957267018,
  "revenue_by_quadrant": {
    "INEFFICIENT": 3770.6052846197617,
    "OVERSUPPLY": 565553.5034232187,
    "UNDERSUPPLY": 1823304.185581431
  },
  "contribution_by_quadrant": {
    "INEFFICIENT": -27629.394715380236,
    "OVERSUPPLY": 173028.5034232187,
    "UNDERSUPPLY": 972629.185581431
  }
}