{
  "depot": "KUSHAIGUDA",
  "target_date": "2026-05-27",
  "predicted_depot_pkm": 1571512.375,
  "total_services": 226,
  "count_add_slot": 47,
  "count_cut": 0,
  "count_no_change": 179,
  "total_allocated_pkm": 1380234.6393678826,
  "quadrant_counts": {
    "OVERSUPPLY": 103,
    "UNDERSUPPLY": 99,
    "INEFFICIENT": 24
  },
  "quadrant_pcts": {
    "OVERSUPPLY": 45.6,
    "UNDERSUPPLY": 43.8,
    "INEFFICIENT": 10.6
  },
  "total_revenue": 1903839.9406321822,
  "total_contribution": 859939.940632182,
  "total_planned_kms": 41756.0,
  "depot_avg_epk": 50.25984417885712,
  "depot_avg_or": 0.6979031286727109,
  "revenue_by_quadrant": {
    "INEFFICIENT": 54468.74622002601,
    "OVERSUPPLY": 848971.8688682911,
    "UNDERSUPPLY": 1000399.325543865
  },
  "contribution_by_quadrant": {
    "INEFFICIENT": -114681.25377997398,
    "OVERSUPPLY": 363271.86886829115,
    "UNDERSUPPLY": 611349.325543865
  }
}