{
  "depot": "HANAMKONDA",
  "target_date": "2026-05-27",
  "predicted_depot_pkm": 1902699.375,
  "total_services": 169,
  "count_add_slot": 54,
  "count_cut": 5,
  "count_no_change": 110,
  "total_allocated_pkm": 1844518.8920188984,
  "quadrant_counts": {
    "UNDERSUPPLY": 98,
    "OVERSUPPLY": 41,
    "INEFFICIENT": 28,
    "SOCIAL_OBLIGATION": 2
  },
  "quadrant_pcts": {
    "UNDERSUPPLY": 58.0,
    "OVERSUPPLY": 24.3,
    "INEFFICIENT": 16.6,
    "SOCIAL_OBLIGATION": 1.2
  },
  "total_revenue": 2269953.648149594,
  "total_contribution": 777411.1381495944,
  "total_planned_kms": 53984.0,
  "depot_avg_epk": 47.139168468444915,
  "depot_avg_or": 0.7668019872015963,
  "revenue_by_quadrant": {
    "INEFFICIENT": 303250.53888386063,
    "OVERSUPPLY": 667145.3372832675,
    "SOCIAL_OBLIGATION": 21787.815925687497,
    "UNDERSUPPLY": 1277769.956056779
  },
  "contribution_by_quadrant": {
    "INEFFICIENT": -72795.67111613938,
    "OVERSUPPLY": 252386.36728326746,
    "SOCIAL_OBLIGATION": -347.184074312504,
    "UNDERSUPPLY": 598167.6260567788
  }
}