{
  "depot": "RAJENDRANAGAR",
  "target_date": "2026-05-27",
  "predicted_depot_pkm": 1568044.625,
  "total_services": 179,
  "count_add_slot": 112,
  "count_cut": 0,
  "count_no_change": 67,
  "total_allocated_pkm": 1409166.4469191,
  "quadrant_counts": {
    "UNDERSUPPLY": 127,
    "INEFFICIENT": 40,
    "OVERSUPPLY": 12
  },
  "quadrant_pcts": {
    "UNDERSUPPLY": 70.9,
    "INEFFICIENT": 22.3,
    "OVERSUPPLY": 6.7
  },
  "total_revenue": 1898086.2634022362,
  "total_contribution": 907354.2634022362,
  "total_planned_kms": 39629.28,
  "depot_avg_epk": 50.35364055147704,
  "depot_avg_or": 0.8130929322036026,
  "revenue_by_quadrant": {
    "INEFFICIENT": 6147.876697184031,
    "OVERSUPPLY": 102468.12688866381,
    "UNDERSUPPLY": 1789470.2598163884
  },
  "contribution_by_quadrant": {
    "INEFFICIENT": -226333.12330281598,
    "OVERSUPPLY": 36835.126888663806,
    "UNDERSUPPLY": 1096852.2598163884
  }
}