{
  "depot": "DILSHUKNAGAR",
  "target_date": "2026-05-27",
  "predicted_depot_pkm": 1071095.875,
  "total_services": 149,
  "count_add_slot": 58,
  "count_cut": 0,
  "count_no_change": 91,
  "total_allocated_pkm": 1005561.1519556219,
  "quadrant_counts": {
    "UNDERSUPPLY": 99,
    "INEFFICIENT": 31,
    "OVERSUPPLY": 19
  },
  "quadrant_pcts": {
    "UNDERSUPPLY": 66.4,
    "INEFFICIENT": 20.8,
    "OVERSUPPLY": 12.8
  },
  "total_revenue": 1349941.8531057313,
  "total_contribution": 538959.8531057314,
  "total_planned_kms": 32439.28,
  "depot_avg_epk": 43.24483250701879,
  "depot_avg_or": 0.69813511588575,
  "revenue_by_quadrant": {
    "INEFFICIENT": 5319.456637368085,
    "OVERSUPPLY": 109631.8627727309,
    "UNDERSUPPLY": 1234990.5336956324
  },
  "contribution_by_quadrant": {
    "INEFFICIENT": -181955.54336263193,
    "OVERSUPPLY": 36581.86277273091,
    "UNDERSUPPLY": 684333.5336956325
  }
}