{
  "depot": "NARAYANKHED",
  "target_date": "2026-05-27",
  "predicted_depot_pkm": 841825.625,
  "total_services": 54,
  "count_add_slot": 1,
  "count_cut": 0,
  "count_no_change": 53,
  "total_allocated_pkm": 737961.8695909646,
  "quadrant_counts": {
    "OVERSUPPLY": 27,
    "INEFFICIENT": 14,
    "UNDERSUPPLY": 13
  },
  "quadrant_pcts": {
    "OVERSUPPLY": 50.0,
    "INEFFICIENT": 25.9,
    "UNDERSUPPLY": 24.1
  },
  "total_revenue": 914176.2293708662,
  "total_contribution": 300251.2293708662,
  "total_planned_kms": 24557.0,
  "depot_avg_epk": 34.230989523022444,
  "depot_avg_or": 0.5080685914274643,
  "revenue_by_quadrant": {
    "INEFFICIENT": 36228.63550095229,
    "OVERSUPPLY": 520902.3364117255,
    "UNDERSUPPLY": 357045.2574581884
  },
  "contribution_by_quadrant": {
    "INEFFICIENT": -91371.36449904772,
    "OVERSUPPLY": 199552.33641172553,
    "UNDERSUPPLY": 192070.2574581884
  }
}