{
  "depot": "GADWAL",
  "target_date": "2026-05-27",
  "predicted_depot_pkm": 1928217.0,
  "total_services": 104,
  "count_add_slot": 38,
  "count_cut": 2,
  "count_no_change": 64,
  "total_allocated_pkm": 1841901.0558273806,
  "quadrant_counts": {
    "UNDERSUPPLY": 72,
    "OVERSUPPLY": 28,
    "INEFFICIENT": 4
  },
  "quadrant_pcts": {
    "UNDERSUPPLY": 69.2,
    "OVERSUPPLY": 26.9,
    "INEFFICIENT": 3.8
  },
  "total_revenue": 2182784.3256554967,
  "total_contribution": 1071934.3256554967,
  "total_planned_kms": 44434.0,
  "depot_avg_epk": 48.9480524207433,
  "depot_avg_or": 0.7758798770880561,
  "revenue_by_quadrant": {
    "INEFFICIENT": 13709.5110931951,
    "OVERSUPPLY": 486837.87485112535,
    "UNDERSUPPLY": 1682236.9397111763
  },
  "contribution_by_quadrant": {
    "INEFFICIENT": -27390.4889068049,
    "OVERSUPPLY": 163237.87485112535,
    "UNDERSUPPLY": 936086.9397111763
  }
}