{
  "depot": "SANGAREDDY",
  "target_date": "2026-05-27",
  "predicted_depot_pkm": 1342672.25,
  "total_services": 93,
  "count_add_slot": 6,
  "count_cut": 6,
  "count_no_change": 81,
  "total_allocated_pkm": 1134238.7277014332,
  "quadrant_counts": {
    "OVERSUPPLY": 45,
    "UNDERSUPPLY": 28,
    "INEFFICIENT": 20
  },
  "quadrant_pcts": {
    "OVERSUPPLY": 48.4,
    "UNDERSUPPLY": 30.1,
    "INEFFICIENT": 21.5
  },
  "total_revenue": 1371539.9726304957,
  "total_contribution": 429614.97263049573,
  "total_planned_kms": 37677.0,
  "depot_avg_epk": 35.47952562986898,
  "depot_avg_or": 0.5423011676082079,
  "revenue_by_quadrant": {
    "INEFFICIENT": 46703.56123067171,
    "OVERSUPPLY": 736895.6269343938,
    "UNDERSUPPLY": 587940.7844654302
  },
  "contribution_by_quadrant": {
    "INEFFICIENT": -132771.4387693283,
    "OVERSUPPLY": 252695.62693439383,
    "UNDERSUPPLY": 309690.78446543025
  }
}