{
  "depot": "THORROR",
  "target_date": "2026-05-27",
  "predicted_depot_pkm": 1686738.25,
  "total_services": 94,
  "count_add_slot": 39,
  "count_cut": 4,
  "count_no_change": 51,
  "total_allocated_pkm": 1646777.0231277887,
  "quadrant_counts": {
    "UNDERSUPPLY": 71,
    "OVERSUPPLY": 19,
    "INEFFICIENT": 4
  },
  "quadrant_pcts": {
    "UNDERSUPPLY": 75.5,
    "OVERSUPPLY": 20.2,
    "INEFFICIENT": 4.3
  },
  "total_revenue": 2054839.9728649454,
  "total_contribution": 1117109.2028649452,
  "total_planned_kms": 40942.0,
  "depot_avg_epk": 50.150724962334685,
  "depot_avg_or": 0.7928863464666793,
  "revenue_by_quadrant": {
    "INEFFICIENT": 12360.461559304036,
    "OVERSUPPLY": 320269.4053999768,
    "UNDERSUPPLY": 1722210.1059056644
  },
  "contribution_by_quadrant": {
    "INEFFICIENT": -22126.718440695964,
    "OVERSUPPLY": 136152.18539997685,
    "UNDERSUPPLY": 1003083.7359056643
  }
}