{
  "depot": "MAHABOOBNAGAR",
  "target_date": "2026-05-27",
  "predicted_depot_pkm": 2448932.75,
  "total_services": 149,
  "count_add_slot": 66,
  "count_cut": 0,
  "count_no_change": 83,
  "total_allocated_pkm": 2403153.0944170197,
  "quadrant_counts": {
    "UNDERSUPPLY": 116,
    "OVERSUPPLY": 18,
    "INEFFICIENT": 15
  },
  "quadrant_pcts": {
    "UNDERSUPPLY": 77.9,
    "OVERSUPPLY": 12.1,
    "INEFFICIENT": 10.1
  },
  "total_revenue": 2996143.2855993034,
  "total_contribution": 1480807.2855993034,
  "total_planned_kms": 60613.44,
  "depot_avg_epk": 49.86805228601769,
  "depot_avg_or": 0.8153387139219127,
  "revenue_by_quadrant": {
    "INEFFICIENT": 53661.461980693435,
    "OVERSUPPLY": 341973.98319059383,
    "UNDERSUPPLY": 2600507.840428016
  },
  "contribution_by_quadrant": {
    "INEFFICIENT": -106338.53801930656,
    "OVERSUPPLY": 110924.98319059385,
    "UNDERSUPPLY": 1476220.8404280161
  }
}