{
  "depot": "THORROR",
  "target_date": "2026-03-17",
  "predicted_depot_pkm": 1894641.25,
  "total_services": 94,
  "count_add_slot": 60,
  "count_cut": 3,
  "count_no_change": 31,
  "total_allocated_pkm": 1818817.065493914,
  "quadrant_counts": {
    "UNDERSUPPLY": 78,
    "OVERSUPPLY": 13,
    "INEFFICIENT": 3
  },
  "quadrant_pcts": {
    "UNDERSUPPLY": 83.0,
    "OVERSUPPLY": 13.8,
    "INEFFICIENT": 3.2
  },
  "total_revenue": 2267046.30862612,
  "total_contribution": 1329315.5386261197,
  "total_planned_kms": 40942.0,
  "depot_avg_epk": 55.45454134658011,
  "depot_avg_or": 0.8813956591215526,
  "revenue_by_quadrant": {
    "INEFFICIENT": 8903.409768510177,
    "OVERSUPPLY": 213838.35877825305,
    "UNDERSUPPLY": 2044304.5400793566
  },
  "contribution_by_quadrant": {
    "INEFFICIENT": -14259.400231489824,
    "OVERSUPPLY": 93431.85877825304,
    "UNDERSUPPLY": 1250143.0800793567
  }
}