{
  "depot": "NIZAMABAD-I",
  "target_date": "2026-03-17",
  "predicted_depot_pkm": 1702434.75,
  "total_services": 125,
  "count_add_slot": 26,
  "count_cut": 0,
  "count_no_change": 99,
  "total_allocated_pkm": 1528232.566758665,
  "quadrant_counts": {
    "OVERSUPPLY": 65,
    "UNDERSUPPLY": 52,
    "INEFFICIENT": 8
  },
  "quadrant_pcts": {
    "OVERSUPPLY": 52.0,
    "UNDERSUPPLY": 41.6,
    "INEFFICIENT": 6.4
  },
  "total_revenue": 2019091.7201712737,
  "total_contribution": 1031367.7401712735,
  "total_planned_kms": 51753.0,
  "depot_avg_epk": 41.04422201830867,
  "depot_avg_or": 0.633679139336644,
  "revenue_by_quadrant": {
    "INEFFICIENT": 25603.237547095265,
    "OVERSUPPLY": 954736.6444991325,
    "UNDERSUPPLY": 1038751.8381250458
  },
  "contribution_by_quadrant": {
    "INEFFICIENT": -72783.80245290474,
    "OVERSUPPLY": 437104.1644991325,
    "UNDERSUPPLY": 667047.3781250458
  }
}