{
  "depot": "IBRAHIMPATNAM",
  "target_date": "2026-03-17",
  "predicted_depot_pkm": 1962944.75,
  "total_services": 189,
  "count_add_slot": 59,
  "count_cut": 0,
  "count_no_change": 130,
  "total_allocated_pkm": 1867272.3055280596,
  "quadrant_counts": {
    "UNDERSUPPLY": 122,
    "OVERSUPPLY": 67
  },
  "quadrant_pcts": {
    "UNDERSUPPLY": 64.6,
    "OVERSUPPLY": 35.4
  },
  "total_revenue": 2536665.157850197,
  "total_contribution": 1657600.3778501968,
  "total_planned_kms": 44803.0,
  "depot_avg_epk": 58.08756305423409,
  "depot_avg_or": 0.7670165798332863,
  "revenue_by_quadrant": {
    "OVERSUPPLY": 786797.5476489337,
    "UNDERSUPPLY": 1749867.610201263
  },
  "contribution_by_quadrant": {
    "OVERSUPPLY": 435241.38764893374,
    "UNDERSUPPLY": 1222358.990201263
  }
}