{
  "depot": "WARANGAL-II",
  "target_date": "2026-04-10",
  "predicted_depot_pkm": 2656115.0,
  "total_services": 158,
  "count_add_slot": 43,
  "count_cut": 0,
  "count_no_change": 115,
  "total_allocated_pkm": 2634918.0497662676,
  "quadrant_counts": {
    "UNDERSUPPLY": 87,
    "INEFFICIENT": 49,
    "OVERSUPPLY": 19,
    "SOCIAL_OBLIGATION": 3
  },
  "quadrant_pcts": {
    "UNDERSUPPLY": 55.1,
    "INEFFICIENT": 31.0,
    "OVERSUPPLY": 12.0,
    "SOCIAL_OBLIGATION": 1.9
  },
  "total_revenue": 3461529.9456772236,
  "total_contribution": 538098.9856772238,
  "total_planned_kms": 75132.0,
  "depot_avg_epk": 46.25527119710146,
  "depot_avg_or": 0.7207474474694566,
  "revenue_by_quadrant": {
    "INEFFICIENT": 780372.7809512876,
    "OVERSUPPLY": 370097.7421121053,
    "SOCIAL_OBLIGATION": 60302.209509460125,
    "UNDERSUPPLY": 2250757.2131043705
  },
  "contribution_by_quadrant": {
    "INEFFICIENT": -230736.31904871235,
    "OVERSUPPLY": 31729.20211210532,
    "SOCIAL_OBLIGATION": -3218.5904905398675,
    "UNDERSUPPLY": 740324.6931043706
  }
}