{
  "depot": "ARMOOR",
  "target_date": "2026-04-10",
  "predicted_depot_pkm": 1352762.125,
  "total_services": 90,
  "count_add_slot": 20,
  "count_cut": 0,
  "count_no_change": 70,
  "total_allocated_pkm": 1165269.8659158004,
  "quadrant_counts": {
    "OVERSUPPLY": 40,
    "UNDERSUPPLY": 40,
    "INEFFICIENT": 10
  },
  "quadrant_pcts": {
    "OVERSUPPLY": 44.4,
    "UNDERSUPPLY": 44.4,
    "INEFFICIENT": 11.1
  },
  "total_revenue": 1443455.546726528,
  "total_contribution": 762486.3467265278,
  "total_planned_kms": 36987.0,
  "depot_avg_epk": 39.255455253862316,
  "depot_avg_or": 0.6382749491438712,
  "revenue_by_quadrant": {
    "INEFFICIENT": 19540.163423701928,
    "OVERSUPPLY": 626809.1305198347,
    "UNDERSUPPLY": 797106.2527829912
  },
  "contribution_by_quadrant": {
    "INEFFICIENT": -57204.63657629807,
    "OVERSUPPLY": 294863.67051983473,
    "UNDERSUPPLY": 524827.3127829912
  }
}