{
  "depot": "CONTONMENT",
  "target_date": "2026-04-10",
  "predicted_depot_pkm": 1842701.875,
  "total_services": 280,
  "count_add_slot": 152,
  "count_cut": 0,
  "count_no_change": 128,
  "total_allocated_pkm": 1551693.9356408657,
  "quadrant_counts": {
    "UNDERSUPPLY": 165,
    "OVERSUPPLY": 59,
    "INEFFICIENT": 55,
    "SOCIAL_OBLIGATION": 1
  },
  "quadrant_pcts": {
    "UNDERSUPPLY": 58.9,
    "OVERSUPPLY": 21.1,
    "INEFFICIENT": 19.6,
    "SOCIAL_OBLIGATION": 0.4
  },
  "total_revenue": 2435644.7202771734,
  "total_contribution": 974873.6588771734,
  "total_planned_kms": 46115.74,
  "depot_avg_epk": 57.325312951015256,
  "depot_avg_or": 0.914898836496253,
  "revenue_by_quadrant": {
    "INEFFICIENT": 140618.38508585896,
    "OVERSUPPLY": 429192.1817737505,
    "SOCIAL_OBLIGATION": 7116.331563772095,
    "UNDERSUPPLY": 1858717.8218537918
  },
  "contribution_by_quadrant": {
    "INEFFICIENT": -268511.44631414104,
    "OVERSUPPLY": 127096.43457375054,
    "SOCIAL_OBLIGATION": -387.508436227904,
    "UNDERSUPPLY": 1116676.1790537918
  }
}