{
  "depot": "BANSWADA",
  "target_date": "2026-04-10",
  "predicted_depot_pkm": 1561565.5,
  "total_services": 92,
  "count_add_slot": 22,
  "count_cut": 0,
  "count_no_change": 70,
  "total_allocated_pkm": 1462558.365231787,
  "quadrant_counts": {
    "UNDERSUPPLY": 56,
    "OVERSUPPLY": 28,
    "INEFFICIENT": 8
  },
  "quadrant_pcts": {
    "UNDERSUPPLY": 60.9,
    "OVERSUPPLY": 30.4,
    "INEFFICIENT": 8.7
  },
  "total_revenue": 1751529.7567377102,
  "total_contribution": 1048158.5667377101,
  "total_planned_kms": 37832.0,
  "depot_avg_epk": 45.47584956590766,
  "depot_avg_or": 0.6860422635151431,
  "revenue_by_quadrant": {
    "INEFFICIENT": 9030.142766992492,
    "OVERSUPPLY": 391575.8343831681,
    "UNDERSUPPLY": 1350923.7795875496
  },
  "contribution_by_quadrant": {
    "INEFFICIENT": -50056.93723300751,
    "OVERSUPPLY": 192736.28438316807,
    "UNDERSUPPLY": 905479.2195875497
  }
}