{
  "depot": "CONTONMENT",
  "target_date": "2026-03-04",
  "predicted_depot_pkm": 1856867.875,
  "total_services": 280,
  "count_add_slot": 145,
  "count_cut": 0,
  "count_no_change": 135,
  "total_allocated_pkm": 1726934.1830281331,
  "quadrant_counts": {
    "UNDERSUPPLY": 170,
    "OVERSUPPLY": 85,
    "INEFFICIENT": 24,
    "SOCIAL_OBLIGATION": 1
  },
  "quadrant_pcts": {
    "UNDERSUPPLY": 60.7,
    "OVERSUPPLY": 30.4,
    "INEFFICIENT": 8.6,
    "SOCIAL_OBLIGATION": 0.4
  },
  "total_revenue": 2669846.6165451165,
  "total_contribution": 1208647.9315451167,
  "total_planned_kms": 46119.0,
  "depot_avg_epk": 60.8085037417657,
  "depot_avg_or": 0.8966134834998846,
  "revenue_by_quadrant": {
    "INEFFICIENT": 67492.86552334367,
    "OVERSUPPLY": 632723.1512335223,
    "SOCIAL_OBLIGATION": 7402.1812483005115,
    "UNDERSUPPLY": 1962228.4185399502
  },
  "contribution_by_quadrant": {
    "INEFFICIENT": -176681.82947665633,
    "OVERSUPPLY": 198145.0812335223,
    "SOCIAL_OBLIGATION": -124.81875169948853,
    "UNDERSUPPLY": 1187309.4985399502
  }
}