{
  "depot": "THORROR",
  "target_date": "2026-03-04",
  "predicted_depot_pkm": 1863193.25,
  "total_services": 94,
  "count_add_slot": 56,
  "count_cut": 1,
  "count_no_change": 37,
  "total_allocated_pkm": 1800586.819609557,
  "quadrant_counts": {
    "UNDERSUPPLY": 78,
    "OVERSUPPLY": 15,
    "INEFFICIENT": 1
  },
  "quadrant_pcts": {
    "UNDERSUPPLY": 83.0,
    "OVERSUPPLY": 16.0,
    "INEFFICIENT": 1.1
  },
  "total_revenue": 2225393.641847164,
  "total_contribution": 1287662.8718471637,
  "total_planned_kms": 40942.0,
  "depot_avg_epk": 54.427092018759524,
  "depot_avg_or": 0.8698907401876322,
  "revenue_by_quadrant": {
    "INEFFICIENT": 0.0,
    "OVERSUPPLY": 251433.8638117118,
    "UNDERSUPPLY": 1973959.778035452
  },
  "contribution_by_quadrant": {
    "INEFFICIENT": -6859.47,
    "OVERSUPPLY": 114136.85381171182,
    "UNDERSUPPLY": 1180385.4880354519
  }
}