{
  "depot": "NARSAMPET",
  "target_date": "2026-03-04",
  "predicted_depot_pkm": 1792501.875,
  "total_services": 94,
  "count_add_slot": 54,
  "count_cut": 2,
  "count_no_change": 38,
  "total_allocated_pkm": 1721417.1832172817,
  "quadrant_counts": {
    "UNDERSUPPLY": 69,
    "OVERSUPPLY": 22,
    "INEFFICIENT": 3
  },
  "quadrant_pcts": {
    "UNDERSUPPLY": 73.4,
    "OVERSUPPLY": 23.4,
    "INEFFICIENT": 3.2
  },
  "total_revenue": 2057790.3627840998,
  "total_contribution": 1185898.1627840998,
  "total_planned_kms": 40599.0,
  "depot_avg_epk": 50.60622193675865,
  "depot_avg_or": 0.8375731175754726,
  "revenue_by_quadrant": {
    "INEFFICIENT": 7082.67322355499,
    "OVERSUPPLY": 365554.94540337456,
    "UNDERSUPPLY": 1685152.7441571702
  },
  "contribution_by_quadrant": {
    "INEFFICIENT": -17864.92677644501,
    "OVERSUPPLY": 165340.08540337454,
    "UNDERSUPPLY": 1038423.0041571701
  }
}