{
  "depot": "BHUPALAPALLAY",
  "target_date": "2026-03-04",
  "predicted_depot_pkm": 1536936.625,
  "total_services": 86,
  "count_add_slot": 32,
  "count_cut": 0,
  "count_no_change": 54,
  "total_allocated_pkm": 1482394.6784958527,
  "quadrant_counts": {
    "UNDERSUPPLY": 59,
    "OVERSUPPLY": 21,
    "INEFFICIENT": 6
  },
  "quadrant_pcts": {
    "UNDERSUPPLY": 68.6,
    "OVERSUPPLY": 24.4,
    "INEFFICIENT": 7.0
  },
  "total_revenue": 1870994.5088584991,
  "total_contribution": 1034278.1288584992,
  "total_planned_kms": 40068.0,
  "depot_avg_epk": 46.50836164990971,
  "depot_avg_or": 0.7410055597028754,
  "revenue_by_quadrant": {
    "INEFFICIENT": 31311.10410637422,
    "OVERSUPPLY": 352183.72143079573,
    "UNDERSUPPLY": 1487499.6833213295
  },
  "contribution_by_quadrant": {
    "INEFFICIENT": -24522.215893625784,
    "OVERSUPPLY": 153184.00143079576,
    "UNDERSUPPLY": 905616.3433213294
  }
}