{
  "depot": "HAKIMPET",
  "target_date": "2026-03-04",
  "predicted_depot_pkm": 1458524.75,
  "total_services": 147,
  "count_add_slot": 32,
  "count_cut": 0,
  "count_no_change": 115,
  "total_allocated_pkm": 1264097.642533777,
  "quadrant_counts": {
    "UNDERSUPPLY": 90,
    "OVERSUPPLY": 54,
    "INEFFICIENT": 3
  },
  "quadrant_pcts": {
    "UNDERSUPPLY": 61.2,
    "OVERSUPPLY": 36.7,
    "INEFFICIENT": 2.0
  },
  "total_revenue": 1703307.9419414247,
  "total_contribution": 894572.6319414246,
  "total_planned_kms": 30757.0,
  "depot_avg_epk": 55.652669010160146,
  "depot_avg_or": 0.7541689703952248,
  "revenue_by_quadrant": {
    "INEFFICIENT": 4586.148565759326,
    "OVERSUPPLY": 585216.6901811484,
    "UNDERSUPPLY": 1113505.103194517
  },
  "contribution_by_quadrant": {
    "INEFFICIENT": -6001.541434240675,
    "OVERSUPPLY": 260464.0101811483,
    "UNDERSUPPLY": 640110.1631945169
  }
}