{
  "depot": "HCU",
  "target_date": "2026-05-31",
  "predicted_depot_pkm": 1248488.875,
  "total_services": 138,
  "count_add_slot": 3,
  "count_cut": 0,
  "count_add_candidates_no_spare": 49,
  "count_no_change": 86,
  "total_allocated_pkm": 1181328.4052620905,
  "quadrant_counts": {
    "UNDERSUPPLY": 123,
    "INEFFICIENT": 10,
    "OVERSUPPLY": 5
  },
  "quadrant_pcts": {
    "UNDERSUPPLY": 89.1,
    "INEFFICIENT": 7.2,
    "OVERSUPPLY": 3.6
  },
  "total_revenue": 1653361.106945654,
  "total_contribution": 945663.3569456537,
  "total_planned_kms": 28307.910000000003,
  "depot_avg_epk": 59.34612524312283,
  "depot_avg_or": 1.2344230069683881,
  "revenue_by_quadrant": {
    "INEFFICIENT": 14391.846661392263,
    "OVERSUPPLY": 25825.5895401782,
    "UNDERSUPPLY": 1613143.6707440834
  },
  "contribution_by_quadrant": {
    "INEFFICIENT": -37412.903338607735,
    "OVERSUPPLY": 5413.0895401782,
    "UNDERSUPPLY": 977663.1707440832
  },
  "maintenance_pct": 0.08,
  "pkm_90d_avg": 1289111.7072817732,
  "fleet_breakdown": {
    "EM": {
      "available": 41,
      "planned": 37,
      "cut": 0,
      "maintenance": 3,
      "spare": 1,
      "estimated": true,
      "added": 1,
      "to_add": 4
    },
    "EO": {
      "available": 112,
      "planned": 101,
      "cut": 0,
      "maintenance": 9,
      "spare": 2,
      "estimated": true,
      "added": 2,
      "to_add": 48
    }
  }
}