{
  "depot": "THORROR",
  "target_date": "2026-04-26",
  "predicted_depot_pkm": 1614950.625,
  "total_services": 94,
  "count_add_slot": 30,
  "count_cut": 0,
  "count_no_change": 64,
  "total_allocated_pkm": 1506469.4099549986,
  "quadrant_counts": {
    "UNDERSUPPLY": 61,
    "OVERSUPPLY": 26,
    "INEFFICIENT": 7
  },
  "quadrant_pcts": {
    "UNDERSUPPLY": 64.9,
    "OVERSUPPLY": 27.7,
    "INEFFICIENT": 7.4
  },
  "total_revenue": 1877320.4166445348,
  "total_contribution": 939589.646644535,
  "total_planned_kms": 40942.0,
  "depot_avg_epk": 45.972408651023756,
  "depot_avg_or": 0.7271220113263994,
  "revenue_by_quadrant": {
    "INEFFICIENT": 27873.194021561772,
    "OVERSUPPLY": 436892.88503420085,
    "UNDERSUPPLY": 1412554.3375887724
  },
  "contribution_by_quadrant": {
    "INEFFICIENT": -33679.505978438225,
    "OVERSUPPLY": 177557.83503420083,
    "UNDERSUPPLY": 795711.3175887723
  }
}