{
  "depot": "IBRAHIMPATNAM",
  "target_date": "2026-04-26",
  "predicted_depot_pkm": 1662964.75,
  "total_services": 189,
  "count_add_slot": 79,
  "count_cut": 0,
  "count_no_change": 110,
  "total_allocated_pkm": 1503349.8817392795,
  "quadrant_counts": {
    "UNDERSUPPLY": 135,
    "OVERSUPPLY": 35,
    "INEFFICIENT": 19
  },
  "quadrant_pcts": {
    "UNDERSUPPLY": 71.4,
    "OVERSUPPLY": 18.5,
    "INEFFICIENT": 10.1
  },
  "total_revenue": 2007992.2291510568,
  "total_contribution": 1129402.097151057,
  "total_planned_kms": 44778.7,
  "depot_avg_epk": 47.257816374648655,
  "depot_avg_or": 0.7718614227785179,
  "revenue_by_quadrant": {
    "INEFFICIENT": 83853.34324175166,
    "OVERSUPPLY": 268795.5879522928,
    "UNDERSUPPLY": 1655343.2979570124
  },
  "contribution_by_quadrant": {
    "INEFFICIENT": -29117.73675824833,
    "OVERSUPPLY": 92667.28395229281,
    "UNDERSUPPLY": 1065852.5499570123
  }
}