{
  "depot": "BANSWADA",
  "target_date": "2026-04-26",
  "predicted_depot_pkm": 1380487.125,
  "total_services": 92,
  "count_add_slot": 3,
  "count_cut": 0,
  "count_no_change": 89,
  "total_allocated_pkm": 1245608.6768468465,
  "quadrant_counts": {
    "OVERSUPPLY": 55,
    "UNDERSUPPLY": 28,
    "INEFFICIENT": 9
  },
  "quadrant_pcts": {
    "OVERSUPPLY": 59.8,
    "UNDERSUPPLY": 30.4,
    "INEFFICIENT": 9.8
  },
  "total_revenue": 1487401.3302854048,
  "total_contribution": 784030.1402854047,
  "total_planned_kms": 37832.0,
  "depot_avg_epk": 38.39481349558084,
  "depot_avg_or": 0.579760337354599,
  "revenue_by_quadrant": {
    "INEFFICIENT": 10927.283995196602,
    "OVERSUPPLY": 859665.8106792148,
    "UNDERSUPPLY": 616808.2356109936
  },
  "contribution_by_quadrant": {
    "INEFFICIENT": -54044.316004803404,
    "OVERSUPPLY": 439067.03067921475,
    "UNDERSUPPLY": 399007.4256109935
  }
}