{
  "depot": "MAHABOOBABAD",
  "target_date": "2026-04-05",
  "predicted_depot_pkm": 1162203.25,
  "total_services": 76,
  "count_add_slot": 10,
  "count_cut": 0,
  "count_no_change": 66,
  "total_allocated_pkm": 1093732.850839069,
  "quadrant_counts": {
    "UNDERSUPPLY": 38,
    "OVERSUPPLY": 33,
    "INEFFICIENT": 5
  },
  "quadrant_pcts": {
    "UNDERSUPPLY": 50.0,
    "OVERSUPPLY": 43.4,
    "INEFFICIENT": 6.6
  },
  "total_revenue": 1271990.0659571975,
  "total_contribution": 713502.2759571974,
  "total_planned_kms": 31066.0,
  "depot_avg_epk": 40.21809112332589,
  "depot_avg_or": 0.6480577606004081,
  "revenue_by_quadrant": {
    "INEFFICIENT": 10171.699804444816,
    "OVERSUPPLY": 448827.85288528283,
    "UNDERSUPPLY": 812990.5132674698
  },
  "contribution_by_quadrant": {
    "INEFFICIENT": -23419.880195555183,
    "OVERSUPPLY": 210611.64288528284,
    "UNDERSUPPLY": 526310.5132674698
  }
}