{
  "depot": "ARMOOR",
  "target_date": "2026-04-05",
  "predicted_depot_pkm": 1280539.875,
  "total_services": 90,
  "count_add_slot": 16,
  "count_cut": 0,
  "count_no_change": 74,
  "total_allocated_pkm": 1119764.066014166,
  "quadrant_counts": {
    "OVERSUPPLY": 41,
    "UNDERSUPPLY": 39,
    "INEFFICIENT": 10
  },
  "quadrant_pcts": {
    "OVERSUPPLY": 45.6,
    "UNDERSUPPLY": 43.3,
    "INEFFICIENT": 11.1
  },
  "total_revenue": 1382305.8827018018,
  "total_contribution": 701336.6827018019,
  "total_planned_kms": 36987.0,
  "depot_avg_epk": 37.90042046897384,
  "depot_avg_or": 0.6161606903175532,
  "revenue_by_quadrant": {
    "INEFFICIENT": 18234.142019921906,
    "OVERSUPPLY": 595385.1623417595,
    "UNDERSUPPLY": 768686.5783401205
  },
  "contribution_by_quadrant": {
    "INEFFICIENT": -58510.65798007809,
    "OVERSUPPLY": 259141.8623417595,
    "UNDERSUPPLY": 500705.47834012046
  }
}