{
  "depot": "WARANGAL-II",
  "target_date": "2026-04-05",
  "predicted_depot_pkm": 2726222.25,
  "total_services": 158,
  "count_add_slot": 47,
  "count_cut": 0,
  "count_no_change": 111,
  "total_allocated_pkm": 2705557.5188299986,
  "quadrant_counts": {
    "UNDERSUPPLY": 88,
    "INEFFICIENT": 45,
    "OVERSUPPLY": 21,
    "SOCIAL_OBLIGATION": 4
  },
  "quadrant_pcts": {
    "UNDERSUPPLY": 55.7,
    "INEFFICIENT": 28.5,
    "OVERSUPPLY": 13.3,
    "SOCIAL_OBLIGATION": 2.5
  },
  "total_revenue": 3557318.42413758,
  "total_contribution": 633887.4641375805,
  "total_planned_kms": 75132.0,
  "depot_avg_epk": 47.49666371904686,
  "depot_avg_or": 0.7400305256149939,
  "revenue_by_quadrant": {
    "INEFFICIENT": 741177.235830967,
    "OVERSUPPLY": 403984.83565032796,
    "SOCIAL_OBLIGATION": 80990.49900792318,
    "UNDERSUPPLY": 2331165.853648362
  },
  "contribution_by_quadrant": {
    "INEFFICIENT": -180368.66416903303,
    "OVERSUPPLY": 29152.895650328002,
    "SOCIAL_OBLIGATION": -3703.9009920768112,
    "UNDERSUPPLY": 788807.1336483624
  }
}