{
  "depot": "MAHABOOBABAD",
  "target_date": "2026-05-04",
  "predicted_depot_pkm": 1440933.75,
  "total_services": 76,
  "count_add_slot": 35,
  "count_cut": 0,
  "count_no_change": 41,
  "total_allocated_pkm": 1312775.966327022,
  "quadrant_counts": {
    "UNDERSUPPLY": 55,
    "OVERSUPPLY": 15,
    "INEFFICIENT": 6
  },
  "quadrant_pcts": {
    "UNDERSUPPLY": 72.4,
    "OVERSUPPLY": 19.7,
    "INEFFICIENT": 7.9
  },
  "total_revenue": 1518962.685189262,
  "total_contribution": 960474.8951892625,
  "total_planned_kms": 31066.0,
  "depot_avg_epk": 48.47826368905497,
  "depot_avg_or": 0.7834486958035584,
  "revenue_by_quadrant": {
    "INEFFICIENT": 16575.030903931154,
    "OVERSUPPLY": 192122.53853757473,
    "UNDERSUPPLY": 1310265.1157477563
  },
  "contribution_by_quadrant": {
    "INEFFICIENT": -25515.489096068846,
    "OVERSUPPLY": 80061.96853757474,
    "UNDERSUPPLY": 905928.4157477565
  }
}