{
  "depot": "NARSAMPET",
  "target_date": "2026-05-04",
  "predicted_depot_pkm": 1771909.875,
  "total_services": 94,
  "count_add_slot": 56,
  "count_cut": 0,
  "count_no_change": 38,
  "total_allocated_pkm": 1615419.1960314922,
  "quadrant_counts": {
    "UNDERSUPPLY": 70,
    "OVERSUPPLY": 15,
    "INEFFICIENT": 9
  },
  "quadrant_pcts": {
    "UNDERSUPPLY": 74.5,
    "OVERSUPPLY": 16.0,
    "INEFFICIENT": 9.6
  },
  "total_revenue": 1934190.7108234826,
  "total_contribution": 1062298.5108234824,
  "total_planned_kms": 40599.0,
  "depot_avg_epk": 47.66953698396181,
  "depot_avg_or": 0.8182734847445599,
  "revenue_by_quadrant": {
    "INEFFICIENT": 23348.102487776894,
    "OVERSUPPLY": 278054.46845511155,
    "UNDERSUPPLY": 1632788.1398805939
  },
  "contribution_by_quadrant": {
    "INEFFICIENT": -43435.29751222311,
    "OVERSUPPLY": 125578.72845511153,
    "UNDERSUPPLY": 980155.0798805939
  }
}