{
  "depot": "HAKIMPET",
  "target_date": "2026-05-04",
  "predicted_depot_pkm": 1437144.25,
  "total_services": 147,
  "count_add_slot": 99,
  "count_cut": 0,
  "count_no_change": 48,
  "total_allocated_pkm": 1074567.2913451742,
  "quadrant_counts": {
    "UNDERSUPPLY": 118,
    "INEFFICIENT": 22,
    "OVERSUPPLY": 7
  },
  "quadrant_pcts": {
    "UNDERSUPPLY": 80.3,
    "INEFFICIENT": 15.0,
    "OVERSUPPLY": 4.8
  },
  "total_revenue": 1443879.8302560933,
  "total_contribution": 635095.4199560932,
  "total_planned_kms": 30758.690000000002,
  "depot_avg_epk": 48.57448639338663,
  "depot_avg_or": 0.8331437943279906,
  "revenue_by_quadrant": {
    "INEFFICIENT": 5476.896698251668,
    "OVERSUPPLY": 52213.35430127826,
    "UNDERSUPPLY": 1386189.5792565632
  },
  "contribution_by_quadrant": {
    "INEFFICIENT": -128806.62810174834,
    "OVERSUPPLY": 14718.414301278264,
    "UNDERSUPPLY": 749183.6337565633
  }
}