{
  "depot": "BHUPALAPALLAY",
  "target_date": "2026-05-04",
  "predicted_depot_pkm": 1589475.875,
  "total_services": 86,
  "count_add_slot": 25,
  "count_cut": 0,
  "count_no_change": 61,
  "total_allocated_pkm": 1444480.3049564166,
  "quadrant_counts": {
    "UNDERSUPPLY": 53,
    "OVERSUPPLY": 25,
    "INEFFICIENT": 8
  },
  "quadrant_pcts": {
    "UNDERSUPPLY": 61.6,
    "OVERSUPPLY": 29.1,
    "INEFFICIENT": 9.3
  },
  "total_revenue": 1826653.2148493517,
  "total_contribution": 989601.8748493511,
  "total_planned_kms": 40104.0,
  "depot_avg_epk": 45.55938561398601,
  "depot_avg_or": 0.7099372601457412,
  "revenue_by_quadrant": {
    "INEFFICIENT": 21062.728125460013,
    "OVERSUPPLY": 411116.85272240854,
    "UNDERSUPPLY": 1394473.6340014825
  },
  "contribution_by_quadrant": {
    "INEFFICIENT": -48088.351874539985,
    "OVERSUPPLY": 194493.07272240854,
    "UNDERSUPPLY": 843197.1540014826
  }
}