{
  "depot": "HANAMKONDA",
  "target_date": "2026-05-04",
  "predicted_depot_pkm": 2259680.75,
  "total_services": 169,
  "count_add_slot": 78,
  "count_cut": 0,
  "count_no_change": 91,
  "total_allocated_pkm": 2097503.0394734414,
  "quadrant_counts": {
    "UNDERSUPPLY": 118,
    "OVERSUPPLY": 44,
    "INEFFICIENT": 7
  },
  "quadrant_pcts": {
    "UNDERSUPPLY": 69.8,
    "OVERSUPPLY": 26.0,
    "INEFFICIENT": 4.1
  },
  "total_revenue": 2589279.6727372287,
  "total_contribution": 1096737.1627372282,
  "total_planned_kms": 53984.0,
  "depot_avg_epk": 53.805181563404105,
  "depot_avg_or": 0.8782446131816383,
  "revenue_by_quadrant": {
    "INEFFICIENT": 51937.967593694426,
    "OVERSUPPLY": 721901.1486639072,
    "UNDERSUPPLY": 1815440.5564796268
  },
  "contribution_by_quadrant": {
    "INEFFICIENT": -22840.472406305584,
    "OVERSUPPLY": 304592.7486639072,
    "UNDERSUPPLY": 814984.8864796266
  }
}