{
  "depot": "HYDERABAD-II",
  "target_date": "2026-05-04",
  "predicted_depot_pkm": 1854532.5,
  "total_services": 94,
  "count_add_slot": 56,
  "count_cut": 0,
  "count_no_change": 38,
  "total_allocated_pkm": 1766541.384802586,
  "quadrant_counts": {
    "UNDERSUPPLY": 62,
    "OVERSUPPLY": 32
  },
  "quadrant_pcts": {
    "UNDERSUPPLY": 66.0,
    "OVERSUPPLY": 34.0
  },
  "total_revenue": 2406603.1650163764,
  "total_contribution": 1582901.6650163764,
  "total_planned_kms": 44645.0,
  "depot_avg_epk": 57.63621754407472,
  "depot_avg_or": 0.9120959261979059,
  "revenue_by_quadrant": {
    "OVERSUPPLY": 644497.2850134962,
    "UNDERSUPPLY": 1762105.8800028805
  },
  "contribution_by_quadrant": {
    "OVERSUPPLY": 293708.4850134962,
    "UNDERSUPPLY": 1289193.1800028803
  }
}