{
  "depot": "WARANGAL-II",
  "target_date": "2026-05-04",
  "predicted_depot_pkm": 2653236.25,
  "total_services": 158,
  "count_add_slot": 39,
  "count_cut": 0,
  "count_no_change": 119,
  "total_allocated_pkm": 2617749.673507873,
  "quadrant_counts": {
    "UNDERSUPPLY": 94,
    "INEFFICIENT": 42,
    "OVERSUPPLY": 20,
    "SOCIAL_OBLIGATION": 2
  },
  "quadrant_pcts": {
    "UNDERSUPPLY": 59.5,
    "INEFFICIENT": 26.6,
    "OVERSUPPLY": 12.7,
    "SOCIAL_OBLIGATION": 1.3
  },
  "total_revenue": 3427550.4265756933,
  "total_contribution": 504119.4665756931,
  "total_planned_kms": 75132.0,
  "depot_avg_epk": 45.91611598902132,
  "depot_avg_or": 0.7130481063361603,
  "revenue_by_quadrant": {
    "INEFFICIENT": 564050.6490843643,
    "OVERSUPPLY": 386050.8476488773,
    "SOCIAL_OBLIGATION": 40234.68081101536,
    "UNDERSUPPLY": 2437214.249031436
  },
  "contribution_by_quadrant": {
    "INEFFICIENT": -306962.4509156357,
    "OVERSUPPLY": 38320.16764887733,
    "SOCIAL_OBLIGATION": -2112.519188984639,
    "UNDERSUPPLY": 774874.2690314361
  }
}