{
  "depot": "JANGAON",
  "target_date": "2026-05-04",
  "predicted_depot_pkm": 2463752.75,
  "total_services": 115,
  "count_add_slot": 65,
  "count_cut": 0,
  "count_no_change": 50,
  "total_allocated_pkm": 2061361.6579327832,
  "quadrant_counts": {
    "UNDERSUPPLY": 88,
    "OVERSUPPLY": 19,
    "INEFFICIENT": 8
  },
  "quadrant_pcts": {
    "UNDERSUPPLY": 76.5,
    "OVERSUPPLY": 16.5,
    "INEFFICIENT": 7.0
  },
  "total_revenue": 2388034.6783864307,
  "total_contribution": 1603156.9983864303,
  "total_planned_kms": 49455.0,
  "depot_avg_epk": 48.70455607037399,
  "depot_avg_or": 0.8168843500358015,
  "revenue_by_quadrant": {
    "INEFFICIENT": 0.0,
    "OVERSUPPLY": 322634.09322331485,
    "UNDERSUPPLY": 2065400.5851631158
  },
  "contribution_by_quadrant": {
    "INEFFICIENT": -59123.96000000001,
    "OVERSUPPLY": 159334.20322331483,
    "UNDERSUPPLY": 1502946.755163116
  }
}