{
  "depot": "WARANGAL-II",
  "target_date": "2026-04-17",
  "predicted_depot_pkm": 2650120.5,
  "total_services": 158,
  "count_add_slot": 37,
  "count_cut": 0,
  "count_no_change": 121,
  "total_allocated_pkm": 2634006.932012651,
  "quadrant_counts": {
    "UNDERSUPPLY": 86,
    "INEFFICIENT": 46,
    "OVERSUPPLY": 21,
    "SOCIAL_OBLIGATION": 5
  },
  "quadrant_pcts": {
    "UNDERSUPPLY": 54.4,
    "INEFFICIENT": 29.1,
    "OVERSUPPLY": 13.3,
    "SOCIAL_OBLIGATION": 3.2
  },
  "total_revenue": 3464922.1681636334,
  "total_contribution": 541491.2081636332,
  "total_planned_kms": 75132.0,
  "depot_avg_epk": 46.275214796199556,
  "depot_avg_or": 0.721823616369667,
  "revenue_by_quadrant": {
    "INEFFICIENT": 744184.8627799002,
    "OVERSUPPLY": 402149.4120312718,
    "SOCIAL_OBLIGATION": 102217.52215506567,
    "UNDERSUPPLY": 2216370.3711973955
  },
  "contribution_by_quadrant": {
    "INEFFICIENT": -210567.43722009982,
    "OVERSUPPLY": 47339.51203127178,
    "SOCIAL_OBLIGATION": -3650.477844934314,
    "UNDERSUPPLY": 708369.6111973956
  }
}