{
  "depot": "NARSAMPET",
  "target_date": "2026-04-17",
  "predicted_depot_pkm": 1621905.375,
  "total_services": 94,
  "count_add_slot": 49,
  "count_cut": 0,
  "count_no_change": 45,
  "total_allocated_pkm": 1558344.3023810135,
  "quadrant_counts": {
    "UNDERSUPPLY": 67,
    "OVERSUPPLY": 21,
    "INEFFICIENT": 6
  },
  "quadrant_pcts": {
    "UNDERSUPPLY": 71.3,
    "OVERSUPPLY": 22.3,
    "INEFFICIENT": 6.4
  },
  "total_revenue": 1859599.1849737666,
  "total_contribution": 987706.9849737666,
  "total_planned_kms": 40599.0,
  "depot_avg_epk": 45.79499775099387,
  "depot_avg_or": 0.7896378721978131,
  "revenue_by_quadrant": {
    "INEFFICIENT": 14733.767019195117,
    "OVERSUPPLY": 349098.72778025136,
    "UNDERSUPPLY": 1495766.6901743202
  },
  "contribution_by_quadrant": {
    "INEFFICIENT": -30129.83298080488,
    "OVERSUPPLY": 140804.26778025136,
    "UNDERSUPPLY": 877032.5501743202
  }
}