{
  "depot": "NIZAMABAD-I",
  "target_date": "2026-04-17",
  "predicted_depot_pkm": 1689876.5,
  "total_services": 125,
  "count_add_slot": 18,
  "count_cut": 0,
  "count_no_change": 107,
  "total_allocated_pkm": 1369449.7843656377,
  "quadrant_counts": {
    "OVERSUPPLY": 68,
    "UNDERSUPPLY": 39,
    "INEFFICIENT": 18
  },
  "quadrant_pcts": {
    "OVERSUPPLY": 54.4,
    "UNDERSUPPLY": 31.2,
    "INEFFICIENT": 14.4
  },
  "total_revenue": 1825573.1755123544,
  "total_contribution": 837849.1955123541,
  "total_planned_kms": 51753.0,
  "depot_avg_epk": 37.38671792967976,
  "depot_avg_or": 0.5757725602105569,
  "revenue_by_quadrant": {
    "INEFFICIENT": 26710.453113559986,
    "OVERSUPPLY": 1015600.0789864267,
    "UNDERSUPPLY": 783262.6434123677
  },
  "contribution_by_quadrant": {
    "INEFFICIENT": -156738.50688644,
    "OVERSUPPLY": 494927.5189864267,
    "UNDERSUPPLY": 499660.1834123676
  }
}