{
  "depot": "BANSWADA",
  "target_date": "2026-04-17",
  "predicted_depot_pkm": 1610931.875,
  "total_services": 92,
  "count_add_slot": 26,
  "count_cut": 0,
  "count_no_change": 66,
  "total_allocated_pkm": 1504622.7531833225,
  "quadrant_counts": {
    "UNDERSUPPLY": 60,
    "OVERSUPPLY": 23,
    "INEFFICIENT": 9
  },
  "quadrant_pcts": {
    "UNDERSUPPLY": 65.2,
    "OVERSUPPLY": 25.0,
    "INEFFICIENT": 9.8
  },
  "total_revenue": 1799305.2082988473,
  "total_contribution": 1095934.0182988474,
  "total_planned_kms": 37832.0,
  "depot_avg_epk": 46.60943236440876,
  "depot_avg_or": 0.7040293186798887,
  "revenue_by_quadrant": {
    "INEFFICIENT": 16139.356664307812,
    "OVERSUPPLY": 308573.9993251747,
    "UNDERSUPPLY": 1474591.8523093648
  },
  "contribution_by_quadrant": {
    "INEFFICIENT": -50074.28333569219,
    "OVERSUPPLY": 149470.33932517472,
    "UNDERSUPPLY": 996537.9623093648
  }
}