{
  "depot": "BHUPALAPALLAY",
  "target_date": "2026-04-17",
  "predicted_depot_pkm": 1450414.375,
  "total_services": 86,
  "count_add_slot": 22,
  "count_cut": 0,
  "count_no_change": 64,
  "total_allocated_pkm": 1407902.9762570395,
  "quadrant_counts": {
    "UNDERSUPPLY": 50,
    "OVERSUPPLY": 27,
    "INEFFICIENT": 9
  },
  "quadrant_pcts": {
    "UNDERSUPPLY": 58.1,
    "OVERSUPPLY": 31.4,
    "INEFFICIENT": 10.5
  },
  "total_revenue": 1776030.9728161045,
  "total_contribution": 938979.6328161042,
  "total_planned_kms": 40104.0,
  "depot_avg_epk": 44.1331621159086,
  "depot_avg_or": 0.6859009471682076,
  "revenue_by_quadrant": {
    "INEFFICIENT": 45910.38318293014,
    "OVERSUPPLY": 452049.7239680181,
    "UNDERSUPPLY": 1278070.8656651562
  },
  "contribution_by_quadrant": {
    "INEFFICIENT": -36360.21681706986,
    "OVERSUPPLY": 201449.16396801808,
    "UNDERSUPPLY": 773890.6856651562
  }
}