{
  "depot": "IBRAHIMPATNAM",
  "target_date": "2026-04-17",
  "predicted_depot_pkm": 2038070.25,
  "total_services": 189,
  "count_add_slot": 136,
  "count_cut": 0,
  "count_no_change": 53,
  "total_allocated_pkm": 1883013.9852058468,
  "quadrant_counts": {
    "UNDERSUPPLY": 154,
    "OVERSUPPLY": 32,
    "INEFFICIENT": 3
  },
  "quadrant_pcts": {
    "UNDERSUPPLY": 81.5,
    "OVERSUPPLY": 16.9,
    "INEFFICIENT": 1.6
  },
  "total_revenue": 2517201.220994437,
  "total_contribution": 1638611.0889944378,
  "total_planned_kms": 44778.7,
  "depot_avg_epk": 58.496925463238014,
  "depot_avg_or": 0.9544767199296624,
  "revenue_by_quadrant": {
    "INEFFICIENT": 19661.398817067027,
    "OVERSUPPLY": 261308.92471302688,
    "UNDERSUPPLY": 2236230.897464344
  },
  "contribution_by_quadrant": {
    "INEFFICIENT": -1324.2011829329713,
    "OVERSUPPLY": 81837.47471302688,
    "UNDERSUPPLY": 1558097.8154643439
  }
}