{
  "depot": "HANAMKONDA",
  "target_date": "2026-04-17",
  "predicted_depot_pkm": 2022895.75,
  "total_services": 169,
  "count_add_slot": 66,
  "count_cut": 0,
  "count_no_change": 103,
  "total_allocated_pkm": 1962484.4151863165,
  "quadrant_counts": {
    "UNDERSUPPLY": 104,
    "OVERSUPPLY": 43,
    "INEFFICIENT": 21,
    "SOCIAL_OBLIGATION": 1
  },
  "quadrant_pcts": {
    "UNDERSUPPLY": 61.5,
    "OVERSUPPLY": 25.4,
    "INEFFICIENT": 12.4,
    "SOCIAL_OBLIGATION": 0.6
  },
  "total_revenue": 2424827.2097670548,
  "total_contribution": 932284.6997670545,
  "total_planned_kms": 53984.0,
  "depot_avg_epk": 52.27617299722654,
  "depot_avg_or": 0.8520852766334819,
  "revenue_by_quadrant": {
    "INEFFICIENT": 269154.51958359836,
    "OVERSUPPLY": 734960.9276979652,
    "SOCIAL_OBLIGATION": 19466.439111170603,
    "UNDERSUPPLY": 1401245.3233743205
  },
  "contribution_by_quadrant": {
    "INEFFICIENT": -51160.870416401674,
    "OVERSUPPLY": 287063.4576979652,
    "SOCIAL_OBLIGATION": -12.36088882940021,
    "UNDERSUPPLY": 696394.4733743205
  }
}