{
  "depot": "MAHABOOBABAD",
  "target_date": "2026-04-17",
  "predicted_depot_pkm": 1283822.25,
  "total_services": 76,
  "count_add_slot": 34,
  "count_cut": 0,
  "count_no_change": 42,
  "total_allocated_pkm": 1241252.436076282,
  "quadrant_counts": {
    "UNDERSUPPLY": 51,
    "OVERSUPPLY": 19,
    "INEFFICIENT": 6
  },
  "quadrant_pcts": {
    "UNDERSUPPLY": 67.1,
    "OVERSUPPLY": 25.0,
    "INEFFICIENT": 7.9
  },
  "total_revenue": 1440059.0048586354,
  "total_contribution": 881571.2148586351,
  "total_planned_kms": 31066.0,
  "depot_avg_epk": 45.63679927411234,
  "depot_avg_or": 0.7357925432228442,
  "revenue_by_quadrant": {
    "INEFFICIENT": 10170.03734987401,
    "OVERSUPPLY": 276294.67572787876,
    "UNDERSUPPLY": 1153594.2917808823
  },
  "contribution_by_quadrant": {
    "INEFFICIENT": -29851.14265012599,
    "OVERSUPPLY": 132991.36572787876,
    "UNDERSUPPLY": 778430.9917808824
  }
}