{
  "depot": "JANGAON",
  "target_date": "2026-04-17",
  "predicted_depot_pkm": 2029996.125,
  "total_services": 115,
  "count_add_slot": 37,
  "count_cut": 0,
  "count_no_change": 78,
  "total_allocated_pkm": 1845135.422748424,
  "quadrant_counts": {
    "UNDERSUPPLY": 71,
    "OVERSUPPLY": 33,
    "INEFFICIENT": 11
  },
  "quadrant_pcts": {
    "UNDERSUPPLY": 61.7,
    "OVERSUPPLY": 28.7,
    "INEFFICIENT": 9.6
  },
  "total_revenue": 2132852.345068547,
  "total_contribution": 1347974.6650685468,
  "total_planned_kms": 49455.0,
  "depot_avg_epk": 43.25201483614493,
  "depot_avg_or": 0.7284742909600063,
  "revenue_by_quadrant": {
    "INEFFICIENT": 30998.93251472503,
    "OVERSUPPLY": 521308.47264679184,
    "UNDERSUPPLY": 1580544.93990703
  },
  "contribution_by_quadrant": {
    "INEFFICIENT": -49932.147485274974,
    "OVERSUPPLY": 266502.9526467918,
    "UNDERSUPPLY": 1131403.8599070301
  }
}