{
  "depot": "KUKATPALLY",
  "target_date": "2026-04-17",
  "predicted_depot_pkm": 1417394.875,
  "total_services": 204,
  "count_add_slot": 129,
  "count_cut": 0,
  "count_no_change": 75,
  "total_allocated_pkm": 1355738.077192869,
  "quadrant_counts": {
    "UNDERSUPPLY": 159,
    "INEFFICIENT": 23,
    "OVERSUPPLY": 22
  },
  "quadrant_pcts": {
    "UNDERSUPPLY": 77.9,
    "INEFFICIENT": 11.3,
    "OVERSUPPLY": 10.8
  },
  "total_revenue": 1854460.0793245127,
  "total_contribution": 1063210.4393245126,
  "total_planned_kms": 38029.06,
  "depot_avg_epk": 54.29250108718299,
  "depot_avg_or": 0.876051511463459,
  "revenue_by_quadrant": {
    "INEFFICIENT": 39461.9546739226,
    "OVERSUPPLY": 157984.9725333015,
    "UNDERSUPPLY": 1657013.1521172884
  },
  "contribution_by_quadrant": {
    "INEFFICIENT": -103801.1153260774,
    "OVERSUPPLY": 58646.33253330152,
    "UNDERSUPPLY": 1108365.2221172885
  }
}