{
  "depot": "BANSWADA",
  "target_date": "2026-04-20",
  "predicted_depot_pkm": 1818279.875,
  "total_services": 92,
  "count_add_slot": 47,
  "count_cut": 0,
  "count_no_change": 45,
  "total_allocated_pkm": 1697682.571372309,
  "quadrant_counts": {
    "UNDERSUPPLY": 69,
    "OVERSUPPLY": 16,
    "INEFFICIENT": 7
  },
  "quadrant_pcts": {
    "UNDERSUPPLY": 75.0,
    "OVERSUPPLY": 17.4,
    "INEFFICIENT": 7.6
  },
  "total_revenue": 2028307.2096958465,
  "total_contribution": 1324936.0196958466,
  "total_planned_kms": 37832.0,
  "depot_avg_epk": 52.536375208444774,
  "depot_avg_or": 0.7934744944581248,
  "revenue_by_quadrant": {
    "INEFFICIENT": 5811.3604068318455,
    "OVERSUPPLY": 200783.8980114005,
    "UNDERSUPPLY": 1821711.9512776143
  },
  "contribution_by_quadrant": {
    "INEFFICIENT": -46912.71959316816,
    "OVERSUPPLY": 91680.4080114005,
    "UNDERSUPPLY": 1280168.3312776142
  }
}