{
  "depot": "MAHABOOBABAD",
  "target_date": "2026-04-20",
  "predicted_depot_pkm": 1438843.75,
  "total_services": 76,
  "count_add_slot": 48,
  "count_cut": 0,
  "count_no_change": 28,
  "total_allocated_pkm": 1402236.6114511895,
  "quadrant_counts": {
    "UNDERSUPPLY": 57,
    "OVERSUPPLY": 13,
    "INEFFICIENT": 6
  },
  "quadrant_pcts": {
    "UNDERSUPPLY": 75.0,
    "OVERSUPPLY": 17.1,
    "INEFFICIENT": 7.9
  },
  "total_revenue": 1625599.5571897898,
  "total_contribution": 1067111.76718979,
  "total_planned_kms": 31066.0,
  "depot_avg_epk": 51.59676497999512,
  "depot_avg_or": 0.8323780945630425,
  "revenue_by_quadrant": {
    "INEFFICIENT": 11061.455919548203,
    "OVERSUPPLY": 194230.60931083397,
    "UNDERSUPPLY": 1420307.4919594077
  },
  "contribution_by_quadrant": {
    "INEFFICIENT": -28959.724080451793,
    "OVERSUPPLY": 96384.25931083395,
    "UNDERSUPPLY": 999687.2319594078
  }
}