{
  "depot": "ARMOOR",
  "target_date": "2026-04-20",
  "predicted_depot_pkm": 1506658.25,
  "total_services": 90,
  "count_add_slot": 34,
  "count_cut": 0,
  "count_no_change": 56,
  "total_allocated_pkm": 1318523.0388099703,
  "quadrant_counts": {
    "UNDERSUPPLY": 55,
    "OVERSUPPLY": 27,
    "INEFFICIENT": 8
  },
  "quadrant_pcts": {
    "UNDERSUPPLY": 61.1,
    "OVERSUPPLY": 30.0,
    "INEFFICIENT": 8.9
  },
  "total_revenue": 1636771.290967107,
  "total_contribution": 955802.0909671072,
  "total_planned_kms": 36987.0,
  "depot_avg_epk": 44.71863206542101,
  "depot_avg_or": 0.725286771386961,
  "revenue_by_quadrant": {
    "INEFFICIENT": 10710.312064972763,
    "OVERSUPPLY": 368224.3359187215,
    "UNDERSUPPLY": 1257836.6429834128
  },
  "contribution_by_quadrant": {
    "INEFFICIENT": -49481.687935027236,
    "OVERSUPPLY": 160361.53591872155,
    "UNDERSUPPLY": 844922.2429834128
  }
}