{
  "depot": "NARSAMPET",
  "target_date": "2026-04-20",
  "predicted_depot_pkm": 1793790.25,
  "total_services": 94,
  "count_add_slot": 63,
  "count_cut": 0,
  "count_no_change": 31,
  "total_allocated_pkm": 1728568.635461345,
  "quadrant_counts": {
    "UNDERSUPPLY": 73,
    "OVERSUPPLY": 16,
    "INEFFICIENT": 5
  },
  "quadrant_pcts": {
    "UNDERSUPPLY": 77.7,
    "OVERSUPPLY": 17.0,
    "INEFFICIENT": 5.3
  },
  "total_revenue": 2061718.0996499604,
  "total_contribution": 1189825.8996499602,
  "total_planned_kms": 40599.0,
  "depot_avg_epk": 50.77979286107599,
  "depot_avg_or": 0.8761924330752702,
  "revenue_by_quadrant": {
    "INEFFICIENT": 10768.757516823509,
    "OVERSUPPLY": 292448.4945539698,
    "UNDERSUPPLY": 1758500.847579167
  },
  "contribution_by_quadrant": {
    "INEFFICIENT": -26470.84248317649,
    "OVERSUPPLY": 129364.11455396985,
    "UNDERSUPPLY": 1086932.627579167
  }
}