{
  "depot": "MAHABOOBABAD",
  "target_date": "2026-03-13",
  "predicted_depot_pkm": 1428033.25,
  "total_services": 76,
  "count_add_slot": 42,
  "count_cut": 3,
  "count_no_change": 31,
  "total_allocated_pkm": 1378281.1365167876,
  "quadrant_counts": {
    "UNDERSUPPLY": 59,
    "OVERSUPPLY": 13,
    "INEFFICIENT": 4
  },
  "quadrant_pcts": {
    "UNDERSUPPLY": 77.6,
    "OVERSUPPLY": 17.1,
    "INEFFICIENT": 5.3
  },
  "total_revenue": 1601808.596088854,
  "total_contribution": 1043320.8060888539,
  "total_planned_kms": 31066.0,
  "depot_avg_epk": 51.05088368321949,
  "depot_avg_or": 0.8469855329200431,
  "revenue_by_quadrant": {
    "INEFFICIENT": 12248.098170922578,
    "OVERSUPPLY": 198399.8045472127,
    "UNDERSUPPLY": 1391160.6933707187
  },
  "contribution_by_quadrant": {
    "INEFFICIENT": -15972.351829077421,
    "OVERSUPPLY": 98605.92454721271,
    "UNDERSUPPLY": 960687.2333707187
  }
}