{
  "depot": "BANSWADA",
  "target_date": "2026-03-13",
  "predicted_depot_pkm": 1618523.125,
  "total_services": 92,
  "count_add_slot": 38,
  "count_cut": 0,
  "count_no_change": 54,
  "total_allocated_pkm": 1535711.6814844327,
  "quadrant_counts": {
    "UNDERSUPPLY": 67,
    "OVERSUPPLY": 20,
    "INEFFICIENT": 5
  },
  "quadrant_pcts": {
    "UNDERSUPPLY": 72.8,
    "OVERSUPPLY": 21.7,
    "INEFFICIENT": 5.4
  },
  "total_revenue": 1849791.4011087215,
  "total_contribution": 1146420.2111087218,
  "total_planned_kms": 37832.0,
  "depot_avg_epk": 47.96529331237556,
  "depot_avg_or": 0.7708835530620926,
  "revenue_by_quadrant": {
    "INEFFICIENT": 15315.198776874739,
    "OVERSUPPLY": 230187.41859666788,
    "UNDERSUPPLY": 1604288.783735179
  },
  "contribution_by_quadrant": {
    "INEFFICIENT": -19336.321223125266,
    "OVERSUPPLY": 87850.80859666786,
    "UNDERSUPPLY": 1077905.723735179
  }
}