{
  "depot": "KARIMNAGAR-I",
  "target_date": "2026-03-13",
  "predicted_depot_pkm": 1619241.625,
  "total_services": 108,
  "count_add_slot": 27,
  "count_cut": 2,
  "count_no_change": 79,
  "total_allocated_pkm": 1552771.4503863396,
  "quadrant_counts": {
    "UNDERSUPPLY": 59,
    "OVERSUPPLY": 44,
    "INEFFICIENT": 5
  },
  "quadrant_pcts": {
    "UNDERSUPPLY": 54.6,
    "OVERSUPPLY": 40.7,
    "INEFFICIENT": 4.6
  },
  "total_revenue": 1943922.19415988,
  "total_contribution": 806390.43415988,
  "total_planned_kms": 47350.0,
  "depot_avg_epk": 42.08767270659925,
  "depot_avg_or": 0.6798330273518497,
  "revenue_by_quadrant": {
    "INEFFICIENT": 11857.268532052836,
    "OVERSUPPLY": 745699.1756907778,
    "UNDERSUPPLY": 1186365.7499370493
  },
  "contribution_by_quadrant": {
    "INEFFICIENT": -33578.571467947164,
    "OVERSUPPLY": 266184.7356907778,
    "UNDERSUPPLY": 573784.2699370495
  }
}