{
  "depot": "KUKATPALLY",
  "target_date": "2026-03-20",
  "predicted_depot_pkm": 1705627.125,
  "total_services": 204,
  "count_add_slot": 71,
  "count_cut": 0,
  "count_no_change": 133,
  "total_allocated_pkm": 1571197.1841105577,
  "quadrant_counts": {
    "UNDERSUPPLY": 129,
    "OVERSUPPLY": 65,
    "INEFFICIENT": 10
  },
  "quadrant_pcts": {
    "UNDERSUPPLY": 63.2,
    "OVERSUPPLY": 31.9,
    "INEFFICIENT": 4.9
  },
  "total_revenue": 2632067.6013231473,
  "total_contribution": 1840819.1013231473,
  "total_planned_kms": 38029.0,
  "depot_avg_epk": 63.76490318523247,
  "depot_avg_or": 0.7787921234170823,
  "revenue_by_quadrant": {
    "INEFFICIENT": 26072.866497123076,
    "OVERSUPPLY": 968064.720572318,
    "UNDERSUPPLY": 1637930.0142537064
  },
  "contribution_by_quadrant": {
    "INEFFICIENT": -21011.58350287692,
    "OVERSUPPLY": 727433.8205723179,
    "UNDERSUPPLY": 1134396.8642537063
  }
}