{
  "depot": "CONTONMENT",
  "target_date": "2026-03-20",
  "predicted_depot_pkm": 1880723.875,
  "total_services": 280,
  "count_add_slot": 144,
  "count_cut": 0,
  "count_no_change": 136,
  "total_allocated_pkm": 1714519.3392602871,
  "quadrant_counts": {
    "UNDERSUPPLY": 172,
    "OVERSUPPLY": 76,
    "INEFFICIENT": 31,
    "SOCIAL_OBLIGATION": 1
  },
  "quadrant_pcts": {
    "UNDERSUPPLY": 61.4,
    "OVERSUPPLY": 27.1,
    "INEFFICIENT": 11.1,
    "SOCIAL_OBLIGATION": 0.4
  },
  "total_revenue": 2680858.2221335797,
  "total_contribution": 1219659.5371335796,
  "total_planned_kms": 46119.0,
  "depot_avg_epk": 61.39134924307175,
  "depot_avg_or": 0.8975705241245251,
  "revenue_by_quadrant": {
    "INEFFICIENT": 104632.51071252284,
    "OVERSUPPLY": 564148.619754797,
    "SOCIAL_OBLIGATION": 7373.4227888249,
    "UNDERSUPPLY": 2004703.668877435
  },
  "contribution_by_quadrant": {
    "INEFFICIENT": -179677.23428747716,
    "OVERSUPPLY": 179533.99975479694,
    "SOCIAL_OBLIGATION": -153.57721117510027,
    "UNDERSUPPLY": 1219956.3488774349
  }
}