{
  "depot": "NIZAMABAD-I",
  "target_date": "2026-03-20",
  "predicted_depot_pkm": 1741829.5,
  "total_services": 125,
  "count_add_slot": 28,
  "count_cut": 0,
  "count_no_change": 97,
  "total_allocated_pkm": 1538382.2286825895,
  "quadrant_counts": {
    "OVERSUPPLY": 62,
    "UNDERSUPPLY": 52,
    "INEFFICIENT": 11
  },
  "quadrant_pcts": {
    "OVERSUPPLY": 49.6,
    "UNDERSUPPLY": 41.6,
    "INEFFICIENT": 8.8
  },
  "total_revenue": 2037083.276600897,
  "total_contribution": 1049359.2966008973,
  "total_planned_kms": 51753.0,
  "depot_avg_epk": 41.66314312479133,
  "depot_avg_or": 0.6426676658031834,
  "revenue_by_quadrant": {
    "INEFFICIENT": 45411.51129113013,
    "OVERSUPPLY": 946820.4185577171,
    "UNDERSUPPLY": 1044851.34675205
  },
  "contribution_by_quadrant": {
    "INEFFICIENT": -84672.02870886987,
    "OVERSUPPLY": 459770.2585577171,
    "UNDERSUPPLY": 674261.0667520501
  }
}