{
  "depot": "JANGAON",
  "target_date": "2026-03-20",
  "predicted_depot_pkm": 2403004.25,
  "total_services": 115,
  "count_add_slot": 74,
  "count_cut": 0,
  "count_no_change": 41,
  "total_allocated_pkm": 2243819.7390610385,
  "quadrant_counts": {
    "UNDERSUPPLY": 96,
    "OVERSUPPLY": 18,
    "INEFFICIENT": 1
  },
  "quadrant_pcts": {
    "UNDERSUPPLY": 83.5,
    "OVERSUPPLY": 15.7,
    "INEFFICIENT": 0.9
  },
  "total_revenue": 2627291.455323922,
  "total_contribution": 1842413.7753239227,
  "total_planned_kms": 49455.0,
  "depot_avg_epk": 53.22761149551985,
  "depot_avg_or": 0.8792414763748673,
  "revenue_by_quadrant": {
    "INEFFICIENT": 1979.054213730515,
    "OVERSUPPLY": 295540.36075637187,
    "UNDERSUPPLY": 2329772.04035382
  },
  "contribution_by_quadrant": {
    "INEFFICIENT": -3252.5457862694857,
    "OVERSUPPLY": 149126.44075637183,
    "UNDERSUPPLY": 1696539.88035382
  }
}