{
  "depot": "HAKIMPET",
  "target_date": "2026-03-20",
  "predicted_depot_pkm": 1363655.625,
  "total_services": 147,
  "count_add_slot": 36,
  "count_cut": 0,
  "count_no_change": 111,
  "total_allocated_pkm": 1298313.339308878,
  "quadrant_counts": {
    "UNDERSUPPLY": 93,
    "OVERSUPPLY": 54
  },
  "quadrant_pcts": {
    "UNDERSUPPLY": 63.3,
    "OVERSUPPLY": 36.7
  },
  "total_revenue": 1768959.8027711757,
  "total_contribution": 960224.4927711757,
  "total_planned_kms": 30757.0,
  "depot_avg_epk": 57.693653639851256,
  "depot_avg_or": 0.7784619863787331,
  "revenue_by_quadrant": {
    "OVERSUPPLY": 616274.0392320934,
    "UNDERSUPPLY": 1152685.7635390824
  },
  "contribution_by_quadrant": {
    "OVERSUPPLY": 291542.4592320934,
    "UNDERSUPPLY": 668682.0335390824
  }
}