{
  "depot": "BHUPALAPALLAY",
  "target_date": "2026-03-20",
  "predicted_depot_pkm": 1575971.375,
  "total_services": 86,
  "count_add_slot": 34,
  "count_cut": 0,
  "count_no_change": 52,
  "total_allocated_pkm": 1523723.1107369217,
  "quadrant_counts": {
    "UNDERSUPPLY": 57,
    "OVERSUPPLY": 23,
    "INEFFICIENT": 6
  },
  "quadrant_pcts": {
    "UNDERSUPPLY": 66.3,
    "OVERSUPPLY": 26.7,
    "INEFFICIENT": 7.0
  },
  "total_revenue": 1924223.1269630971,
  "total_contribution": 1087506.7469630965,
  "total_planned_kms": 40068.0,
  "depot_avg_epk": 47.904138908742034,
  "depot_avg_or": 0.7608096481652353,
  "revenue_by_quadrant": {
    "INEFFICIENT": 20198.453529687988,
    "OVERSUPPLY": 390843.3697853066,
    "UNDERSUPPLY": 1513181.3036481023
  },
  "contribution_by_quadrant": {
    "INEFFICIENT": -35202.466470312014,
    "OVERSUPPLY": 178711.82978530662,
    "UNDERSUPPLY": 943997.3836481023
  }
}