{
  "depot": "BANSWADA",
  "target_date": "2026-05-10",
  "predicted_depot_pkm": 1669244.625,
  "total_services": 92,
  "count_add_slot": 28,
  "count_cut": 0,
  "count_no_change": 64,
  "total_allocated_pkm": 1552650.1341813991,
  "quadrant_counts": {
    "UNDERSUPPLY": 67,
    "OVERSUPPLY": 19,
    "INEFFICIENT": 6
  },
  "quadrant_pcts": {
    "UNDERSUPPLY": 72.8,
    "OVERSUPPLY": 20.7,
    "INEFFICIENT": 6.5
  },
  "total_revenue": 1850747.13576325,
  "total_contribution": 1147375.94576325,
  "total_planned_kms": 37832.0,
  "depot_avg_epk": 48.381757611633276,
  "depot_avg_or": 0.7325290926943708,
  "revenue_by_quadrant": {
    "INEFFICIENT": 3932.495498527542,
    "OVERSUPPLY": 270364.9797416619,
    "UNDERSUPPLY": 1576449.6605230607
  },
  "contribution_by_quadrant": {
    "INEFFICIENT": -40968.854501472466,
    "OVERSUPPLY": 128103.3697416619,
    "UNDERSUPPLY": 1060241.4305230607
  }
}