{
  "depot": "HANAMKONDA",
  "target_date": "2026-05-10",
  "predicted_depot_pkm": 2017301.375,
  "total_services": 169,
  "count_add_slot": 60,
  "count_cut": 5,
  "count_no_change": 104,
  "total_allocated_pkm": 1903357.7521764094,
  "quadrant_counts": {
    "UNDERSUPPLY": 97,
    "OVERSUPPLY": 49,
    "INEFFICIENT": 19,
    "SOCIAL_OBLIGATION": 4
  },
  "quadrant_pcts": {
    "UNDERSUPPLY": 57.4,
    "OVERSUPPLY": 29.0,
    "INEFFICIENT": 11.2,
    "SOCIAL_OBLIGATION": 2.4
  },
  "total_revenue": 2344504.3090877,
  "total_contribution": 851961.7990877,
  "total_planned_kms": 53984.0,
  "depot_avg_epk": 49.16309171420898,
  "depot_avg_or": 0.801235273267882,
  "revenue_by_quadrant": {
    "INEFFICIENT": 170530.70761237328,
    "OVERSUPPLY": 752256.8440464118,
    "SOCIAL_OBLIGATION": 61159.605182155065,
    "UNDERSUPPLY": 1360557.15224676
  },
  "contribution_by_quadrant": {
    "INEFFICIENT": -54795.58238762673,
    "OVERSUPPLY": 284354.61404641176,
    "SOCIAL_OBLIGATION": -154.34481784493983,
    "UNDERSUPPLY": 622557.1122467598
  }
}