{
  "depot": "WARANGAL-I",
  "target_date": "2026-05-10",
  "predicted_depot_pkm": 2012182.875,
  "total_services": 130,
  "count_add_slot": 18,
  "count_cut": 1,
  "count_no_change": 111,
  "total_allocated_pkm": 1878300.0964896623,
  "quadrant_counts": {
    "OVERSUPPLY": 67,
    "UNDERSUPPLY": 59,
    "INEFFICIENT": 4
  },
  "quadrant_pcts": {
    "OVERSUPPLY": 51.5,
    "UNDERSUPPLY": 45.4,
    "INEFFICIENT": 3.1
  },
  "total_revenue": 2790019.779458029,
  "total_contribution": 1264625.7594580294,
  "total_planned_kms": 67106.0,
  "depot_avg_epk": 42.854997822144355,
  "depot_avg_or": 0.6627114822643585,
  "revenue_by_quadrant": {
    "INEFFICIENT": 34318.88302546163,
    "OVERSUPPLY": 1476134.4366131683,
    "UNDERSUPPLY": 1279566.4598193993
  },
  "contribution_by_quadrant": {
    "INEFFICIENT": -5481.9969745383705,
    "OVERSUPPLY": 629152.2966131684,
    "UNDERSUPPLY": 640955.4598193992
  }
}