{
  "depot": "MANCHERIAL",
  "target_date": "2026-05-10",
  "predicted_depot_pkm": 2258170.5,
  "total_services": 146,
  "count_add_slot": 51,
  "count_cut": 0,
  "count_no_change": 95,
  "total_allocated_pkm": 2210841.5183452633,
  "quadrant_counts": {
    "UNDERSUPPLY": 91,
    "OVERSUPPLY": 48,
    "INEFFICIENT": 7
  },
  "quadrant_pcts": {
    "UNDERSUPPLY": 62.3,
    "OVERSUPPLY": 32.9,
    "INEFFICIENT": 4.8
  },
  "total_revenue": 2801134.6643218426,
  "total_contribution": 1257559.6643218426,
  "total_planned_kms": 61743.0,
  "depot_avg_epk": 45.598239165174135,
  "depot_avg_or": 0.7424151293205938,
  "revenue_by_quadrant": {
    "INEFFICIENT": 26493.500906681173,
    "OVERSUPPLY": 882721.1560700432,
    "UNDERSUPPLY": 1891920.0073451183
  },
  "contribution_by_quadrant": {
    "INEFFICIENT": -30081.499093318827,
    "OVERSUPPLY": 291996.1560700432,
    "UNDERSUPPLY": 995645.0073451182
  }
}