{
  "depot": "SATTUPALLY",
  "target_date": "2026-05-10",
  "predicted_depot_pkm": 1693983.375,
  "total_services": 105,
  "count_add_slot": 25,
  "count_cut": 2,
  "count_no_change": 78,
  "total_allocated_pkm": 1515226.2172071068,
  "quadrant_counts": {
    "UNDERSUPPLY": 48,
    "OVERSUPPLY": 48,
    "INEFFICIENT": 9
  },
  "quadrant_pcts": {
    "UNDERSUPPLY": 45.7,
    "OVERSUPPLY": 45.7,
    "INEFFICIENT": 8.6
  },
  "total_revenue": 1998655.340260893,
  "total_contribution": 798680.340260893,
  "total_planned_kms": 47999.0,
  "depot_avg_epk": 42.06756848523231,
  "depot_avg_or": 0.6745244186793461,
  "revenue_by_quadrant": {
    "INEFFICIENT": 53615.73646329915,
    "OVERSUPPLY": 845832.9316783064,
    "UNDERSUPPLY": 1099206.6721192873
  },
  "contribution_by_quadrant": {
    "INEFFICIENT": -60859.26353670085,
    "OVERSUPPLY": 266432.9316783064,
    "UNDERSUPPLY": 593106.6721192874
  }
}