{
  "depot": "HAYATHNAGAR-II",
  "target_date": "2026-05-10",
  "predicted_depot_pkm": 1147244.5,
  "total_services": 169,
  "count_add_slot": 150,
  "count_cut": 0,
  "count_no_change": 19,
  "total_allocated_pkm": 1132860.9559316938,
  "quadrant_counts": {
    "UNDERSUPPLY": 155,
    "OVERSUPPLY": 11,
    "INEFFICIENT": 3
  },
  "quadrant_pcts": {
    "UNDERSUPPLY": 91.7,
    "OVERSUPPLY": 6.5,
    "INEFFICIENT": 1.8
  },
  "total_revenue": 1778590.2111974908,
  "total_contribution": 1110797.7111974908,
  "total_planned_kms": 26711.699999999997,
  "depot_avg_epk": 67.43425081418769,
  "depot_avg_or": 1.2271941260364807,
  "revenue_by_quadrant": {
    "INEFFICIENT": 7537.5298298352045,
    "OVERSUPPLY": 49349.533039164526,
    "UNDERSUPPLY": 1721703.1483284913
  },
  "contribution_by_quadrant": {
    "INEFFICIENT": -2715.9701701647955,
    "OVERSUPPLY": 11097.53303916453,
    "UNDERSUPPLY": 1102416.1483284913
  }
}