{
  "depot": "ARMOOR",
  "target_date": "2026-05-10",
  "predicted_depot_pkm": 1428012.25,
  "total_services": 90,
  "count_add_slot": 30,
  "count_cut": 2,
  "count_no_change": 58,
  "total_allocated_pkm": 1258381.2235971503,
  "quadrant_counts": {
    "UNDERSUPPLY": 48,
    "OVERSUPPLY": 33,
    "INEFFICIENT": 9
  },
  "quadrant_pcts": {
    "UNDERSUPPLY": 53.3,
    "OVERSUPPLY": 36.7,
    "INEFFICIENT": 10.0
  },
  "total_revenue": 1568305.8345280937,
  "total_contribution": 887336.6345280936,
  "total_planned_kms": 36987.0,
  "depot_avg_epk": 42.97453746600602,
  "depot_avg_or": 0.6967066794995924,
  "revenue_by_quadrant": {
    "INEFFICIENT": 13564.330146386032,
    "OVERSUPPLY": 533716.1403899947,
    "UNDERSUPPLY": 1021025.3639917128
  },
  "contribution_by_quadrant": {
    "INEFFICIENT": -54878.00985361397,
    "OVERSUPPLY": 250661.18038999478,
    "UNDERSUPPLY": 691553.4639917128
  }
}