{
  "depot": "KALVAKURTHY",
  "target_date": "2026-05-10",
  "predicted_depot_pkm": 1939500.625,
  "total_services": 98,
  "count_add_slot": 47,
  "count_cut": 1,
  "count_no_change": 50,
  "total_allocated_pkm": 1843841.6821486698,
  "quadrant_counts": {
    "UNDERSUPPLY": 71,
    "OVERSUPPLY": 22,
    "INEFFICIENT": 5
  },
  "quadrant_pcts": {
    "UNDERSUPPLY": 72.4,
    "OVERSUPPLY": 22.4,
    "INEFFICIENT": 5.1
  },
  "total_revenue": 2095226.4219445854,
  "total_contribution": 1010251.4219445859,
  "total_planned_kms": 43399.0,
  "depot_avg_epk": 48.503021146990726,
  "depot_avg_or": 0.8078751775712234,
  "revenue_by_quadrant": {
    "INEFFICIENT": 18134.781604142863,
    "OVERSUPPLY": 408819.15473523835,
    "UNDERSUPPLY": 1668272.4856052045
  },
  "contribution_by_quadrant": {
    "INEFFICIENT": -27065.218395857137,
    "OVERSUPPLY": 123369.15473523833,
    "UNDERSUPPLY": 913947.4856052046
  }
}