{
  "depot": "NARSAPUR",
  "target_date": "2026-05-10",
  "predicted_depot_pkm": 685656.875,
  "total_services": 35,
  "count_add_slot": 21,
  "count_cut": 2,
  "count_no_change": 12,
  "total_allocated_pkm": 675356.9855171861,
  "quadrant_counts": {
    "UNDERSUPPLY": 24,
    "INEFFICIENT": 6,
    "OVERSUPPLY": 5
  },
  "quadrant_pcts": {
    "UNDERSUPPLY": 68.6,
    "INEFFICIENT": 17.1,
    "OVERSUPPLY": 14.3
  },
  "total_revenue": 759705.7922847214,
  "total_contribution": 426355.7922847214,
  "total_planned_kms": 13334.0,
  "depot_avg_epk": 55.03773283707693,
  "depot_avg_or": 0.8644110781131723,
  "revenue_by_quadrant": {
    "INEFFICIENT": 10116.758041431596,
    "OVERSUPPLY": 73802.02632308772,
    "UNDERSUPPLY": 675787.0079202021
  },
  "contribution_by_quadrant": {
    "INEFFICIENT": -39708.241958568404,
    "OVERSUPPLY": 28802.02632308771,
    "UNDERSUPPLY": 437262.0079202021
  }
}