{
  "depot": "HUSNABAD",
  "target_date": "2026-05-10",
  "predicted_depot_pkm": 1122531.875,
  "total_services": 66,
  "count_add_slot": 28,
  "count_cut": 2,
  "count_no_change": 36,
  "total_allocated_pkm": 1090979.890741903,
  "quadrant_counts": {
    "UNDERSUPPLY": 44,
    "OVERSUPPLY": 18,
    "INEFFICIENT": 4
  },
  "quadrant_pcts": {
    "UNDERSUPPLY": 66.7,
    "OVERSUPPLY": 27.3,
    "INEFFICIENT": 6.1
  },
  "total_revenue": 1279765.8092726676,
  "total_contribution": 628490.8092726679,
  "total_planned_kms": 26051.0,
  "depot_avg_epk": 49.41225858671108,
  "depot_avg_or": 0.790147472105105,
  "revenue_by_quadrant": {
    "INEFFICIENT": 7317.886280182476,
    "OVERSUPPLY": 309630.3300367566,
    "UNDERSUPPLY": 962817.5929557286
  },
  "contribution_by_quadrant": {
    "INEFFICIENT": -28132.113719817524,
    "OVERSUPPLY": 109355.33003675661,
    "UNDERSUPPLY": 547267.5929557286
  }
}