{
  "depot": "KACHEGUDA",
  "target_date": "2026-05-10",
  "predicted_depot_pkm": 1360093.5,
  "total_services": 177,
  "count_add_slot": 126,
  "count_cut": 0,
  "count_no_change": 51,
  "total_allocated_pkm": 1276404.8333960003,
  "quadrant_counts": {
    "UNDERSUPPLY": 129,
    "INEFFICIENT": 37,
    "OVERSUPPLY": 11
  },
  "quadrant_pcts": {
    "UNDERSUPPLY": 72.9,
    "INEFFICIENT": 20.9,
    "OVERSUPPLY": 6.2
  },
  "total_revenue": 1716495.0970497103,
  "total_contribution": 932495.0970497103,
  "total_planned_kms": 31360.0,
  "depot_avg_epk": 59.78372377930383,
  "depot_avg_or": 0.9760788211453213,
  "revenue_by_quadrant": {
    "INEFFICIENT": 16276.834295855904,
    "OVERSUPPLY": 77075.6348219209,
    "UNDERSUPPLY": 1623142.6279319336
  },
  "contribution_by_quadrant": {
    "INEFFICIENT": -181948.1657041441,
    "OVERSUPPLY": 22925.634821920903,
    "UNDERSUPPLY": 1091517.6279319336
  }
}