{
  "depot": "THORROR",
  "target_date": "2026-05-10",
  "predicted_depot_pkm": 1812108.375,
  "total_services": 94,
  "count_add_slot": 43,
  "count_cut": 4,
  "count_no_change": 47,
  "total_allocated_pkm": 1713828.2518515114,
  "quadrant_counts": {
    "UNDERSUPPLY": 74,
    "OVERSUPPLY": 16,
    "INEFFICIENT": 4
  },
  "quadrant_pcts": {
    "UNDERSUPPLY": 78.7,
    "OVERSUPPLY": 17.0,
    "INEFFICIENT": 4.3
  },
  "total_revenue": 2133615.6047861553,
  "total_contribution": 1195884.8347861553,
  "total_planned_kms": 40942.0,
  "depot_avg_epk": 52.36135457957717,
  "depot_avg_or": 0.8294039829667956,
  "revenue_by_quadrant": {
    "INEFFICIENT": 18656.891167732596,
    "OVERSUPPLY": 270041.4690164507,
    "UNDERSUPPLY": 1844917.2446019722
  },
  "contribution_by_quadrant": {
    "INEFFICIENT": -14309.638832267403,
    "OVERSUPPLY": 115641.9290164507,
    "UNDERSUPPLY": 1094552.544601972
  }
}