{
  "depot": "JANGAON",
  "target_date": "2026-05-10",
  "predicted_depot_pkm": 2271190.25,
  "total_services": 115,
  "count_add_slot": 58,
  "count_cut": 1,
  "count_no_change": 56,
  "total_allocated_pkm": 1998578.2433367234,
  "quadrant_counts": {
    "UNDERSUPPLY": 83,
    "OVERSUPPLY": 23,
    "INEFFICIENT": 9
  },
  "quadrant_pcts": {
    "UNDERSUPPLY": 72.2,
    "OVERSUPPLY": 20.0,
    "INEFFICIENT": 7.8
  },
  "total_revenue": 2309683.549480654,
  "total_contribution": 1524805.869480654,
  "total_planned_kms": 49455.0,
  "depot_avg_epk": 47.02557594607399,
  "depot_avg_or": 0.7911548732710852,
  "revenue_by_quadrant": {
    "INEFFICIENT": 4092.647516363749,
    "OVERSUPPLY": 384215.3040832414,
    "UNDERSUPPLY": 1921375.597881049
  },
  "contribution_by_quadrant": {
    "INEFFICIENT": -63982.592483636254,
    "OVERSUPPLY": 194001.95408324135,
    "UNDERSUPPLY": 1394786.5078810488
  }
}