{
  "depot": "WARANGAL-II",
  "target_date": "2026-05-10",
  "predicted_depot_pkm": 2598226.25,
  "total_services": 158,
  "count_add_slot": 34,
  "count_cut": 1,
  "count_no_change": 123,
  "total_allocated_pkm": 2562613.82795888,
  "quadrant_counts": {
    "UNDERSUPPLY": 84,
    "INEFFICIENT": 42,
    "OVERSUPPLY": 27,
    "SOCIAL_OBLIGATION": 5
  },
  "quadrant_pcts": {
    "UNDERSUPPLY": 53.2,
    "INEFFICIENT": 26.6,
    "OVERSUPPLY": 17.1,
    "SOCIAL_OBLIGATION": 3.2
  },
  "total_revenue": 3357975.473221522,
  "total_contribution": 434544.5132215221,
  "total_planned_kms": 75132.0,
  "depot_avg_epk": 44.99667493409907,
  "depot_avg_or": 0.7003416720239246,
  "revenue_by_quadrant": {
    "INEFFICIENT": 558380.4039429966,
    "OVERSUPPLY": 521567.5671073382,
    "SOCIAL_OBLIGATION": 103382.03574299949,
    "UNDERSUPPLY": 2174645.4664281877
  },
  "contribution_by_quadrant": {
    "INEFFICIENT": -299627.6760570034,
    "OVERSUPPLY": 57199.74710733822,
    "SOCIAL_OBLIGATION": -2485.9642570004944,
    "UNDERSUPPLY": 679458.4064281877
  }
}