{
  "depot": "HAKIMPET",
  "target_date": "2026-05-10",
  "predicted_depot_pkm": 1177901.625,
  "total_services": 152,
  "count_add_slot": 86,
  "count_cut": 0,
  "count_no_change": 66,
  "total_allocated_pkm": 1140444.3968458143,
  "quadrant_counts": {
    "UNDERSUPPLY": 131,
    "OVERSUPPLY": 21
  },
  "quadrant_pcts": {
    "UNDERSUPPLY": 86.2,
    "OVERSUPPLY": 13.8
  },
  "total_revenue": 1539685.1563526602,
  "total_contribution": 718333.80005266,
  "total_planned_kms": 31321.69,
  "depot_avg_epk": 50.29002512502424,
  "depot_avg_or": 0.8631503430156804,
  "revenue_by_quadrant": {
    "OVERSUPPLY": 195689.93761319594,
    "UNDERSUPPLY": 1343995.2187394642
  },
  "contribution_by_quadrant": {
    "OVERSUPPLY": 61434.36281319594,
    "UNDERSUPPLY": 656899.4372394641
  }
}