{
  "depot": "KOLLAPUR",
  "target_date": "2026-05-10",
  "predicted_depot_pkm": 1432881.0,
  "total_services": 65,
  "count_add_slot": 48,
  "count_cut": 0,
  "count_no_change": 17,
  "total_allocated_pkm": 1395823.373253339,
  "quadrant_counts": {
    "UNDERSUPPLY": 55,
    "OVERSUPPLY": 9,
    "INEFFICIENT": 1
  },
  "quadrant_pcts": {
    "UNDERSUPPLY": 84.6,
    "OVERSUPPLY": 13.8,
    "INEFFICIENT": 1.5
  },
  "total_revenue": 1665159.7184199323,
  "total_contribution": 928984.7184199323,
  "total_planned_kms": 29447.0,
  "depot_avg_epk": 57.578256975782004,
  "depot_avg_or": 0.9372323194495417,
  "revenue_by_quadrant": {
    "INEFFICIENT": 4420.7506025816865,
    "OVERSUPPLY": 173348.71679112193,
    "UNDERSUPPLY": 1487390.2510262285
  },
  "contribution_by_quadrant": {
    "INEFFICIENT": -6754.2493974183135,
    "OVERSUPPLY": 45348.71679112193,
    "UNDERSUPPLY": 890390.2510262285
  }
}