{
  "depot": "NARAYANPET",
  "target_date": "2026-05-10",
  "predicted_depot_pkm": 1928234.75,
  "total_services": 95,
  "count_add_slot": 58,
  "count_cut": 0,
  "count_no_change": 37,
  "total_allocated_pkm": 1832852.2372171474,
  "quadrant_counts": {
    "UNDERSUPPLY": 74,
    "OVERSUPPLY": 16,
    "INEFFICIENT": 5
  },
  "quadrant_pcts": {
    "UNDERSUPPLY": 77.9,
    "OVERSUPPLY": 16.8,
    "INEFFICIENT": 5.3
  },
  "total_revenue": 2213251.0639865235,
  "total_contribution": 1172988.5639865242,
  "total_planned_kms": 41610.5,
  "depot_avg_epk": 53.43807444143175,
  "depot_avg_or": 0.8628038676578861,
  "revenue_by_quadrant": {
    "INEFFICIENT": 36170.1814783625,
    "OVERSUPPLY": 231968.9211074512,
    "UNDERSUPPLY": 1945111.9614007103
  },
  "contribution_by_quadrant": {
    "INEFFICIENT": -9529.818521637502,
    "OVERSUPPLY": 59518.921107451206,
    "UNDERSUPPLY": 1122999.4614007103
  }
}