{
  "depot": "MANTHANI",
  "target_date": "2026-05-10",
  "predicted_depot_pkm": 972523.25,
  "total_services": 50,
  "count_add_slot": 18,
  "count_cut": 1,
  "count_no_change": 31,
  "total_allocated_pkm": 900264.1088090859,
  "quadrant_counts": {
    "UNDERSUPPLY": 34,
    "OVERSUPPLY": 15,
    "INEFFICIENT": 1
  },
  "quadrant_pcts": {
    "UNDERSUPPLY": 68.0,
    "OVERSUPPLY": 30.0,
    "INEFFICIENT": 2.0
  },
  "total_revenue": 1135918.3389190391,
  "total_contribution": 552368.3389190391,
  "total_planned_kms": 23342.0,
  "depot_avg_epk": 48.80777632894183,
  "depot_avg_or": 0.7787602141783802,
  "revenue_by_quadrant": {
    "INEFFICIENT": 2575.6541077507186,
    "OVERSUPPLY": 247216.42902484714,
    "UNDERSUPPLY": 886126.2557864413
  },
  "contribution_by_quadrant": {
    "INEFFICIENT": -5174.345892249281,
    "OVERSUPPLY": 63316.42902484715,
    "UNDERSUPPLY": 494226.2557864412
  }
}