{
  "depot": "GADWAL",
  "target_date": "2026-05-10",
  "predicted_depot_pkm": 1916788.875,
  "total_services": 104,
  "count_add_slot": 41,
  "count_cut": 1,
  "count_no_change": 62,
  "total_allocated_pkm": 1845965.236222652,
  "quadrant_counts": {
    "UNDERSUPPLY": 74,
    "OVERSUPPLY": 27,
    "INEFFICIENT": 3
  },
  "quadrant_pcts": {
    "UNDERSUPPLY": 71.2,
    "OVERSUPPLY": 26.0,
    "INEFFICIENT": 2.9
  },
  "total_revenue": 2174022.625123642,
  "total_contribution": 1063172.625123642,
  "total_planned_kms": 44434.0,
  "depot_avg_epk": 49.28244002153231,
  "depot_avg_or": 0.7837698061175012,
  "revenue_by_quadrant": {
    "INEFFICIENT": 15707.549725087225,
    "OVERSUPPLY": 459548.83090377,
    "UNDERSUPPLY": 1698766.2444947846
  },
  "contribution_by_quadrant": {
    "INEFFICIENT": -16342.450274912775,
    "OVERSUPPLY": 140648.83090376997,
    "UNDERSUPPLY": 938866.2444947846
  }
}