{
  "depot": "BARKATPURA",
  "target_date": "2026-05-10",
  "predicted_depot_pkm": 1460910.125,
  "total_services": 142,
  "count_add_slot": 99,
  "count_cut": 1,
  "count_no_change": 42,
  "total_allocated_pkm": 1426487.9189982754,
  "quadrant_counts": {
    "UNDERSUPPLY": 100,
    "INEFFICIENT": 40,
    "OVERSUPPLY": 2
  },
  "quadrant_pcts": {
    "UNDERSUPPLY": 70.4,
    "INEFFICIENT": 28.2,
    "OVERSUPPLY": 1.4
  },
  "total_revenue": 1908946.8770623785,
  "total_contribution": 1188596.8770623785,
  "total_planned_kms": 28814.0,
  "depot_avg_epk": 64.87389288607645,
  "depot_avg_or": 1.0569160164496867,
  "revenue_by_quadrant": {
    "INEFFICIENT": 33703.21392594417,
    "OVERSUPPLY": 9832.106171705007,
    "UNDERSUPPLY": 1865411.556964729
  },
  "contribution_by_quadrant": {
    "INEFFICIENT": -168021.78607405582,
    "OVERSUPPLY": 2232.106171705006,
    "UNDERSUPPLY": 1354386.556964729
  }
}