{
  "depot": "BHUPALAPALLAY",
  "target_date": "2026-05-10",
  "predicted_depot_pkm": 1427915.5,
  "total_services": 86,
  "count_add_slot": 17,
  "count_cut": 0,
  "count_no_change": 69,
  "total_allocated_pkm": 1348991.2777271962,
  "quadrant_counts": {
    "UNDERSUPPLY": 46,
    "OVERSUPPLY": 29,
    "INEFFICIENT": 11
  },
  "quadrant_pcts": {
    "UNDERSUPPLY": 53.5,
    "OVERSUPPLY": 33.7,
    "INEFFICIENT": 12.8
  },
  "total_revenue": 1700785.828590641,
  "total_contribution": 863734.4885906412,
  "total_planned_kms": 40104.0,
  "depot_avg_epk": 42.40050505641626,
  "depot_avg_or": 0.6598906035707113,
  "revenue_by_quadrant": {
    "INEFFICIENT": 43279.74325383125,
    "OVERSUPPLY": 555951.906133214,
    "UNDERSUPPLY": 1101554.179203596
  },
  "contribution_by_quadrant": {
    "INEFFICIENT": -54799.79674616875,
    "OVERSUPPLY": 267372.74613321404,
    "UNDERSUPPLY": 651161.539203596
  }
}