{
  "depot": "NARKATPALLY",
  "target_date": "2026-05-10",
  "predicted_depot_pkm": 675940.375,
  "total_services": 26,
  "count_add_slot": 23,
  "count_cut": 0,
  "count_no_change": 3,
  "total_allocated_pkm": 639576.5487714577,
  "quadrant_counts": {
    "UNDERSUPPLY": 25,
    "OVERSUPPLY": 1
  },
  "quadrant_pcts": {
    "UNDERSUPPLY": 96.2,
    "OVERSUPPLY": 3.8
  },
  "total_revenue": 713162.0915285283,
  "total_contribution": 454412.09152852825,
  "total_planned_kms": 10350.0,
  "depot_avg_epk": 68.42993711527573,
  "depot_avg_or": 1.107240965975596,
  "revenue_by_quadrant": {
    "OVERSUPPLY": 9911.655224832788,
    "UNDERSUPPLY": 703250.4363036954
  },
  "contribution_by_quadrant": {
    "OVERSUPPLY": 2211.655224832788,
    "UNDERSUPPLY": 452200.43630369543
  }
}