{
  "depot": "KAMAREDDY",
  "target_date": "2026-05-10",
  "predicted_depot_pkm": 1934068.625,
  "total_services": 122,
  "count_add_slot": 22,
  "count_cut": 0,
  "count_no_change": 100,
  "total_allocated_pkm": 1882061.9147124782,
  "quadrant_counts": {
    "OVERSUPPLY": 60,
    "UNDERSUPPLY": 56,
    "INEFFICIENT": 6
  },
  "quadrant_pcts": {
    "OVERSUPPLY": 49.2,
    "UNDERSUPPLY": 45.9,
    "INEFFICIENT": 4.9
  },
  "total_revenue": 2226479.154008915,
  "total_contribution": 954929.1540089152,
  "total_planned_kms": 50862.0,
  "depot_avg_epk": 44.45509785206997,
  "depot_avg_or": 0.6989570662957074,
  "revenue_by_quadrant": {
    "INEFFICIENT": 56959.950210399475,
    "OVERSUPPLY": 981515.0443106118,
    "UNDERSUPPLY": 1188004.159487904
  },
  "contribution_by_quadrant": {
    "INEFFICIENT": -10840.049789600527,
    "OVERSUPPLY": 317765.0443106118,
    "UNDERSUPPLY": 648004.1594879039
  }
}