{
  "depot": "ZAHIRABAD",
  "target_date": "2026-05-10",
  "predicted_depot_pkm": 1600482.5,
  "total_services": 93,
  "count_add_slot": 43,
  "count_cut": 2,
  "count_no_change": 48,
  "total_allocated_pkm": 1396386.8835055649,
  "quadrant_counts": {
    "UNDERSUPPLY": 50,
    "OVERSUPPLY": 22,
    "INEFFICIENT": 21
  },
  "quadrant_pcts": {
    "UNDERSUPPLY": 53.8,
    "OVERSUPPLY": 23.7,
    "INEFFICIENT": 22.6
  },
  "total_revenue": 1704733.7464697259,
  "total_contribution": 735933.7464697257,
  "total_planned_kms": 38752.0,
  "depot_avg_epk": 44.601904446919534,
  "depot_avg_or": 0.705922496360329,
  "revenue_by_quadrant": {
    "INEFFICIENT": 64642.701419621415,
    "OVERSUPPLY": 399981.63830709737,
    "UNDERSUPPLY": 1240109.406743007
  },
  "contribution_by_quadrant": {
    "INEFFICIENT": -128107.29858037859,
    "OVERSUPPLY": 110331.63830709734,
    "UNDERSUPPLY": 753709.406743007
  }
}