{
  "depot": "CONTONMENT",
  "target_date": "2026-05-10",
  "predicted_depot_pkm": 1754127.5,
  "total_services": 280,
  "count_add_slot": 146,
  "count_cut": 0,
  "count_no_change": 134,
  "total_allocated_pkm": 1389201.5980989146,
  "quadrant_counts": {
    "UNDERSUPPLY": 164,
    "OVERSUPPLY": 60,
    "INEFFICIENT": 49,
    "SOCIAL_OBLIGATION": 7
  },
  "quadrant_pcts": {
    "UNDERSUPPLY": 58.6,
    "OVERSUPPLY": 21.4,
    "INEFFICIENT": 17.5,
    "SOCIAL_OBLIGATION": 2.5
  },
  "total_revenue": 2244529.438917678,
  "total_contribution": 783758.3775176782,
  "total_planned_kms": 46115.74,
  "depot_avg_epk": 53.23286488711473,
  "depot_avg_or": 0.8336593120553509,
  "revenue_by_quadrant": {
    "INEFFICIENT": 65026.723925822655,
    "OVERSUPPLY": 409549.7260972955,
    "SOCIAL_OBLIGATION": 40490.72934963257,
    "UNDERSUPPLY": 1729462.2595449274
  },
  "contribution_by_quadrant": {
    "INEFFICIENT": -322630.16947417735,
    "OVERSUPPLY": 111554.13369729555,
    "SOCIAL_OBLIGATION": -11619.270650367424,
    "UNDERSUPPLY": 1006453.6839449274
  }
}