{
  "depot": "HYDERABAD-I",
  "target_date": "2026-03-12",
  "predicted_depot_pkm": 1567817.75,
  "total_services": 112,
  "count_add_slot": 30,
  "count_cut": 3,
  "count_no_change": 79,
  "total_allocated_pkm": 1519226.4596477016,
  "quadrant_counts": {
    "OVERSUPPLY": 54,
    "UNDERSUPPLY": 48,
    "INEFFICIENT": 10
  },
  "quadrant_pcts": {
    "OVERSUPPLY": 48.2,
    "UNDERSUPPLY": 42.9,
    "INEFFICIENT": 8.9
  },
  "total_revenue": 2228521.374352323,
  "total_contribution": 1007800.1343523224,
  "total_planned_kms": 56941.0,
  "depot_avg_epk": 42.02140972471297,
  "depot_avg_or": 0.6450829993230709,
  "revenue_by_quadrant": {
    "INEFFICIENT": 136453.80225598722,
    "OVERSUPPLY": 986295.9460803864,
    "UNDERSUPPLY": 1105771.626015949
  },
  "contribution_by_quadrant": {
    "INEFFICIENT": -48848.65774401277,
    "OVERSUPPLY": 339989.10608038644,
    "UNDERSUPPLY": 716659.6860159489
  }
}