{
  "depot": "ARMOOR",
  "target_date": "2026-03-12",
  "predicted_depot_pkm": 1476504.0,
  "total_services": 90,
  "count_add_slot": 27,
  "count_cut": 2,
  "count_no_change": 61,
  "total_allocated_pkm": 1230802.4220924377,
  "quadrant_counts": {
    "UNDERSUPPLY": 44,
    "OVERSUPPLY": 40,
    "INEFFICIENT": 6
  },
  "quadrant_pcts": {
    "UNDERSUPPLY": 48.9,
    "OVERSUPPLY": 44.4,
    "INEFFICIENT": 6.7
  },
  "total_revenue": 1714948.6257651018,
  "total_contribution": 1033979.425765102,
  "total_planned_kms": 36987.0,
  "depot_avg_epk": 48.18083077576564,
  "depot_avg_or": 0.6770615606345981,
  "revenue_by_quadrant": {
    "INEFFICIENT": 22254.924822250297,
    "OVERSUPPLY": 571499.9652768482,
    "UNDERSUPPLY": 1121193.7356660035
  },
  "contribution_by_quadrant": {
    "INEFFICIENT": -18938.9751777497,
    "OVERSUPPLY": 233860.4052768482,
    "UNDERSUPPLY": 819057.9956660034
  }
}