{
  "depot": "BHUPALAPALLAY",
  "target_date": "2026-03-12",
  "predicted_depot_pkm": 1533375.5,
  "total_services": 86,
  "count_add_slot": 32,
  "count_cut": 0,
  "count_no_change": 54,
  "total_allocated_pkm": 1483037.957964291,
  "quadrant_counts": {
    "UNDERSUPPLY": 58,
    "OVERSUPPLY": 20,
    "INEFFICIENT": 8
  },
  "quadrant_pcts": {
    "UNDERSUPPLY": 67.4,
    "OVERSUPPLY": 23.3,
    "INEFFICIENT": 9.3
  },
  "total_revenue": 1873349.475858393,
  "total_contribution": 1036633.0958583927,
  "total_planned_kms": 40068.0,
  "depot_avg_epk": 46.589240725541906,
  "depot_avg_or": 0.7408016672265682,
  "revenue_by_quadrant": {
    "INEFFICIENT": 44202.33277520609,
    "OVERSUPPLY": 330702.036216368,
    "UNDERSUPPLY": 1498445.1068668186
  },
  "contribution_by_quadrant": {
    "INEFFICIENT": -29597.627224793916,
    "OVERSUPPLY": 143568.97621636806,
    "UNDERSUPPLY": 922661.7468668185
  }
}