{
  "depot": "MAHABOOBABAD",
  "target_date": "2026-03-12",
  "predicted_depot_pkm": 1429382.25,
  "total_services": 76,
  "count_add_slot": 42,
  "count_cut": 3,
  "count_no_change": 31,
  "total_allocated_pkm": 1383756.953076128,
  "quadrant_counts": {
    "UNDERSUPPLY": 60,
    "OVERSUPPLY": 12,
    "INEFFICIENT": 4
  },
  "quadrant_pcts": {
    "UNDERSUPPLY": 78.9,
    "OVERSUPPLY": 15.8,
    "INEFFICIENT": 5.3
  },
  "total_revenue": 1608209.1559778817,
  "total_contribution": 1049721.3659778817,
  "total_planned_kms": 31066.0,
  "depot_avg_epk": 51.25421570672239,
  "depot_avg_or": 0.8503404987722994,
  "revenue_by_quadrant": {
    "INEFFICIENT": 12578.413928426558,
    "OVERSUPPLY": 177183.5094139786,
    "UNDERSUPPLY": 1418447.2326354764
  },
  "contribution_by_quadrant": {
    "INEFFICIENT": -15642.036071573442,
    "OVERSUPPLY": 85679.70941397862,
    "UNDERSUPPLY": 979683.6926354765
  }
}