{
  "depot": "NARKATPALLY",
  "target_date": "2026-05-13",
  "predicted_depot_pkm": 725539.5,
  "total_services": 26,
  "count_add_slot": 23,
  "count_cut": 0,
  "count_no_change": 3,
  "total_allocated_pkm": 656204.0056762783,
  "quadrant_counts": {
    "UNDERSUPPLY": 25,
    "OVERSUPPLY": 1
  },
  "quadrant_pcts": {
    "UNDERSUPPLY": 96.2,
    "OVERSUPPLY": 3.8
  },
  "total_revenue": 730082.7381506943,
  "total_contribution": 471332.7381506943,
  "total_planned_kms": 10350.0,
  "depot_avg_epk": 69.98841872388881,
  "depot_avg_or": 1.1333760403412885,
  "revenue_by_quadrant": {
    "OVERSUPPLY": 10777.473614285676,
    "UNDERSUPPLY": 719305.2645364086
  },
  "contribution_by_quadrant": {
    "OVERSUPPLY": 3077.4736142856764,
    "UNDERSUPPLY": 468255.2645364086
  }
}