{
  "depot": "KACHEGUDA",
  "target_date": "2026-05-13",
  "predicted_depot_pkm": 1552114.75,
  "total_services": 177,
  "count_add_slot": 128,
  "count_cut": 0,
  "count_no_change": 49,
  "total_allocated_pkm": 1376629.625190316,
  "quadrant_counts": {
    "UNDERSUPPLY": 130,
    "INEFFICIENT": 39,
    "OVERSUPPLY": 8
  },
  "quadrant_pcts": {
    "UNDERSUPPLY": 73.4,
    "INEFFICIENT": 22.0,
    "OVERSUPPLY": 4.5
  },
  "total_revenue": 1851609.0752256755,
  "total_contribution": 1067609.075225676,
  "total_planned_kms": 31360.0,
  "depot_avg_epk": 62.83129126695367,
  "depot_avg_or": 1.0260777589142969,
  "revenue_by_quadrant": {
    "INEFFICIENT": 11332.784821970785,
    "OVERSUPPLY": 36127.96398599772,
    "UNDERSUPPLY": 1804148.3264177071
  },
  "contribution_by_quadrant": {
    "INEFFICIENT": -193142.2151780292,
    "OVERSUPPLY": 8377.963985997718,
    "UNDERSUPPLY": 1252373.3264177071
  }
}