{
  "depot": "UTNOOR",
  "target_date": "2026-05-13",
  "predicted_depot_pkm": 866235.75,
  "total_services": 37,
  "count_add_slot": 31,
  "count_cut": 0,
  "count_no_change": 6,
  "total_allocated_pkm": 854591.8875751303,
  "quadrant_counts": {
    "UNDERSUPPLY": 34,
    "OVERSUPPLY": 3
  },
  "quadrant_pcts": {
    "UNDERSUPPLY": 91.9,
    "OVERSUPPLY": 8.1
  },
  "total_revenue": 1031703.3146213795,
  "total_contribution": 643103.3146213795,
  "total_planned_kms": 15544.0,
  "depot_avg_epk": 67.9484174704994,
  "depot_avg_or": 1.0778199817052097,
  "revenue_by_quadrant": {
    "OVERSUPPLY": 77306.96271117512,
    "UNDERSUPPLY": 954396.3519102044
  },
  "contribution_by_quadrant": {
    "OVERSUPPLY": 29006.96271117511,
    "UNDERSUPPLY": 614096.3519102044
  }
}