{
  "depot": "KORUTLA",
  "target_date": "2026-05-13",
  "predicted_depot_pkm": 1329159.5,
  "total_services": 61,
  "count_add_slot": 39,
  "count_cut": 0,
  "count_no_change": 22,
  "total_allocated_pkm": 1260335.5407363186,
  "quadrant_counts": {
    "UNDERSUPPLY": 54,
    "OVERSUPPLY": 6,
    "INEFFICIENT": 1
  },
  "quadrant_pcts": {
    "UNDERSUPPLY": 88.5,
    "OVERSUPPLY": 9.8,
    "INEFFICIENT": 1.6
  },
  "total_revenue": 1591819.7892265874,
  "total_contribution": 873619.7892265872,
  "total_planned_kms": 28728.0,
  "depot_avg_epk": 57.33825815158161,
  "depot_avg_or": 0.9456210369167907,
  "revenue_by_quadrant": {
    "INEFFICIENT": 0.0,
    "OVERSUPPLY": 136026.7740794697,
    "UNDERSUPPLY": 1455793.0151471174
  },
  "contribution_by_quadrant": {
    "INEFFICIENT": -11250.0,
    "OVERSUPPLY": 52876.77407946971,
    "UNDERSUPPLY": 831993.0151471175
  }
}