{
  "depot": "ARMOOR",
  "target_date": "2026-05-13",
  "predicted_depot_pkm": 1554628.25,
  "total_services": 90,
  "count_add_slot": 37,
  "count_cut": 2,
  "count_no_change": 51,
  "total_allocated_pkm": 1328429.3781422281,
  "quadrant_counts": {
    "UNDERSUPPLY": 56,
    "OVERSUPPLY": 26,
    "INEFFICIENT": 8
  },
  "quadrant_pcts": {
    "UNDERSUPPLY": 62.2,
    "OVERSUPPLY": 28.9,
    "INEFFICIENT": 8.9
  },
  "total_revenue": 1678190.2210090132,
  "total_contribution": 997221.0210090129,
  "total_planned_kms": 36987.0,
  "depot_avg_epk": 45.416808190156544,
  "depot_avg_or": 0.7343948221579972,
  "revenue_by_quadrant": {
    "INEFFICIENT": 4733.651740701847,
    "OVERSUPPLY": 321829.1333475913,
    "UNDERSUPPLY": 1351627.4359207198
  },
  "contribution_by_quadrant": {
    "INEFFICIENT": -55432.28825929815,
    "OVERSUPPLY": 139974.05334759134,
    "UNDERSUPPLY": 912679.2559207198
  }
}