{
  "depot": "NARSAMPET",
  "target_date": "2026-05-13",
  "predicted_depot_pkm": 1853166.375,
  "total_services": 94,
  "count_add_slot": 62,
  "count_cut": 7,
  "count_no_change": 25,
  "total_allocated_pkm": 1706649.4485306416,
  "quadrant_counts": {
    "UNDERSUPPLY": 76,
    "INEFFICIENT": 10,
    "OVERSUPPLY": 8
  },
  "quadrant_pcts": {
    "UNDERSUPPLY": 80.9,
    "INEFFICIENT": 10.6,
    "OVERSUPPLY": 8.5
  },
  "total_revenue": 2043325.800966583,
  "total_contribution": 1171433.6009665835,
  "total_planned_kms": 40599.0,
  "depot_avg_epk": 50.232809666900216,
  "depot_avg_or": 0.864307726543655,
  "revenue_by_quadrant": {
    "INEFFICIENT": 6124.320363360115,
    "OVERSUPPLY": 166504.30460718405,
    "UNDERSUPPLY": 1870697.175996039
  },
  "contribution_by_quadrant": {
    "INEFFICIENT": -66185.07963663989,
    "OVERSUPPLY": 75537.88460718404,
    "UNDERSUPPLY": 1162080.7959960392
  }
}