{
  "depot": "JEEDIMETLA",
  "target_date": "2026-05-13",
  "predicted_depot_pkm": 1759803.5,
  "total_services": 209,
  "count_add_slot": 138,
  "count_cut": 0,
  "count_no_change": 71,
  "total_allocated_pkm": 1609759.4282474848,
  "quadrant_counts": {
    "UNDERSUPPLY": 178,
    "OVERSUPPLY": 24,
    "INEFFICIENT": 7
  },
  "quadrant_pcts": {
    "UNDERSUPPLY": 85.2,
    "OVERSUPPLY": 11.5,
    "INEFFICIENT": 3.3
  },
  "total_revenue": 2239406.8573964275,
  "total_contribution": 1269181.8573964275,
  "total_planned_kms": 38809.0,
  "depot_avg_epk": 59.178662558783444,
  "depot_avg_or": 0.939375930173697,
  "revenue_by_quadrant": {
    "INEFFICIENT": 25097.49466700234,
    "OVERSUPPLY": 200901.3052820783,
    "UNDERSUPPLY": 2013408.057447347
  },
  "contribution_by_quadrant": {
    "INEFFICIENT": -5552.505332997663,
    "OVERSUPPLY": 64851.30528207831,
    "UNDERSUPPLY": 1209883.057447347
  }
}