{
  "depot": "DILSHUKNAGAR",
  "target_date": "2026-05-13",
  "predicted_depot_pkm": 1498824.5,
  "total_services": 149,
  "count_add_slot": 106,
  "count_cut": 0,
  "count_no_change": 43,
  "total_allocated_pkm": 1352736.766398324,
  "quadrant_counts": {
    "UNDERSUPPLY": 112,
    "INEFFICIENT": 31,
    "OVERSUPPLY": 6
  },
  "quadrant_pcts": {
    "UNDERSUPPLY": 75.2,
    "INEFFICIENT": 20.8,
    "OVERSUPPLY": 4.0
  },
  "total_revenue": 1818759.7925103102,
  "total_contribution": 1007777.7925103102,
  "total_planned_kms": 32439.28,
  "depot_avg_epk": 57.606880551381245,
  "depot_avg_or": 0.9292104978049467,
  "revenue_by_quadrant": {
    "INEFFICIENT": 19964.450947216388,
    "OVERSUPPLY": 33690.48748510784,
    "UNDERSUPPLY": 1765104.854077986
  },
  "contribution_by_quadrant": {
    "INEFFICIENT": -167310.5490527836,
    "OVERSUPPLY": 12090.48748510784,
    "UNDERSUPPLY": 1162997.854077986
  }
}