{
  "depot": "MIRYALAGUDA",
  "target_date": "2026-05-13",
  "predicted_depot_pkm": 1740299.875,
  "total_services": 125,
  "count_add_slot": 20,
  "count_cut": 6,
  "count_no_change": 99,
  "total_allocated_pkm": 1324067.4164086143,
  "quadrant_counts": {
    "OVERSUPPLY": 56,
    "UNDERSUPPLY": 55,
    "INEFFICIENT": 14
  },
  "quadrant_pcts": {
    "OVERSUPPLY": 44.8,
    "UNDERSUPPLY": 44.0,
    "INEFFICIENT": 11.2
  },
  "total_revenue": 1758027.2723298916,
  "total_contribution": 678202.2723298916,
  "total_planned_kms": 43193.0,
  "depot_avg_epk": 40.24265851577827,
  "depot_avg_or": 0.640144506933803,
  "revenue_by_quadrant": {
    "INEFFICIENT": 20573.974167570697,
    "OVERSUPPLY": 730302.972683323,
    "UNDERSUPPLY": 1007150.3254789979
  },
  "contribution_by_quadrant": {
    "INEFFICIENT": -101951.0258324293,
    "OVERSUPPLY": 258977.97268332297,
    "UNDERSUPPLY": 521175.3254789979
  }
}