{
  "depot": "MIDHANI",
  "target_date": "2026-05-13",
  "predicted_depot_pkm": 1398374.75,
  "total_services": 144,
  "count_add_slot": 110,
  "count_cut": 0,
  "count_no_change": 34,
  "total_allocated_pkm": 1218713.0494386638,
  "quadrant_counts": {
    "UNDERSUPPLY": 116,
    "INEFFICIENT": 23,
    "OVERSUPPLY": 5
  },
  "quadrant_pcts": {
    "UNDERSUPPLY": 80.6,
    "INEFFICIENT": 16.0,
    "OVERSUPPLY": 3.5
  },
  "total_revenue": 1670484.1010200928,
  "total_contribution": 998002.6010200928,
  "total_planned_kms": 26899.260000000002,
  "depot_avg_epk": 65.44162859382007,
  "depot_avg_or": 1.0390028809344405,
  "revenue_by_quadrant": {
    "INEFFICIENT": 5369.763179741314,
    "OVERSUPPLY": 28471.61246639055,
    "UNDERSUPPLY": 1636642.725373961
  },
  "contribution_by_quadrant": {
    "INEFFICIENT": -132005.2368202587,
    "OVERSUPPLY": 10946.61246639055,
    "UNDERSUPPLY": 1119061.225373961
  }
}