{
  "depot": "DEVARAKONDA",
  "target_date": "2026-05-13",
  "predicted_depot_pkm": 2307363.25,
  "total_services": 100,
  "count_add_slot": 56,
  "count_cut": 0,
  "count_no_change": 44,
  "total_allocated_pkm": 2079402.9622261692,
  "quadrant_counts": {
    "UNDERSUPPLY": 83,
    "OVERSUPPLY": 13,
    "INEFFICIENT": 4
  },
  "quadrant_pcts": {
    "UNDERSUPPLY": 83.0,
    "OVERSUPPLY": 13.0,
    "INEFFICIENT": 4.0
  },
  "total_revenue": 2548071.408098193,
  "total_contribution": 1415446.4080981936,
  "total_planned_kms": 45305.0,
  "depot_avg_epk": 57.50843075078049,
  "depot_avg_or": 0.8558306963588141,
  "revenue_by_quadrant": {
    "INEFFICIENT": 49011.603822487894,
    "OVERSUPPLY": 205000.4741709213,
    "UNDERSUPPLY": 2294059.330104784
  },
  "contribution_by_quadrant": {
    "INEFFICIENT": -37788.396177512106,
    "OVERSUPPLY": 68375.47417092131,
    "UNDERSUPPLY": 1384859.3301047843
  }
}