{
  "depot": "HANAMKONDA",
  "target_date": "2026-05-13",
  "predicted_depot_pkm": 2191407.5,
  "total_services": 169,
  "count_add_slot": 74,
  "count_cut": 6,
  "count_no_change": 89,
  "total_allocated_pkm": 2043746.7493797503,
  "quadrant_counts": {
    "UNDERSUPPLY": 112,
    "OVERSUPPLY": 40,
    "INEFFICIENT": 16,
    "SOCIAL_OBLIGATION": 1
  },
  "quadrant_pcts": {
    "UNDERSUPPLY": 66.3,
    "OVERSUPPLY": 23.7,
    "INEFFICIENT": 9.5,
    "SOCIAL_OBLIGATION": 0.6
  },
  "total_revenue": 2522727.505123878,
  "total_contribution": 1030184.9951238779,
  "total_planned_kms": 53984.0,
  "depot_avg_epk": 52.132493385470234,
  "depot_avg_or": 0.8493953814141506,
  "revenue_by_quadrant": {
    "INEFFICIENT": 121865.20888817936,
    "OVERSUPPLY": 650391.7506333396,
    "SOCIAL_OBLIGATION": 16090.643315131601,
    "UNDERSUPPLY": 1734379.9022872273
  },
  "contribution_by_quadrant": {
    "INEFFICIENT": -48705.511111820655,
    "OVERSUPPLY": 256739.88063333964,
    "SOCIAL_OBLIGATION": -112.17668486840012,
    "UNDERSUPPLY": 822262.8022872272
  }
}