{
  "depot": "CHENGICHERLA",
  "target_date": "2026-05-13",
  "predicted_depot_pkm": 1729450.375,
  "total_services": 192,
  "count_add_slot": 156,
  "count_cut": 0,
  "count_no_change": 36,
  "total_allocated_pkm": 1604999.986753143,
  "quadrant_counts": {
    "UNDERSUPPLY": 171,
    "OVERSUPPLY": 20,
    "INEFFICIENT": 1
  },
  "quadrant_pcts": {
    "UNDERSUPPLY": 89.1,
    "OVERSUPPLY": 10.4,
    "INEFFICIENT": 0.5
  },
  "total_revenue": 2179827.20718661,
  "total_contribution": 1273109.70718661,
  "total_planned_kms": 36268.7,
  "depot_avg_epk": 61.75414311610291,
  "depot_avg_or": 1.0227806767881331,
  "revenue_by_quadrant": {
    "INEFFICIENT": 7009.87838507588,
    "OVERSUPPLY": 161515.9375583565,
    "UNDERSUPPLY": 2011301.3912431777
  },
  "contribution_by_quadrant": {
    "INEFFICIENT": -690.12161492412,
    "OVERSUPPLY": 43515.93755835648,
    "UNDERSUPPLY": 1230283.8912431777
  }
}