{
  "depot": "YADAGIRIGUTTA",
  "target_date": "2026-05-13",
  "predicted_depot_pkm": 1792835.875,
  "total_services": 82,
  "count_add_slot": 29,
  "count_cut": 4,
  "count_no_change": 49,
  "total_allocated_pkm": 1432791.1238313406,
  "quadrant_counts": {
    "UNDERSUPPLY": 58,
    "OVERSUPPLY": 19,
    "INEFFICIENT": 5
  },
  "quadrant_pcts": {
    "UNDERSUPPLY": 70.7,
    "OVERSUPPLY": 23.2,
    "INEFFICIENT": 6.1
  },
  "total_revenue": 1672181.0235318092,
  "total_contribution": 830456.0235318092,
  "total_planned_kms": 33669.0,
  "depot_avg_epk": 49.25678697740619,
  "depot_avg_or": 0.7655243363022257,
  "revenue_by_quadrant": {
    "INEFFICIENT": 30292.724667931623,
    "OVERSUPPLY": 285432.97924979747,
    "UNDERSUPPLY": 1356455.31961408
  },
  "contribution_by_quadrant": {
    "INEFFICIENT": -23407.275332068377,
    "OVERSUPPLY": 103457.97924979747,
    "UNDERSUPPLY": 750405.3196140801
  }
}