{
  "depot": "MAHABOOBABAD",
  "target_date": "2026-05-13",
  "predicted_depot_pkm": 1556770.25,
  "total_services": 76,
  "count_add_slot": 44,
  "count_cut": 3,
  "count_no_change": 29,
  "total_allocated_pkm": 1417923.8330847507,
  "quadrant_counts": {
    "UNDERSUPPLY": 60,
    "OVERSUPPLY": 11,
    "INEFFICIENT": 5
  },
  "quadrant_pcts": {
    "UNDERSUPPLY": 78.9,
    "OVERSUPPLY": 14.5,
    "INEFFICIENT": 6.6
  },
  "total_revenue": 1641728.5134233516,
  "total_contribution": 1083240.7234233518,
  "total_planned_kms": 31066.0,
  "depot_avg_epk": 52.312656357003924,
  "depot_avg_or": 0.8454604199685113,
  "revenue_by_quadrant": {
    "INEFFICIENT": 4159.101513268262,
    "OVERSUPPLY": 138245.0207739077,
    "UNDERSUPPLY": 1499324.391136176
  },
  "contribution_by_quadrant": {
    "INEFFICIENT": -30034.27848673174,
    "OVERSUPPLY": 54804.88077390768,
    "UNDERSUPPLY": 1058470.121136176
  }
}