{
  "version": "xgb_v1",
  "created_date": "2026-06-05T17:04:39.053192",
  "target": "passenger_kms",
  "n_features": 50,
  "features": [
    "fes_hol_code",
    "dow_0",
    "dow_1",
    "dow_2",
    "dow_3",
    "dow_4",
    "dow_5",
    "dow_6",
    "month",
    "day_counter",
    "max_temp",
    "min_temp",
    "daily_rainfall",
    "is_rainy",
    "fes_hol_minus_1",
    "fes_hol_minus_2",
    "fes_hol_minus_3",
    "fes_hol_plus_1",
    "fes_hol_plus_2",
    "days_to_next_festival",
    "days_since_last_festival",
    "next_fes_hol_code",
    "next_festival_cluster_len",
    "post_festival_days",
    "festival_cluster_len",
    "post_festival_weekend",
    "pre_festival_weekend",
    "post_festival_return_workday",
    "pre_festival_wknd_x_cluster",
    "post_festival_wknd_x_cluster",
    "expected_intensity",
    "depot_festival_te",
    "fes_hol_category_te",
    "post_festival_intensity",
    "pre_festival_intensity",
    "pkm_lag_2",
    "pkm_lag_7",
    "pkm_lag_14",
    "pkm_lag_21",
    "pkm_roll7_mean",
    "pkm_roll7_std",
    "pkm_roll14_mean",
    "pkm_roll21_mean",
    "pkm_momentum_7_21",
    "pkm_same_dow_3med",
    "lag2_is_festival",
    "depot_te",
    "depot_dow_te",
    "depot_month_te",
    "telugu_thithi_encoded"
  ],
  "feature_importances": {
    "pkm_same_dow_3med": 0.3178531527519226,
    "pkm_roll7_mean": 0.2653789222240448,
    "pkm_roll14_mean": 0.20150695741176605,
    "pkm_roll21_mean": 0.037325169891119,
    "pkm_lag_2": 0.037304043769836426,
    "depot_dow_te": 0.030841387808322906,
    "depot_month_te": 0.014561210758984089,
    "fes_hol_category_te": 0.007233663462102413,
    "depot_te": 0.00622131209820509,
    "expected_intensity": 0.006205353420227766,
    "pkm_lag_7": 0.005956069566309452,
    "dow_0": 0.004638119135051966,
    "depot_festival_te": 0.004272375721484423,
    "day_counter": 0.004026093520224094,
    "fes_hol_minus_2": 0.003422819310799241,
    "festival_cluster_len": 0.003260657424107194,
    "post_festival_return_workday": 0.00268932874314487,
    "pre_festival_wknd_x_cluster": 0.0025602325331419706,
    "lag2_is_festival": 0.0025362952146679163,
    "min_temp": 0.0023735391441732645,
    "fes_hol_plus_2": 0.002251743571832776,
    "telugu_thithi_encoded": 0.002131042303517461,
    "fes_hol_minus_1": 0.0020941710099577904,
    "post_festival_days": 0.0019786006305366755,
    "fes_hol_code": 0.0019314158707857132,
    "max_temp": 0.0018359770765528083,
    "pkm_lag_21": 0.0018002199940383434,
    "dow_2": 0.0017400352517142892,
    "month": 0.0016901100752875209,
    "dow_6": 0.0016539088683202863,
    "post_festival_wknd_x_cluster": 0.0016295185778290033,
    "pkm_roll7_std": 0.001589708961546421,
    "fes_hol_plus_1": 0.001568067935295403,
    "days_to_next_festival": 0.001539158052764833,
    "next_fes_hol_code": 0.0014905489515513182,
    "next_festival_cluster_len": 0.0014165787724778056,
    "days_since_last_festival": 0.0013983109965920448,
    "daily_rainfall": 0.0013356070267036557,
    "dow_5": 0.0010856459848582745,
    "fes_hol_minus_3": 0.0010498196352273226,
    "pre_festival_weekend": 0.0009405760210938752,
    "post_festival_weekend": 0.0009210141142830253,
    "post_festival_intensity": 0.000905832217540592,
    "pkm_momentum_7_21": 0.0008431950118392706,
    "dow_1": 0.000785124721005559,
    "dow_3": 0.0007685012533329427,
    "pkm_lag_14": 0.0006187150138430297,
    "dow_4": 0.0005308453692123294,
    "pre_festival_intensity": 0.0003092715051025152,
    "is_rainy": 0.0
  }
}