{
  "depot": "KUKATPALLY",
  "target_date": "2026-03-13",
  "predicted_depot_pkm": 1747050.75,
  "total_services": 204,
  "count_add_slot": 44,
  "count_cut": 0,
  "count_no_change": 160,
  "total_allocated_pkm": 1345753.3905465305,
  "quadrant_counts": {
    "UNDERSUPPLY": 97,
    "OVERSUPPLY": 81,
    "INEFFICIENT": 26
  },
  "quadrant_pcts": {
    "UNDERSUPPLY": 47.5,
    "OVERSUPPLY": 39.7,
    "INEFFICIENT": 12.7
  },
  "total_revenue": 2234569.797205046,
  "total_contribution": 1443321.2972050463,
  "total_planned_kms": 38029.0,
  "depot_avg_epk": 54.19148417156221,
  "depot_avg_or": 0.6648444118332568,
  "revenue_by_quadrant": {
    "INEFFICIENT": 58913.58400047668,
    "OVERSUPPLY": 1029091.6532182916,
    "UNDERSUPPLY": 1146564.5599862777
  },
  "contribution_by_quadrant": {
    "INEFFICIENT": -34956.41599952332,
    "OVERSUPPLY": 718002.9232182916,
    "UNDERSUPPLY": 760274.7899862778
  }
}