{
  "depot": "HANAMKONDA",
  "target_date": "2026-03-13",
  "predicted_depot_pkm": 2119107.25,
  "total_services": 169,
  "count_add_slot": 55,
  "count_cut": 1,
  "count_no_change": 113,
  "total_allocated_pkm": 2040777.8102434967,
  "quadrant_counts": {
    "UNDERSUPPLY": 94,
    "OVERSUPPLY": 60,
    "INEFFICIENT": 10,
    "SOCIAL_OBLIGATION": 5
  },
  "quadrant_pcts": {
    "UNDERSUPPLY": 55.6,
    "OVERSUPPLY": 35.5,
    "INEFFICIENT": 5.9,
    "SOCIAL_OBLIGATION": 3.0
  },
  "total_revenue": 2541690.234262391,
  "total_contribution": 1049147.724262391,
  "total_planned_kms": 53984.0,
  "depot_avg_epk": 53.8950588752347,
  "depot_avg_or": 0.7619955085210692,
  "revenue_by_quadrant": {
    "INEFFICIENT": 122677.18420637984,
    "OVERSUPPLY": 920055.0561066297,
    "SOCIAL_OBLIGATION": 78410.1228572906,
    "UNDERSUPPLY": 1420547.8710920908
  },
  "contribution_by_quadrant": {
    "INEFFICIENT": -28709.615793620163,
    "OVERSUPPLY": 422266.86610662966,
    "SOCIAL_OBLIGATION": -2471.167142709417,
    "UNDERSUPPLY": 658061.6410920909
  }
}