{
  "depot": "THORROR",
  "target_date": "2026-03-13",
  "predicted_depot_pkm": 1864408.5,
  "total_services": 94,
  "count_add_slot": 56,
  "count_cut": 4,
  "count_no_change": 34,
  "total_allocated_pkm": 1795420.9410260676,
  "quadrant_counts": {
    "UNDERSUPPLY": 78,
    "OVERSUPPLY": 12,
    "INEFFICIENT": 4
  },
  "quadrant_pcts": {
    "UNDERSUPPLY": 83.0,
    "OVERSUPPLY": 12.8,
    "INEFFICIENT": 4.3
  },
  "total_revenue": 2235349.8091902332,
  "total_contribution": 1297619.0391902323,
  "total_planned_kms": 40942.0,
  "depot_avg_epk": 54.74707409039719,
  "depot_avg_or": 0.8701558400275118,
  "revenue_by_quadrant": {
    "INEFFICIENT": 14175.687630249828,
    "OVERSUPPLY": 199176.1619020321,
    "UNDERSUPPLY": 2021997.9596579506
  },
  "contribution_by_quadrant": {
    "INEFFICIENT": -15846.592369750175,
    "OVERSUPPLY": 82059.1919020321,
    "UNDERSUPPLY": 1231406.4396579505
  }
}