{
  "depot": "IBRAHIMPATNAM",
  "target_date": "2026-03-13",
  "predicted_depot_pkm": 2014511.375,
  "total_services": 189,
  "count_add_slot": 44,
  "count_cut": 0,
  "count_no_change": 145,
  "total_allocated_pkm": 1793192.752826523,
  "quadrant_counts": {
    "UNDERSUPPLY": 108,
    "OVERSUPPLY": 80,
    "INEFFICIENT": 1
  },
  "quadrant_pcts": {
    "UNDERSUPPLY": 57.1,
    "OVERSUPPLY": 42.3,
    "INEFFICIENT": 0.5
  },
  "total_revenue": 2436983.862676914,
  "total_contribution": 1557919.0826769138,
  "total_planned_kms": 44803.0,
  "depot_avg_epk": 55.80719918591073,
  "depot_avg_or": 0.737161390236703,
  "revenue_by_quadrant": {
    "INEFFICIENT": 6925.782986994318,
    "OVERSUPPLY": 960613.206422669,
    "UNDERSUPPLY": 1469444.8732672506
  },
  "contribution_by_quadrant": {
    "INEFFICIENT": -69.41701300568184,
    "OVERSUPPLY": 539870.646422669,
    "UNDERSUPPLY": 1018117.8532672505
  }
}