{
  "depot": "BHUPALAPALLAY",
  "target_date": "2026-03-22",
  "predicted_depot_pkm": 1407418.75,
  "total_services": 86,
  "count_add_slot": 20,
  "count_cut": 0,
  "count_no_change": 66,
  "total_allocated_pkm": 1367848.2444681765,
  "quadrant_counts": {
    "UNDERSUPPLY": 49,
    "OVERSUPPLY": 30,
    "INEFFICIENT": 7
  },
  "quadrant_pcts": {
    "UNDERSUPPLY": 57.0,
    "OVERSUPPLY": 34.9,
    "INEFFICIENT": 8.1
  },
  "total_revenue": 1726453.441577553,
  "total_contribution": 889737.0615775533,
  "total_planned_kms": 40068.0,
  "depot_avg_epk": 42.87481119813349,
  "depot_avg_or": 0.6811953365798656,
  "revenue_by_quadrant": {
    "INEFFICIENT": 23044.36858776903,
    "OVERSUPPLY": 494405.43726095033,
    "UNDERSUPPLY": 1209003.6357288335
  },
  "contribution_by_quadrant": {
    "INEFFICIENT": -39055.95141223097,
    "OVERSUPPLY": 216110.59726095037,
    "UNDERSUPPLY": 712682.4157288335
  }
}