{
  "depot": "KUKATPALLY",
  "target_date": "2026-03-22",
  "predicted_depot_pkm": 1294546.125,
  "total_services": 204,
  "count_add_slot": 24,
  "count_cut": 0,
  "count_no_change": 180,
  "total_allocated_pkm": 1216227.7742140144,
  "quadrant_counts": {
    "OVERSUPPLY": 131,
    "UNDERSUPPLY": 60,
    "INEFFICIENT": 13
  },
  "quadrant_pcts": {
    "OVERSUPPLY": 64.2,
    "UNDERSUPPLY": 29.4,
    "INEFFICIENT": 6.4
  },
  "total_revenue": 1662350.9719797224,
  "total_contribution": 871102.4719797224,
  "total_planned_kms": 38029.0,
  "depot_avg_epk": 44.20867387294293,
  "depot_avg_or": 0.6010602646136554,
  "revenue_by_quadrant": {
    "INEFFICIENT": 33059.128184420006,
    "OVERSUPPLY": 941705.2884701906,
    "UNDERSUPPLY": 687586.5553251117
  },
  "contribution_by_quadrant": {
    "INEFFICIENT": -28843.921815579997,
    "OVERSUPPLY": 465192.38847019064,
    "UNDERSUPPLY": 434754.0053251117
  }
}