{
  "depot": "ARMOOR",
  "target_date": "2026-03-22",
  "predicted_depot_pkm": 1254241.75,
  "total_services": 90,
  "count_add_slot": 17,
  "count_cut": 2,
  "count_no_change": 71,
  "total_allocated_pkm": 1135328.814584394,
  "quadrant_counts": {
    "OVERSUPPLY": 44,
    "UNDERSUPPLY": 38,
    "INEFFICIENT": 8
  },
  "quadrant_pcts": {
    "OVERSUPPLY": 48.9,
    "UNDERSUPPLY": 42.2,
    "INEFFICIENT": 8.9
  },
  "total_revenue": 1396847.5428427088,
  "total_contribution": 715878.3428427092,
  "total_planned_kms": 36987.0,
  "depot_avg_epk": 38.57200757637712,
  "depot_avg_or": 0.6282091151208227,
  "revenue_by_quadrant": {
    "INEFFICIENT": 31963.25468853495,
    "OVERSUPPLY": 614778.008719948,
    "UNDERSUPPLY": 750106.2794342261
  },
  "contribution_by_quadrant": {
    "INEFFICIENT": -26573.46531146505,
    "OVERSUPPLY": 253303.64871994805,
    "UNDERSUPPLY": 489148.1594342261
  }
}