{
  "depot": "BANSWADA",
  "target_date": "2026-02-27",
  "predicted_depot_pkm": 1914491.125,
  "total_services": 92,
  "count_add_slot": 42,
  "count_cut": 0,
  "count_no_change": 50,
  "total_allocated_pkm": 1522399.2564172125,
  "quadrant_counts": {
    "UNDERSUPPLY": 59,
    "OVERSUPPLY": 22,
    "INEFFICIENT": 8,
    "SOCIAL_OBLIGATION": 3
  },
  "quadrant_pcts": {
    "UNDERSUPPLY": 64.1,
    "OVERSUPPLY": 23.9,
    "INEFFICIENT": 8.7,
    "SOCIAL_OBLIGATION": 3.3
  },
  "total_revenue": 1714089.4202050029,
  "total_contribution": 1010718.2302050027,
  "total_planned_kms": 37832.0,
  "depot_avg_epk": 45.191827211875,
  "depot_avg_or": 0.7682294848348264,
  "revenue_by_quadrant": {
    "INEFFICIENT": 10666.374824676157,
    "OVERSUPPLY": 281978.6832469039,
    "SOCIAL_OBLIGATION": 0.0,
    "UNDERSUPPLY": 1421444.3621334226
  },
  "contribution_by_quadrant": {
    "INEFFICIENT": -50029.79517532385,
    "OVERSUPPLY": 126076.22324690384,
    "SOCIAL_OBLIGATION": -30320.08,
    "UNDERSUPPLY": 964991.8821334228
  }
}