{
  "depot": "BHUPALAPALLAY",
  "target_date": "2026-02-27",
  "predicted_depot_pkm": 1586032.5,
  "total_services": 86,
  "count_add_slot": 35,
  "count_cut": 1,
  "count_no_change": 50,
  "total_allocated_pkm": 1497853.1204117204,
  "quadrant_counts": {
    "UNDERSUPPLY": 60,
    "OVERSUPPLY": 19,
    "INEFFICIENT": 6,
    "SOCIAL_OBLIGATION": 1
  },
  "quadrant_pcts": {
    "UNDERSUPPLY": 69.8,
    "OVERSUPPLY": 22.1,
    "INEFFICIENT": 7.0,
    "SOCIAL_OBLIGATION": 1.2
  },
  "total_revenue": 1822858.0583127532,
  "total_contribution": 986141.678312753,
  "total_planned_kms": 40068.0,
  "depot_avg_epk": 45.59983361167835,
  "depot_avg_or": 0.7520559211311597,
  "revenue_by_quadrant": {
    "INEFFICIENT": 0.0,
    "OVERSUPPLY": 299237.42851446284,
    "SOCIAL_OBLIGATION": 0.0,
    "UNDERSUPPLY": 1523620.6297982903
  },
  "contribution_by_quadrant": {
    "INEFFICIENT": -57303.240000000005,
    "OVERSUPPLY": 117283.14851446281,
    "SOCIAL_OBLIGATION": -9479.4,
    "UNDERSUPPLY": 935641.1697982902
  }
}