{
  "depot": "PARKAL",
  "target_date": "2026-02-27",
  "predicted_depot_pkm": 1463562.625,
  "total_services": 79,
  "count_add_slot": 39,
  "count_cut": 3,
  "count_no_change": 37,
  "total_allocated_pkm": 1389250.4520345377,
  "quadrant_counts": {
    "UNDERSUPPLY": 54,
    "OVERSUPPLY": 12,
    "INEFFICIENT": 10,
    "SOCIAL_OBLIGATION": 3
  },
  "quadrant_pcts": {
    "UNDERSUPPLY": 68.4,
    "OVERSUPPLY": 15.2,
    "INEFFICIENT": 12.7,
    "SOCIAL_OBLIGATION": 3.8
  },
  "total_revenue": 1503223.3552635286,
  "total_contribution": 776208.1452635283,
  "total_planned_kms": 34127.0,
  "depot_avg_epk": 44.40893170438262,
  "depot_avg_or": 0.7963845154546633,
  "revenue_by_quadrant": {
    "INEFFICIENT": 0.0,
    "OVERSUPPLY": 229380.85318905496,
    "SOCIAL_OBLIGATION": 0.0,
    "UNDERSUPPLY": 1273842.5020744735
  },
  "contribution_by_quadrant": {
    "INEFFICIENT": -77964.9,
    "OVERSUPPLY": 103453.25318905496,
    "SOCIAL_OBLIGATION": -25456.019999999997,
    "UNDERSUPPLY": 776175.8120744736
  }
}