{
  "depot": "KUKATPALLY",
  "target_date": "2026-02-27",
  "predicted_depot_pkm": 1755622.75,
  "total_services": 204,
  "count_add_slot": 92,
  "count_cut": 0,
  "count_no_change": 112,
  "total_allocated_pkm": 1648343.478800419,
  "quadrant_counts": {
    "UNDERSUPPLY": 129,
    "OVERSUPPLY": 33,
    "INEFFICIENT": 22,
    "SOCIAL_OBLIGATION": 20
  },
  "quadrant_pcts": {
    "UNDERSUPPLY": 63.2,
    "OVERSUPPLY": 16.2,
    "INEFFICIENT": 10.8,
    "SOCIAL_OBLIGATION": 9.8
  },
  "total_revenue": 2006280.9560499082,
  "total_contribution": 1215032.456049908,
  "total_planned_kms": 38029.0,
  "depot_avg_epk": 51.83706110620956,
  "depot_avg_or": 0.82392436008484,
  "revenue_by_quadrant": {
    "INEFFICIENT": 13986.337278764167,
    "OVERSUPPLY": 263935.521651051,
    "SOCIAL_OBLIGATION": 0.0,
    "UNDERSUPPLY": 1728359.097120093
  },
  "contribution_by_quadrant": {
    "INEFFICIENT": -70462.56272123584,
    "OVERSUPPLY": 129480.261651051,
    "SOCIAL_OBLIGATION": -57284.95,
    "UNDERSUPPLY": 1213299.7071200928
  }
}