{
  "depot": "HAKIMPET",
  "target_date": "2026-02-27",
  "predicted_depot_pkm": 1390810.75,
  "total_services": 147,
  "count_add_slot": 37,
  "count_cut": 0,
  "count_no_change": 110,
  "total_allocated_pkm": 1281461.215338332,
  "quadrant_counts": {
    "UNDERSUPPLY": 101,
    "OVERSUPPLY": 35,
    "INEFFICIENT": 10,
    "SOCIAL_OBLIGATION": 1
  },
  "quadrant_pcts": {
    "UNDERSUPPLY": 68.7,
    "OVERSUPPLY": 23.8,
    "INEFFICIENT": 6.8,
    "SOCIAL_OBLIGATION": 0.7
  },
  "total_revenue": 1628223.0517091695,
  "total_contribution": 819487.7417091695,
  "total_planned_kms": 30757.0,
  "depot_avg_epk": 54.13530066216638,
  "depot_avg_or": 0.766617121565438,
  "revenue_by_quadrant": {
    "INEFFICIENT": 2967.4817276461577,
    "OVERSUPPLY": 382483.33935228654,
    "SOCIAL_OBLIGATION": 0.0,
    "UNDERSUPPLY": 1242772.2306292367
  },
  "contribution_by_quadrant": {
    "INEFFICIENT": -53600.31827235384,
    "OVERSUPPLY": 164795.12935228655,
    "SOCIAL_OBLIGATION": -8109.72,
    "UNDERSUPPLY": 716402.6506292367
  }
}