{
  "depot": "PICKET",
  "target_date": "2026-05-12",
  "predicted_depot_pkm": 1275447.875,
  "total_services": 75,
  "count_add_slot": 11,
  "count_cut": 0,
  "count_no_change": 64,
  "total_allocated_pkm": 1109795.9567534083,
  "quadrant_counts": {
    "OVERSUPPLY": 41,
    "UNDERSUPPLY": 33,
    "INEFFICIENT": 1
  },
  "quadrant_pcts": {
    "OVERSUPPLY": 54.7,
    "UNDERSUPPLY": 44.0,
    "INEFFICIENT": 1.3
  },
  "total_revenue": 1828888.6574021203,
  "total_contribution": 817113.6574021203,
  "total_planned_kms": 40471.0,
  "depot_avg_epk": 46.674723260070856,
  "depot_avg_or": 0.7097410832890761,
  "revenue_by_quadrant": {
    "INEFFICIENT": 0.0,
    "OVERSUPPLY": 930115.131372749,
    "UNDERSUPPLY": 898773.5260293714
  },
  "contribution_by_quadrant": {
    "INEFFICIENT": -14150.0,
    "OVERSUPPLY": 331565.13137274893,
    "UNDERSUPPLY": 499698.52602937137
  }
}