{
  "depot": "BODHAN",
  "target_date": "2026-05-12",
  "predicted_depot_pkm": 1990300.125,
  "total_services": 104,
  "count_add_slot": 46,
  "count_cut": 0,
  "count_no_change": 58,
  "total_allocated_pkm": 1898340.8228137963,
  "quadrant_counts": {
    "UNDERSUPPLY": 74,
    "OVERSUPPLY": 26,
    "INEFFICIENT": 4
  },
  "quadrant_pcts": {
    "UNDERSUPPLY": 71.2,
    "OVERSUPPLY": 25.0,
    "INEFFICIENT": 3.8
  },
  "total_revenue": 2438527.9178940575,
  "total_contribution": 1497598.8278940571,
  "total_planned_kms": 50213.0,
  "depot_avg_epk": 49.80971116851819,
  "depot_avg_or": 0.8086586810027381,
  "revenue_by_quadrant": {
    "INEFFICIENT": 12397.679900743053,
    "OVERSUPPLY": 631702.2399643253,
    "UNDERSUPPLY": 1794427.998028989
  },
  "contribution_by_quadrant": {
    "INEFFICIENT": -18798.960099256947,
    "OVERSUPPLY": 316214.8599643254,
    "UNDERSUPPLY": 1200182.928028989
  }
}