{
  "depot": "RAJENDRANAGAR",
  "target_date": "2026-05-12",
  "predicted_depot_pkm": 1894274.625,
  "total_services": 179,
  "count_add_slot": 126,
  "count_cut": 0,
  "count_no_change": 53,
  "total_allocated_pkm": 1690129.372691388,
  "quadrant_counts": {
    "UNDERSUPPLY": 135,
    "INEFFICIENT": 41,
    "OVERSUPPLY": 3
  },
  "quadrant_pcts": {
    "UNDERSUPPLY": 75.4,
    "INEFFICIENT": 22.9,
    "OVERSUPPLY": 1.7
  },
  "total_revenue": 2281794.774947038,
  "total_contribution": 1291062.7749470377,
  "total_planned_kms": 39629.28,
  "depot_avg_epk": 59.08405560944968,
  "depot_avg_or": 0.9518618386547626,
  "revenue_by_quadrant": {
    "INEFFICIENT": 50007.42100758372,
    "OVERSUPPLY": 14440.530677030525,
    "UNDERSUPPLY": 2217346.8232624233
  },
  "contribution_by_quadrant": {
    "INEFFICIENT": -177973.57899241627,
    "OVERSUPPLY": 3065.530677030524,
    "UNDERSUPPLY": 1465970.8232624235
  }
}