{
  "depot": "KUKATPALLY",
  "target_date": "2026-05-12",
  "predicted_depot_pkm": 1503987.375,
  "total_services": 204,
  "count_add_slot": 113,
  "count_cut": 0,
  "count_no_change": 91,
  "total_allocated_pkm": 1202874.889036852,
  "quadrant_counts": {
    "UNDERSUPPLY": 143,
    "INEFFICIENT": 36,
    "OVERSUPPLY": 25
  },
  "quadrant_pcts": {
    "UNDERSUPPLY": 70.1,
    "INEFFICIENT": 17.6,
    "OVERSUPPLY": 12.3
  },
  "total_revenue": 1637080.1965720751,
  "total_contribution": 845830.5565720752,
  "total_planned_kms": 38029.06,
  "depot_avg_epk": 49.19275819709114,
  "depot_avg_or": 0.7965770264201874,
  "revenue_by_quadrant": {
    "INEFFICIENT": 14712.839175936895,
    "OVERSUPPLY": 172247.96073095014,
    "UNDERSUPPLY": 1450119.3966651883
  },
  "contribution_by_quadrant": {
    "INEFFICIENT": -202946.2408240631,
    "OVERSUPPLY": 74953.97073095014,
    "UNDERSUPPLY": 973822.8266651882
  }
}