{
  "depot": "JEEDIMETLA",
  "target_date": "2026-05-12",
  "predicted_depot_pkm": 1847115.125,
  "total_services": 209,
  "count_add_slot": 151,
  "count_cut": 0,
  "count_no_change": 58,
  "total_allocated_pkm": 1698080.6006979665,
  "quadrant_counts": {
    "UNDERSUPPLY": 186,
    "OVERSUPPLY": 16,
    "INEFFICIENT": 7
  },
  "quadrant_pcts": {
    "UNDERSUPPLY": 89.0,
    "OVERSUPPLY": 7.7,
    "INEFFICIENT": 3.3
  },
  "total_revenue": 2362319.7444195654,
  "total_contribution": 1392094.744419565,
  "total_planned_kms": 38809.0,
  "depot_avg_epk": 62.638814628247594,
  "depot_avg_or": 0.9939921794129196,
  "revenue_by_quadrant": {
    "INEFFICIENT": 25791.05212744169,
    "OVERSUPPLY": 138222.73555032184,
    "UNDERSUPPLY": 2198305.9567418015
  },
  "contribution_by_quadrant": {
    "INEFFICIENT": -4858.947872558311,
    "OVERSUPPLY": 42247.73555032185,
    "UNDERSUPPLY": 1354705.9567418017
  }
}