{
  "depot": "PARGI",
  "target_date": "2026-05-12",
  "predicted_depot_pkm": 1760368.0,
  "total_services": 78,
  "count_add_slot": 59,
  "count_cut": 0,
  "count_no_change": 19,
  "total_allocated_pkm": 1631411.2632328023,
  "quadrant_counts": {
    "UNDERSUPPLY": 70,
    "OVERSUPPLY": 7,
    "INEFFICIENT": 1
  },
  "quadrant_pcts": {
    "UNDERSUPPLY": 89.7,
    "OVERSUPPLY": 9.0,
    "INEFFICIENT": 1.3
  },
  "total_revenue": 1878203.0793381175,
  "total_contribution": 1066578.0793381177,
  "total_planned_kms": 32465.0,
  "depot_avg_epk": 58.2571380152711,
  "depot_avg_or": 0.9607012193954876,
  "revenue_by_quadrant": {
    "INEFFICIENT": 7397.980312424991,
    "OVERSUPPLY": 136041.11184303334,
    "UNDERSUPPLY": 1734763.9871826593
  },
  "contribution_by_quadrant": {
    "INEFFICIENT": -802.0196875750089,
    "OVERSUPPLY": 47441.11184303333,
    "UNDERSUPPLY": 1019938.9871826593
  }
}