{
  "depot": "BHUPALAPALLAY",
  "target_date": "2026-05-12",
  "predicted_depot_pkm": 1540393.875,
  "total_services": 86,
  "count_add_slot": 28,
  "count_cut": 0,
  "count_no_change": 58,
  "total_allocated_pkm": 1453250.095907781,
  "quadrant_counts": {
    "UNDERSUPPLY": 58,
    "OVERSUPPLY": 18,
    "INEFFICIENT": 10
  },
  "quadrant_pcts": {
    "UNDERSUPPLY": 67.4,
    "OVERSUPPLY": 20.9,
    "INEFFICIENT": 11.6
  },
  "total_revenue": 1832695.4390687637,
  "total_contribution": 995644.0990687638,
  "total_planned_kms": 40104.0,
  "depot_avg_epk": 45.61256657871217,
  "depot_avg_or": 0.7095020129859737,
  "revenue_by_quadrant": {
    "INEFFICIENT": 20766.497316454028,
    "OVERSUPPLY": 324872.17909747467,
    "UNDERSUPPLY": 1487056.762654835
  },
  "contribution_by_quadrant": {
    "INEFFICIENT": -62674.36268354597,
    "OVERSUPPLY": 145644.57909747466,
    "UNDERSUPPLY": 912673.882654835
  }
}