{
  "depot": "MAHABOOBABAD",
  "target_date": "2026-05-12",
  "predicted_depot_pkm": 1331740.25,
  "total_services": 76,
  "count_add_slot": 33,
  "count_cut": 3,
  "count_no_change": 40,
  "total_allocated_pkm": 1245663.586988497,
  "quadrant_counts": {
    "UNDERSUPPLY": 52,
    "OVERSUPPLY": 18,
    "INEFFICIENT": 6
  },
  "quadrant_pcts": {
    "UNDERSUPPLY": 68.4,
    "OVERSUPPLY": 23.7,
    "INEFFICIENT": 7.9
  },
  "total_revenue": 1441307.1196639747,
  "total_contribution": 882819.3296639747,
  "total_planned_kms": 31066.0,
  "depot_avg_epk": 45.93814268651317,
  "depot_avg_or": 0.7426264820544661,
  "revenue_by_quadrant": {
    "INEFFICIENT": 9203.684932633067,
    "OVERSUPPLY": 256017.06501808268,
    "UNDERSUPPLY": 1176086.369713259
  },
  "contribution_by_quadrant": {
    "INEFFICIENT": -32886.835067366934,
    "OVERSUPPLY": 120200.95501808268,
    "UNDERSUPPLY": 795505.209713259
  }
}