{
  "depot": "BANSWADA",
  "target_date": "2026-05-12",
  "predicted_depot_pkm": 1772864.75,
  "total_services": 92,
  "count_add_slot": 33,
  "count_cut": 0,
  "count_no_change": 59,
  "total_allocated_pkm": 1595488.6885445474,
  "quadrant_counts": {
    "UNDERSUPPLY": 67,
    "OVERSUPPLY": 18,
    "INEFFICIENT": 7
  },
  "quadrant_pcts": {
    "UNDERSUPPLY": 72.8,
    "OVERSUPPLY": 19.6,
    "INEFFICIENT": 7.6
  },
  "total_revenue": 1903819.3156542843,
  "total_contribution": 1200448.1256542844,
  "total_planned_kms": 37832.0,
  "depot_avg_epk": 49.81270095925826,
  "depot_avg_or": 0.7543659951208679,
  "revenue_by_quadrant": {
    "INEFFICIENT": 11824.064991643589,
    "OVERSUPPLY": 261530.25517085398,
    "UNDERSUPPLY": 1630464.9954917869
  },
  "contribution_by_quadrant": {
    "INEFFICIENT": -39107.695008356415,
    "OVERSUPPLY": 129518.47517085397,
    "UNDERSUPPLY": 1110037.345491787
  }
}