{
  "depot": "KALVAKURTHY",
  "target_date": "2026-05-12",
  "predicted_depot_pkm": 1948876.5,
  "total_services": 98,
  "count_add_slot": 52,
  "count_cut": 1,
  "count_no_change": 45,
  "total_allocated_pkm": 1852492.2086997968,
  "quadrant_counts": {
    "UNDERSUPPLY": 69,
    "OVERSUPPLY": 21,
    "INEFFICIENT": 8
  },
  "quadrant_pcts": {
    "UNDERSUPPLY": 70.4,
    "OVERSUPPLY": 21.4,
    "INEFFICIENT": 8.2
  },
  "total_revenue": 2109907.7694643713,
  "total_contribution": 1024932.7694643718,
  "total_planned_kms": 43399.0,
  "depot_avg_epk": 48.5567248738982,
  "depot_avg_or": 0.8082233805851652,
  "revenue_by_quadrant": {
    "INEFFICIENT": 39866.14824139965,
    "OVERSUPPLY": 404086.54531028983,
    "UNDERSUPPLY": 1665955.075912682
  },
  "contribution_by_quadrant": {
    "INEFFICIENT": -30333.85175860035,
    "OVERSUPPLY": 133686.54531028986,
    "UNDERSUPPLY": 921580.0759126822
  }
}