{
  "depot": "WARANGAL-I",
  "target_date": "2026-03-28",
  "predicted_depot_pkm": 2026011.75,
  "total_services": 132,
  "count_add_slot": 16,
  "count_cut": 3,
  "count_no_change": 113,
  "total_allocated_pkm": 1802731.7350530496,
  "quadrant_counts": {
    "OVERSUPPLY": 74,
    "UNDERSUPPLY": 49,
    "INEFFICIENT": 9
  },
  "quadrant_pcts": {
    "OVERSUPPLY": 56.1,
    "UNDERSUPPLY": 37.1,
    "INEFFICIENT": 6.8
  },
  "total_revenue": 2666005.649512222,
  "total_contribution": 1122975.069512222,
  "total_planned_kms": 68078.0,
  "depot_avg_epk": 40.24009774661489,
  "depot_avg_or": 0.6236643570834537,
  "revenue_by_quadrant": {
    "INEFFICIENT": 6458.5745462524965,
    "OVERSUPPLY": 1719542.7500270782,
    "UNDERSUPPLY": 940004.3249388912
  },
  "contribution_by_quadrant": {
    "INEFFICIENT": -74290.0654537475,
    "OVERSUPPLY": 746603.2500270782,
    "UNDERSUPPLY": 450661.8849388912
  }
}