{
  "depot": "MAHABOOBABAD",
  "target_date": "2026-03-28",
  "predicted_depot_pkm": 1368737.375,
  "total_services": 76,
  "count_add_slot": 42,
  "count_cut": 3,
  "count_no_change": 31,
  "total_allocated_pkm": 1292931.2097643162,
  "quadrant_counts": {
    "UNDERSUPPLY": 55,
    "OVERSUPPLY": 15,
    "INEFFICIENT": 6
  },
  "quadrant_pcts": {
    "UNDERSUPPLY": 72.4,
    "OVERSUPPLY": 19.7,
    "INEFFICIENT": 7.9
  },
  "total_revenue": 1500621.647782974,
  "total_contribution": 942133.857782974,
  "total_planned_kms": 31066.0,
  "depot_avg_epk": 47.619881479848765,
  "depot_avg_or": 0.7916177105634975,
  "revenue_by_quadrant": {
    "INEFFICIENT": 18968.415002224374,
    "OVERSUPPLY": 225297.19991329045,
    "UNDERSUPPLY": 1256356.0328674593
  },
  "contribution_by_quadrant": {
    "INEFFICIENT": -21052.764997775623,
    "OVERSUPPLY": 112358.60991329045,
    "UNDERSUPPLY": 850828.0128674592
  }
}