{
  "depot": "CONTONMENT",
  "target_date": "2026-03-28",
  "predicted_depot_pkm": 1864106.875,
  "total_services": 280,
  "count_add_slot": 136,
  "count_cut": 0,
  "count_no_change": 144,
  "total_allocated_pkm": 1627527.5582110207,
  "quadrant_counts": {
    "UNDERSUPPLY": 157,
    "OVERSUPPLY": 76,
    "INEFFICIENT": 44,
    "SOCIAL_OBLIGATION": 3
  },
  "quadrant_pcts": {
    "UNDERSUPPLY": 56.1,
    "OVERSUPPLY": 27.1,
    "INEFFICIENT": 15.7,
    "SOCIAL_OBLIGATION": 1.1
  },
  "total_revenue": 2549094.7463769466,
  "total_contribution": 1087896.0613769467,
  "total_planned_kms": 46119.0,
  "depot_avg_epk": 58.72432865943392,
  "depot_avg_or": 0.8580464771100565,
  "revenue_by_quadrant": {
    "INEFFICIENT": 138284.464709432,
    "OVERSUPPLY": 585992.8143347161,
    "SOCIAL_OBLIGATION": 20350.77207300198,
    "UNDERSUPPLY": 1804466.6952597967
  },
  "contribution_by_quadrant": {
    "INEFFICIENT": -213200.15029056798,
    "OVERSUPPLY": 217638.66433471613,
    "SOCIAL_OBLIGATION": -1188.027926998022,
    "UNDERSUPPLY": 1084645.5752597966
  }
}