{
  "depot": "HANAMKONDA",
  "target_date": "2026-03-28",
  "predicted_depot_pkm": 2232337.0,
  "total_services": 169,
  "count_add_slot": 48,
  "count_cut": 0,
  "count_no_change": 121,
  "total_allocated_pkm": 2085978.7710366212,
  "quadrant_counts": {
    "UNDERSUPPLY": 98,
    "OVERSUPPLY": 60,
    "INEFFICIENT": 8,
    "SOCIAL_OBLIGATION": 3
  },
  "quadrant_pcts": {
    "UNDERSUPPLY": 58.0,
    "OVERSUPPLY": 35.5,
    "INEFFICIENT": 4.7,
    "SOCIAL_OBLIGATION": 1.8
  },
  "total_revenue": 2574084.74714614,
  "total_contribution": 1081542.2371461396,
  "total_planned_kms": 53984.0,
  "depot_avg_epk": 53.15627536512774,
  "depot_avg_or": 0.758445549493495,
  "revenue_by_quadrant": {
    "INEFFICIENT": 97325.04916781966,
    "OVERSUPPLY": 883181.4939614276,
    "SOCIAL_OBLIGATION": 49759.53296052677,
    "UNDERSUPPLY": 1543818.6710563656
  },
  "contribution_by_quadrant": {
    "INEFFICIENT": -18330.13083218035,
    "OVERSUPPLY": 429701.86396142753,
    "SOCIAL_OBLIGATION": -1460.8570394732342,
    "UNDERSUPPLY": 671631.3610563657
  }
}