{
  "depot": "RANIGUNJ-I",
  "target_date": "2026-05-21",
  "predicted_depot_pkm": 1662830.75,
  "total_services": 222,
  "count_add_slot": 175,
  "count_cut": 0,
  "count_no_change": 47,
  "total_allocated_pkm": 1539915.9543075208,
  "quadrant_counts": {
    "UNDERSUPPLY": 194,
    "OVERSUPPLY": 24,
    "INEFFICIENT": 4
  },
  "quadrant_pcts": {
    "UNDERSUPPLY": 87.4,
    "OVERSUPPLY": 10.8,
    "INEFFICIENT": 1.8
  },
  "total_revenue": 2258638.2103560334,
  "total_contribution": 1369476.210356033,
  "total_planned_kms": 35566.479999999996,
  "depot_avg_epk": 64.34620710088689,
  "depot_avg_or": 1.097787795558445,
  "revenue_by_quadrant": {
    "INEFFICIENT": 15232.879902156212,
    "OVERSUPPLY": 161209.64500762123,
    "UNDERSUPPLY": 2082195.6854462556
  },
  "contribution_by_quadrant": {
    "INEFFICIENT": -6492.120097843788,
    "OVERSUPPLY": 56784.64500762124,
    "UNDERSUPPLY": 1319183.6854462556
  }
}