{
  "depot": "MANCHERIAL",
  "target_date": "2026-05-21",
  "predicted_depot_pkm": 2177223.0,
  "total_services": 146,
  "count_add_slot": 27,
  "count_cut": 0,
  "count_no_change": 119,
  "total_allocated_pkm": 2057683.8190995257,
  "quadrant_counts": {
    "UNDERSUPPLY": 82,
    "OVERSUPPLY": 51,
    "INEFFICIENT": 13
  },
  "quadrant_pcts": {
    "UNDERSUPPLY": 56.2,
    "OVERSUPPLY": 34.9,
    "INEFFICIENT": 8.9
  },
  "total_revenue": 2630980.173011831,
  "total_contribution": 1087405.1730118312,
  "total_planned_kms": 61743.0,
  "depot_avg_epk": 42.63159516036589,
  "depot_avg_or": 0.693361725852704,
  "revenue_by_quadrant": {
    "INEFFICIENT": 78523.91943857355,
    "OVERSUPPLY": 937292.6189502073,
    "UNDERSUPPLY": 1615163.6346230502
  },
  "contribution_by_quadrant": {
    "INEFFICIENT": -55501.080561426454,
    "OVERSUPPLY": 336917.61895020725,
    "UNDERSUPPLY": 805988.6346230502
  }
}