{
  "depot": "KOLLAPUR",
  "target_date": "2026-05-21",
  "predicted_depot_pkm": 1401125.0,
  "total_services": 65,
  "count_add_slot": 41,
  "count_cut": 0,
  "count_no_change": 24,
  "total_allocated_pkm": 1320062.0512435196,
  "quadrant_counts": {
    "UNDERSUPPLY": 55,
    "OVERSUPPLY": 10
  },
  "quadrant_pcts": {
    "UNDERSUPPLY": 84.6,
    "OVERSUPPLY": 15.4
  },
  "total_revenue": 1578350.2428101536,
  "total_contribution": 842175.2428101536,
  "total_planned_kms": 29447.0,
  "depot_avg_epk": 54.151797471859865,
  "depot_avg_or": 0.8810000364735415,
  "revenue_by_quadrant": {
    "OVERSUPPLY": 167268.3011388127,
    "UNDERSUPPLY": 1411081.941671341
  },
  "contribution_by_quadrant": {
    "OVERSUPPLY": 37793.301138812705,
    "UNDERSUPPLY": 804381.9416713411
  }
}