{
  "depot": "MAHABOOBNAGAR",
  "target_date": "2026-05-21",
  "predicted_depot_pkm": 2467789.0,
  "total_services": 149,
  "count_add_slot": 65,
  "count_cut": 0,
  "count_no_change": 84,
  "total_allocated_pkm": 2332496.0753705376,
  "quadrant_counts": {
    "UNDERSUPPLY": 115,
    "OVERSUPPLY": 21,
    "INEFFICIENT": 13
  },
  "quadrant_pcts": {
    "UNDERSUPPLY": 77.2,
    "OVERSUPPLY": 14.1,
    "INEFFICIENT": 8.7
  },
  "total_revenue": 2911195.1050623865,
  "total_contribution": 1395859.1050623865,
  "total_planned_kms": 60613.44,
  "depot_avg_epk": 48.5738608514333,
  "depot_avg_or": 0.7948283270316956,
  "revenue_by_quadrant": {
    "INEFFICIENT": 28317.84353968514,
    "OVERSUPPLY": 369311.9470101248,
    "UNDERSUPPLY": 2513565.3145125764
  },
  "contribution_by_quadrant": {
    "INEFFICIENT": -106682.15646031486,
    "OVERSUPPLY": 112162.94701012482,
    "UNDERSUPPLY": 1390378.3145125764
  }
}