{
  "depot": "WANAPARTHI",
  "target_date": "2026-05-21",
  "predicted_depot_pkm": 2325477.25,
  "total_services": 130,
  "count_add_slot": 76,
  "count_cut": 0,
  "count_no_change": 54,
  "total_allocated_pkm": 2220143.1510448046,
  "quadrant_counts": {
    "UNDERSUPPLY": 105,
    "OVERSUPPLY": 21,
    "INEFFICIENT": 4
  },
  "quadrant_pcts": {
    "UNDERSUPPLY": 80.8,
    "OVERSUPPLY": 16.2,
    "INEFFICIENT": 3.1
  },
  "total_revenue": 2702691.4049522155,
  "total_contribution": 1428091.4049522155,
  "total_planned_kms": 50984.0,
  "depot_avg_epk": 53.163536337184624,
  "depot_avg_or": 0.8675949189261252,
  "revenue_by_quadrant": {
    "INEFFICIENT": 4948.961992175483,
    "OVERSUPPLY": 384565.03773345915,
    "UNDERSUPPLY": 2313177.405226581
  },
  "contribution_by_quadrant": {
    "INEFFICIENT": -26451.038007824518,
    "OVERSUPPLY": 144890.03773345918,
    "UNDERSUPPLY": 1309652.405226581
  }
}