{
  "depot": "MUSHIRABAD",
  "target_date": "2026-05-21",
  "predicted_depot_pkm": 1566983.5,
  "total_services": 201,
  "count_add_slot": 156,
  "count_cut": 0,
  "count_no_change": 45,
  "total_allocated_pkm": 1457410.3846290978,
  "quadrant_counts": {
    "UNDERSUPPLY": 165,
    "INEFFICIENT": 30,
    "OVERSUPPLY": 6
  },
  "quadrant_pcts": {
    "UNDERSUPPLY": 82.1,
    "INEFFICIENT": 14.9,
    "OVERSUPPLY": 3.0
  },
  "total_revenue": 2071630.0806285432,
  "total_contribution": 1282080.0806285434,
  "total_planned_kms": 31582.0,
  "depot_avg_epk": 66.96918334294524,
  "depot_avg_or": 1.0303145540398901,
  "revenue_by_quadrant": {
    "INEFFICIENT": 2317.5806213221636,
    "OVERSUPPLY": 30527.39260121278,
    "UNDERSUPPLY": 2038785.1074060083
  },
  "contribution_by_quadrant": {
    "INEFFICIENT": -138082.41937867785,
    "OVERSUPPLY": 9602.392601212781,
    "UNDERSUPPLY": 1410560.1074060083
  }
}