{
  "depot": "THORROR",
  "target_date": "2026-05-21",
  "predicted_depot_pkm": 1918143.125,
  "total_services": 94,
  "count_add_slot": 55,
  "count_cut": 5,
  "count_no_change": 34,
  "total_allocated_pkm": 1788625.156925716,
  "quadrant_counts": {
    "UNDERSUPPLY": 80,
    "OVERSUPPLY": 9,
    "INEFFICIENT": 5
  },
  "quadrant_pcts": {
    "UNDERSUPPLY": 85.1,
    "OVERSUPPLY": 9.6,
    "INEFFICIENT": 5.3
  },
  "total_revenue": 2233822.1636588885,
  "total_contribution": 1296091.3936588892,
  "total_planned_kms": 40942.0,
  "depot_avg_epk": 54.565633683991486,
  "depot_avg_or": 0.8639443366216394,
  "revenue_by_quadrant": {
    "INEFFICIENT": 18180.693773510422,
    "OVERSUPPLY": 151410.2199126953,
    "UNDERSUPPLY": 2064231.2499726831
  },
  "contribution_by_quadrant": {
    "INEFFICIENT": -23165.956226489576,
    "OVERSUPPLY": 73006.29991269531,
    "UNDERSUPPLY": 1246251.0499726832
  }
}