{
  "depot": "FALAKNUMA",
  "target_date": "2026-05-21",
  "predicted_depot_pkm": 1559425.875,
  "total_services": 148,
  "count_add_slot": 114,
  "count_cut": 0,
  "count_no_change": 34,
  "total_allocated_pkm": 1422813.5485374886,
  "quadrant_counts": {
    "UNDERSUPPLY": 116,
    "INEFFICIENT": 29,
    "OVERSUPPLY": 3
  },
  "quadrant_pcts": {
    "UNDERSUPPLY": 78.4,
    "INEFFICIENT": 19.6,
    "OVERSUPPLY": 2.0
  },
  "total_revenue": 1893709.4186559604,
  "total_contribution": 1193559.4186559606,
  "total_planned_kms": 28006.0,
  "depot_avg_epk": 64.71897895843179,
  "depot_avg_or": 1.053741410245771,
  "revenue_by_quadrant": {
    "INEFFICIENT": 1390.6810795014096,
    "OVERSUPPLY": 15184.078630830252,
    "UNDERSUPPLY": 1877134.658945629
  },
  "contribution_by_quadrant": {
    "INEFFICIENT": -102034.3189204986,
    "OVERSUPPLY": 4784.078630830253,
    "UNDERSUPPLY": 1290809.658945629
  }
}