{
  "depot": "CHENGICHERLA",
  "target_date": "2026-05-21",
  "predicted_depot_pkm": 1671060.625,
  "total_services": 192,
  "count_add_slot": 147,
  "count_cut": 0,
  "count_no_change": 45,
  "total_allocated_pkm": 1528054.6200004283,
  "quadrant_counts": {
    "UNDERSUPPLY": 168,
    "OVERSUPPLY": 22,
    "INEFFICIENT": 2
  },
  "quadrant_pcts": {
    "UNDERSUPPLY": 87.5,
    "OVERSUPPLY": 11.5,
    "INEFFICIENT": 1.0
  },
  "total_revenue": 2079106.4453122946,
  "total_contribution": 1172388.9453122946,
  "total_planned_kms": 36268.7,
  "depot_avg_epk": 59.10274087078721,
  "depot_avg_or": 0.9777437584430091,
  "revenue_by_quadrant": {
    "INEFFICIENT": 13803.080889715267,
    "OVERSUPPLY": 197195.42018128277,
    "UNDERSUPPLY": 1868107.9442412967
  },
  "contribution_by_quadrant": {
    "INEFFICIENT": -996.9191102847335,
    "OVERSUPPLY": 55845.42018128275,
    "UNDERSUPPLY": 1117540.4442412967
  }
}