{
  "depot": "MIYAPUR-II",
  "target_date": "2026-05-21",
  "predicted_depot_pkm": 1320942.0,
  "total_services": 176,
  "count_add_slot": 103,
  "count_cut": 0,
  "count_no_change": 73,
  "total_allocated_pkm": 1189199.2072885078,
  "quadrant_counts": {
    "UNDERSUPPLY": 113,
    "INEFFICIENT": 41,
    "OVERSUPPLY": 22
  },
  "quadrant_pcts": {
    "UNDERSUPPLY": 64.2,
    "INEFFICIENT": 23.3,
    "OVERSUPPLY": 12.5
  },
  "total_revenue": 2111188.536263927,
  "total_contribution": 1416915.5362639271,
  "total_planned_kms": 27770.92,
  "depot_avg_epk": 73.32515191293068,
  "depot_avg_or": 1.2001288769547547,
  "revenue_by_quadrant": {
    "INEFFICIENT": 10265.664460695807,
    "OVERSUPPLY": 222719.85783531962,
    "UNDERSUPPLY": 1878203.0139679117
  },
  "contribution_by_quadrant": {
    "INEFFICIENT": -121737.33553930419,
    "OVERSUPPLY": 117187.35783531962,
    "UNDERSUPPLY": 1421465.5139679117
  }
}