{
  "depot": "WARANGAL-II",
  "target_date": "2026-05-21",
  "predicted_depot_pkm": 2533553.25,
  "total_services": 158,
  "count_add_slot": 32,
  "count_cut": 1,
  "count_no_change": 125,
  "total_allocated_pkm": 2507983.8044209937,
  "quadrant_counts": {
    "UNDERSUPPLY": 79,
    "INEFFICIENT": 49,
    "OVERSUPPLY": 23,
    "SOCIAL_OBLIGATION": 7
  },
  "quadrant_pcts": {
    "UNDERSUPPLY": 50.0,
    "INEFFICIENT": 31.0,
    "OVERSUPPLY": 14.6,
    "SOCIAL_OBLIGATION": 4.4
  },
  "total_revenue": 3290252.495211219,
  "total_contribution": 366821.53521121904,
  "total_planned_kms": 75132.0,
  "depot_avg_epk": 44.069377115129264,
  "depot_avg_or": 0.6856667227378288,
  "revenue_by_quadrant": {
    "INEFFICIENT": 662108.8128718713,
    "OVERSUPPLY": 436972.4813178282,
    "SOCIAL_OBLIGATION": 144497.38803891907,
    "UNDERSUPPLY": 2046673.8129826004
  },
  "contribution_by_quadrant": {
    "INEFFICIENT": -310515.9071281287,
    "OVERSUPPLY": 47912.70131782822,
    "SOCIAL_OBLIGATION": -3717.8119610809154,
    "UNDERSUPPLY": 633142.5529826004
  }
}