{
  "depot": "BHUPALAPALLAY",
  "target_date": "2026-05-21",
  "predicted_depot_pkm": 1492240.5,
  "total_services": 86,
  "count_add_slot": 26,
  "count_cut": 0,
  "count_no_change": 60,
  "total_allocated_pkm": 1412983.649102525,
  "quadrant_counts": {
    "UNDERSUPPLY": 54,
    "OVERSUPPLY": 23,
    "INEFFICIENT": 9
  },
  "quadrant_pcts": {
    "UNDERSUPPLY": 62.8,
    "OVERSUPPLY": 26.7,
    "INEFFICIENT": 10.5
  },
  "total_revenue": 1781740.912235894,
  "total_contribution": 944689.572235894,
  "total_planned_kms": 40104.0,
  "depot_avg_epk": 44.14864101023395,
  "depot_avg_or": 0.6844658604487354,
  "revenue_by_quadrant": {
    "INEFFICIENT": 14748.475514891275,
    "OVERSUPPLY": 387411.6984135438,
    "UNDERSUPPLY": 1379580.7383074588
  },
  "contribution_by_quadrant": {
    "INEFFICIENT": -59029.984485108725,
    "OVERSUPPLY": 167365.6184135438,
    "UNDERSUPPLY": 836353.9383074589
  }
}