{
  "depot": "SIRCILLA",
  "target_date": "2026-05-21",
  "predicted_depot_pkm": 1175881.125,
  "total_services": 65,
  "count_add_slot": 29,
  "count_cut": 2,
  "count_no_change": 34,
  "total_allocated_pkm": 1065397.411053018,
  "quadrant_counts": {
    "UNDERSUPPLY": 45,
    "OVERSUPPLY": 13,
    "INEFFICIENT": 7
  },
  "quadrant_pcts": {
    "UNDERSUPPLY": 69.2,
    "OVERSUPPLY": 20.0,
    "INEFFICIENT": 10.8
  },
  "total_revenue": 1308205.5134497215,
  "total_contribution": 602380.5134497216,
  "total_planned_kms": 28233.0,
  "depot_avg_epk": 46.464165712017405,
  "depot_avg_or": 0.7552473529115672,
  "revenue_by_quadrant": {
    "INEFFICIENT": 32298.765606403715,
    "OVERSUPPLY": 199465.50069383136,
    "UNDERSUPPLY": 1076441.2471494866
  },
  "contribution_by_quadrant": {
    "INEFFICIENT": -41126.234393596285,
    "OVERSUPPLY": 47290.50069383135,
    "UNDERSUPPLY": 596216.2471494866
  }
}