{
  "depot": "NARAYANPET",
  "target_date": "2026-05-21",
  "predicted_depot_pkm": 2017054.5,
  "total_services": 95,
  "count_add_slot": 55,
  "count_cut": 0,
  "count_no_change": 40,
  "total_allocated_pkm": 1888625.8917794304,
  "quadrant_counts": {
    "UNDERSUPPLY": 77,
    "OVERSUPPLY": 12,
    "INEFFICIENT": 6
  },
  "quadrant_pcts": {
    "UNDERSUPPLY": 81.1,
    "OVERSUPPLY": 12.6,
    "INEFFICIENT": 6.3
  },
  "total_revenue": 2285758.1457261764,
  "total_contribution": 1245495.6457261764,
  "total_planned_kms": 41610.5,
  "depot_avg_epk": 55.05368221481798,
  "depot_avg_or": 0.8879099646497254,
  "revenue_by_quadrant": {
    "INEFFICIENT": 32820.74706014189,
    "OVERSUPPLY": 168708.99441898093,
    "UNDERSUPPLY": 2084228.4042470537
  },
  "contribution_by_quadrant": {
    "INEFFICIENT": -27779.25293985811,
    "OVERSUPPLY": 47108.99441898093,
    "UNDERSUPPLY": 1226165.9042470537
  }
}