{
  "depot": "HANAMKONDA",
  "target_date": "2026-05-21",
  "predicted_depot_pkm": 2038106.25,
  "total_services": 169,
  "count_add_slot": 62,
  "count_cut": 5,
  "count_no_change": 102,
  "total_allocated_pkm": 1926122.3129711202,
  "quadrant_counts": {
    "UNDERSUPPLY": 102,
    "OVERSUPPLY": 44,
    "INEFFICIENT": 21,
    "SOCIAL_OBLIGATION": 2
  },
  "quadrant_pcts": {
    "UNDERSUPPLY": 60.4,
    "OVERSUPPLY": 26.0,
    "INEFFICIENT": 12.4,
    "SOCIAL_OBLIGATION": 1.2
  },
  "total_revenue": 2373327.8444829145,
  "total_contribution": 880785.3344829143,
  "total_planned_kms": 53984.0,
  "depot_avg_epk": 49.43139265335662,
  "depot_avg_or": 0.8045942445735771,
  "revenue_by_quadrant": {
    "INEFFICIENT": 212227.92990959846,
    "OVERSUPPLY": 759999.7975763697,
    "SOCIAL_OBLIGATION": 35138.72138580441,
    "UNDERSUPPLY": 1365961.3956111418
  },
  "contribution_by_quadrant": {
    "INEFFICIENT": -55811.390090401575,
    "OVERSUPPLY": 313762.7275763697,
    "SOCIAL_OBLIGATION": -144.46861419559355,
    "UNDERSUPPLY": 622978.4656111419
  }
}