{
  "depot": "BHUPALAPALLAY",
  "target_date": "2026-03-05",
  "predicted_depot_pkm": 1482879.75,
  "total_services": 86,
  "count_add_slot": 29,
  "count_cut": 1,
  "count_no_change": 56,
  "total_allocated_pkm": 1434300.6650441205,
  "quadrant_counts": {
    "UNDERSUPPLY": 53,
    "OVERSUPPLY": 27,
    "INEFFICIENT": 6
  },
  "quadrant_pcts": {
    "UNDERSUPPLY": 61.6,
    "OVERSUPPLY": 31.4,
    "INEFFICIENT": 7.0
  },
  "total_revenue": 1810815.344669767,
  "total_contribution": 974098.9646697667,
  "total_planned_kms": 40068.0,
  "depot_avg_epk": 44.99973961064421,
  "depot_avg_or": 0.7167043670367446,
  "revenue_by_quadrant": {
    "INEFFICIENT": 25940.16794891349,
    "OVERSUPPLY": 457421.100974084,
    "UNDERSUPPLY": 1327454.0757467693
  },
  "contribution_by_quadrant": {
    "INEFFICIENT": -29893.15205108651,
    "OVERSUPPLY": 195139.52097408404,
    "UNDERSUPPLY": 808852.5957467692
  }
}