{
  "depot": "WARANGAL-I",
  "target_date": "2026-03-05",
  "predicted_depot_pkm": 1865793.5,
  "total_services": 132,
  "count_add_slot": 0,
  "count_cut": 2,
  "count_no_change": 130,
  "total_allocated_pkm": 1165040.6905349488,
  "quadrant_counts": {
    "OVERSUPPLY": 87,
    "INEFFICIENT": 44,
    "UNDERSUPPLY": 1
  },
  "quadrant_pcts": {
    "OVERSUPPLY": 65.9,
    "INEFFICIENT": 33.3,
    "UNDERSUPPLY": 0.8
  },
  "total_revenue": 1678077.7675832307,
  "total_contribution": 135047.18758323064,
  "total_planned_kms": 68078.0,
  "depot_avg_epk": 25.81657521924819,
  "depot_avg_or": 0.40152679878151293,
  "revenue_by_quadrant": {
    "INEFFICIENT": 477467.4720153644,
    "OVERSUPPLY": 1185565.8999373338,
    "UNDERSUPPLY": 15044.395630532466
  },
  "contribution_by_quadrant": {
    "INEFFICIENT": -90487.18798463562,
    "OVERSUPPLY": 216893.1799373338,
    "UNDERSUPPLY": 8641.195630532467
  }
}