{
  "depot": "MAHABOOBABAD",
  "target_date": "2026-03-05",
  "predicted_depot_pkm": 1424655.125,
  "total_services": 74,
  "count_add_slot": 48,
  "count_cut": 2,
  "count_no_change": 24,
  "total_allocated_pkm": 1376325.6122466363,
  "quadrant_counts": {
    "UNDERSUPPLY": 61,
    "OVERSUPPLY": 10,
    "INEFFICIENT": 3
  },
  "quadrant_pcts": {
    "UNDERSUPPLY": 82.4,
    "OVERSUPPLY": 13.5,
    "INEFFICIENT": 4.1
  },
  "total_revenue": 1590356.7904870273,
  "total_contribution": 1050085.3604870273,
  "total_planned_kms": 30064.0,
  "depot_avg_epk": 52.21047056538691,
  "depot_avg_or": 0.8703821647020458,
  "revenue_by_quadrant": {
    "INEFFICIENT": 6319.0012444237855,
    "OVERSUPPLY": 152399.441926175,
    "UNDERSUPPLY": 1431638.3473164286
  },
  "contribution_by_quadrant": {
    "INEFFICIENT": -12010.798755576214,
    "OVERSUPPLY": 74091.93192617499,
    "UNDERSUPPLY": 988004.2273164286
  }
}