{
  "depot": "HANAMKONDA",
  "target_date": "2026-03-05",
  "predicted_depot_pkm": 2077689.625,
  "total_services": 169,
  "count_add_slot": 0,
  "count_cut": 2,
  "count_no_change": 167,
  "total_allocated_pkm": 1308785.0583456424,
  "quadrant_counts": {
    "OVERSUPPLY": 102,
    "INEFFICIENT": 57,
    "UNDERSUPPLY": 10
  },
  "quadrant_pcts": {
    "OVERSUPPLY": 60.4,
    "INEFFICIENT": 33.7,
    "UNDERSUPPLY": 5.9
  },
  "total_revenue": 1602853.0889197297,
  "total_contribution": 110310.57891972945,
  "total_planned_kms": 53984.0,
  "depot_avg_epk": 33.82546623208405,
  "depot_avg_or": 0.4831469465854701,
  "revenue_by_quadrant": {
    "INEFFICIENT": 594100.802187181,
    "OVERSUPPLY": 928514.4732339525,
    "UNDERSUPPLY": 80237.8134985961
  },
  "contribution_by_quadrant": {
    "INEFFICIENT": -225284.95781281914,
    "OVERSUPPLY": 298232.99323395255,
    "UNDERSUPPLY": 37362.54349859609
  }
}