{
  "depot": "HAKIMPET",
  "target_date": "2026-03-05",
  "predicted_depot_pkm": 1475714.625,
  "total_services": 147,
  "count_add_slot": 32,
  "count_cut": 0,
  "count_no_change": 115,
  "total_allocated_pkm": 1287649.2166665546,
  "quadrant_counts": {
    "UNDERSUPPLY": 95,
    "OVERSUPPLY": 49,
    "INEFFICIENT": 3
  },
  "quadrant_pcts": {
    "UNDERSUPPLY": 64.6,
    "OVERSUPPLY": 33.3,
    "INEFFICIENT": 2.0
  },
  "total_revenue": 1734323.3186593782,
  "total_contribution": 925588.0086593782,
  "total_planned_kms": 30757.0,
  "depot_avg_epk": 56.49694099701251,
  "depot_avg_or": 0.7649034122391215,
  "revenue_by_quadrant": {
    "INEFFICIENT": 5143.768469531226,
    "OVERSUPPLY": 531005.0970844775,
    "UNDERSUPPLY": 1198174.4531053693
  },
  "contribution_by_quadrant": {
    "INEFFICIENT": -5443.921530468773,
    "OVERSUPPLY": 247398.11708447753,
    "UNDERSUPPLY": 683633.8131053693
  }
}