{
  "depot": "CHENGICHERLA",
  "target_date": "2026-05-24",
  "predicted_depot_pkm": 1556008.5,
  "total_services": 192,
  "count_add_slot": 130,
  "count_cut": 0,
  "count_no_change": 62,
  "total_allocated_pkm": 1417894.9401875357,
  "quadrant_counts": {
    "UNDERSUPPLY": 165,
    "OVERSUPPLY": 23,
    "INEFFICIENT": 4
  },
  "quadrant_pcts": {
    "UNDERSUPPLY": 85.9,
    "OVERSUPPLY": 12.0,
    "INEFFICIENT": 2.1
  },
  "total_revenue": 1930952.275742434,
  "total_contribution": 1024234.7757424342,
  "total_planned_kms": 36268.7,
  "depot_avg_epk": 55.09992544978155,
  "depot_avg_or": 0.9109615461321764,
  "revenue_by_quadrant": {
    "INEFFICIENT": 12338.735778437373,
    "OVERSUPPLY": 211097.1309070131,
    "UNDERSUPPLY": 1707516.4090569837
  },
  "contribution_by_quadrant": {
    "INEFFICIENT": -12661.26422156263,
    "OVERSUPPLY": 56922.13090701311,
    "UNDERSUPPLY": 979973.9090569835
  }
}