{
  "depot": "WANAPARTHI",
  "target_date": "2026-05-24",
  "predicted_depot_pkm": 2161370.5,
  "total_services": 130,
  "count_add_slot": 60,
  "count_cut": 0,
  "count_no_change": 70,
  "total_allocated_pkm": 2069986.827783944,
  "quadrant_counts": {
    "UNDERSUPPLY": 91,
    "OVERSUPPLY": 35,
    "INEFFICIENT": 4
  },
  "quadrant_pcts": {
    "UNDERSUPPLY": 70.0,
    "OVERSUPPLY": 26.9,
    "INEFFICIENT": 3.1
  },
  "total_revenue": 2520352.9941866715,
  "total_contribution": 1245752.994186671,
  "total_planned_kms": 50984.0,
  "depot_avg_epk": 49.515325739011594,
  "depot_avg_or": 0.8080065903184094,
  "revenue_by_quadrant": {
    "INEFFICIENT": 3911.0404135028357,
    "OVERSUPPLY": 577866.2932599768,
    "UNDERSUPPLY": 1938575.6605131915
  },
  "contribution_by_quadrant": {
    "INEFFICIENT": -27488.959586497163,
    "OVERSUPPLY": 204541.2932599768,
    "UNDERSUPPLY": 1068700.6605131915
  }
}