{
  "depot": "HAYATHNAGAR-II",
  "target_date": "2026-05-24",
  "predicted_depot_pkm": 1137754.875,
  "total_services": 169,
  "count_add_slot": 148,
  "count_cut": 0,
  "count_no_change": 21,
  "total_allocated_pkm": 1043631.3055086418,
  "quadrant_counts": {
    "UNDERSUPPLY": 156,
    "OVERSUPPLY": 8,
    "INEFFICIENT": 5
  },
  "quadrant_pcts": {
    "UNDERSUPPLY": 92.3,
    "OVERSUPPLY": 4.7,
    "INEFFICIENT": 3.0
  },
  "total_revenue": 1638501.830569153,
  "total_contribution": 970709.330569153,
  "total_planned_kms": 26711.699999999997,
  "depot_avg_epk": 62.44085073354247,
  "depot_avg_or": 1.136320466419446,
  "revenue_by_quadrant": {
    "INEFFICIENT": 3283.5171763393764,
    "OVERSUPPLY": 35396.0704767238,
    "UNDERSUPPLY": 1599822.2429160897
  },
  "contribution_by_quadrant": {
    "INEFFICIENT": -29802.982823660623,
    "OVERSUPPLY": 7800.570476723795,
    "UNDERSUPPLY": 992711.7429160897
  }
}