{
  "depot": "KUKATPALLY",
  "target_date": "2026-05-24",
  "predicted_depot_pkm": 1253926.0,
  "total_services": 204,
  "count_add_slot": 62,
  "count_cut": 0,
  "count_no_change": 142,
  "total_allocated_pkm": 976041.8166607008,
  "quadrant_counts": {
    "UNDERSUPPLY": 113,
    "OVERSUPPLY": 51,
    "INEFFICIENT": 40
  },
  "quadrant_pcts": {
    "UNDERSUPPLY": 55.4,
    "OVERSUPPLY": 25.0,
    "INEFFICIENT": 19.6
  },
  "total_revenue": 1326252.1038928535,
  "total_contribution": 535002.4638928535,
  "total_planned_kms": 38029.06,
  "depot_avg_epk": 40.12184969797943,
  "depot_avg_or": 0.6503193049604733,
  "revenue_by_quadrant": {
    "INEFFICIENT": 18915.883951471274,
    "OVERSUPPLY": 298839.13929377706,
    "UNDERSUPPLY": 1008497.080647605
  },
  "contribution_by_quadrant": {
    "INEFFICIENT": -213080.39604852872,
    "OVERSUPPLY": 122768.91929377704,
    "UNDERSUPPLY": 625313.940647605
  }
}