{
  "depot": "MIRYALAGUDA",
  "target_date": "2026-05-24",
  "predicted_depot_pkm": 1601493.625,
  "total_services": 125,
  "count_add_slot": 14,
  "count_cut": 6,
  "count_no_change": 105,
  "total_allocated_pkm": 1224364.5570282764,
  "quadrant_counts": {
    "OVERSUPPLY": 80,
    "UNDERSUPPLY": 30,
    "INEFFICIENT": 15
  },
  "quadrant_pcts": {
    "OVERSUPPLY": 64.0,
    "UNDERSUPPLY": 24.0,
    "INEFFICIENT": 12.0
  },
  "total_revenue": 1617595.854204788,
  "total_contribution": 537770.854204788,
  "total_planned_kms": 43193.0,
  "depot_avg_epk": 36.75660301754036,
  "depot_avg_or": 0.5839251832496647,
  "revenue_by_quadrant": {
    "INEFFICIENT": 19820.24201084615,
    "OVERSUPPLY": 1010149.3639920423,
    "UNDERSUPPLY": 587626.2482018996
  },
  "contribution_by_quadrant": {
    "INEFFICIENT": -106604.75798915385,
    "OVERSUPPLY": 332149.36399204226,
    "UNDERSUPPLY": 312226.2482018996
  }
}