{
  "depot": "BHAINSA",
  "target_date": "2026-05-24",
  "predicted_depot_pkm": 1425865.625,
  "total_services": 73,
  "count_add_slot": 46,
  "count_cut": 0,
  "count_no_change": 27,
  "total_allocated_pkm": 1362599.4330215345,
  "quadrant_counts": {
    "UNDERSUPPLY": 60,
    "OVERSUPPLY": 7,
    "INEFFICIENT": 6
  },
  "quadrant_pcts": {
    "UNDERSUPPLY": 82.2,
    "OVERSUPPLY": 9.6,
    "INEFFICIENT": 8.2
  },
  "total_revenue": 1525630.84452821,
  "total_contribution": 796130.8445282099,
  "total_planned_kms": 29180.0,
  "depot_avg_epk": 52.070775545231726,
  "depot_avg_or": 0.8723000090483475,
  "revenue_by_quadrant": {
    "INEFFICIENT": 15107.706430587457,
    "OVERSUPPLY": 96824.65992719379,
    "UNDERSUPPLY": 1413698.4781704287
  },
  "contribution_by_quadrant": {
    "INEFFICIENT": -40892.29356941254,
    "OVERSUPPLY": 31224.65992719379,
    "UNDERSUPPLY": 805798.4781704287
  }
}