{
  "depot": "NIZAMABAD-I",
  "target_date": "2026-05-24",
  "predicted_depot_pkm": 1721735.625,
  "total_services": 125,
  "count_add_slot": 17,
  "count_cut": 0,
  "count_no_change": 108,
  "total_allocated_pkm": 1399726.4807695008,
  "quadrant_counts": {
    "OVERSUPPLY": 68,
    "UNDERSUPPLY": 42,
    "INEFFICIENT": 15
  },
  "quadrant_pcts": {
    "OVERSUPPLY": 54.4,
    "UNDERSUPPLY": 33.6,
    "INEFFICIENT": 12.0
  },
  "total_revenue": 1894636.802567549,
  "total_contribution": 906912.8225675487,
  "total_planned_kms": 51753.0,
  "depot_avg_epk": 38.9340718638158,
  "depot_avg_or": 0.5940069421372253,
  "revenue_by_quadrant": {
    "INEFFICIENT": 6614.794397577368,
    "OVERSUPPLY": 1056058.3054585978,
    "UNDERSUPPLY": 831963.7027113736
  },
  "contribution_by_quadrant": {
    "INEFFICIENT": -153743.70560242265,
    "OVERSUPPLY": 533513.1254585978,
    "UNDERSUPPLY": 527143.4027113735
  }
}