{
  "depot": "HANAMKONDA",
  "target_date": "2026-05-24",
  "predicted_depot_pkm": 1877547.75,
  "total_services": 169,
  "count_add_slot": 50,
  "count_cut": 5,
  "count_no_change": 114,
  "total_allocated_pkm": 1803494.603370588,
  "quadrant_counts": {
    "UNDERSUPPLY": 90,
    "OVERSUPPLY": 48,
    "INEFFICIENT": 30,
    "SOCIAL_OBLIGATION": 1
  },
  "quadrant_pcts": {
    "UNDERSUPPLY": 53.3,
    "OVERSUPPLY": 28.4,
    "INEFFICIENT": 17.8,
    "SOCIAL_OBLIGATION": 0.6
  },
  "total_revenue": 2220714.9592653485,
  "total_contribution": 728172.4492653487,
  "total_planned_kms": 53984.0,
  "depot_avg_epk": 46.243438185715924,
  "depot_avg_or": 0.7520708192816559,
  "revenue_by_quadrant": {
    "INEFFICIENT": 330939.63972952636,
    "OVERSUPPLY": 782896.8663177029,
    "SOCIAL_OBLIGATION": 5886.289488953466,
    "UNDERSUPPLY": 1100992.1637291661
  },
  "contribution_by_quadrant": {
    "INEFFICIENT": -80345.49027047367,
    "OVERSUPPLY": 302639.47631770285,
    "SOCIAL_OBLIGATION": -488.5905110465337,
    "UNDERSUPPLY": 506367.05372916604
  }
}