{
  "depot": "DILSHUKNAGAR",
  "target_date": "2026-05-24",
  "predicted_depot_pkm": 1242838.0,
  "total_services": 149,
  "count_add_slot": 82,
  "count_cut": 0,
  "count_no_change": 67,
  "total_allocated_pkm": 1125432.8792981058,
  "quadrant_counts": {
    "UNDERSUPPLY": 104,
    "INEFFICIENT": 32,
    "OVERSUPPLY": 13
  },
  "quadrant_pcts": {
    "UNDERSUPPLY": 69.8,
    "INEFFICIENT": 21.5,
    "OVERSUPPLY": 8.7
  },
  "total_revenue": 1510460.213084189,
  "total_contribution": 699478.213084189,
  "total_planned_kms": 32439.28,
  "depot_avg_epk": 47.822765035545125,
  "depot_avg_or": 0.7720955253777552,
  "revenue_by_quadrant": {
    "INEFFICIENT": 8343.988602855732,
    "OVERSUPPLY": 70759.80645238991,
    "UNDERSUPPLY": 1431356.4180289432
  },
  "contribution_by_quadrant": {
    "INEFFICIENT": -182431.01139714426,
    "OVERSUPPLY": 23562.306452389916,
    "UNDERSUPPLY": 858346.9180289434
  }
}