{
  "depot": "JEEDIMETLA",
  "target_date": "2026-05-24",
  "predicted_depot_pkm": 1497975.25,
  "total_services": 209,
  "count_add_slot": 88,
  "count_cut": 0,
  "count_no_change": 121,
  "total_allocated_pkm": 1389752.4463336873,
  "quadrant_counts": {
    "UNDERSUPPLY": 146,
    "OVERSUPPLY": 53,
    "INEFFICIENT": 10
  },
  "quadrant_pcts": {
    "UNDERSUPPLY": 69.9,
    "OVERSUPPLY": 25.4,
    "INEFFICIENT": 4.8
  },
  "total_revenue": 1931300.773878278,
  "total_contribution": 961075.773878278,
  "total_planned_kms": 38809.0,
  "depot_avg_epk": 51.164760378633375,
  "depot_avg_or": 0.8124731886152295,
  "revenue_by_quadrant": {
    "INEFFICIENT": 36276.47392241047,
    "OVERSUPPLY": 413802.52715822746,
    "UNDERSUPPLY": 1481221.77279764
  },
  "contribution_by_quadrant": {
    "INEFFICIENT": -9498.526077589526,
    "OVERSUPPLY": 134427.52715822746,
    "UNDERSUPPLY": 836146.7727976401
  }
}