{
  "depot": "NARAYANKHED",
  "target_date": "2026-05-24",
  "predicted_depot_pkm": 1051290.0,
  "total_services": 54,
  "count_add_slot": 14,
  "count_cut": 0,
  "count_no_change": 40,
  "total_allocated_pkm": 871484.5722718667,
  "quadrant_counts": {
    "UNDERSUPPLY": 26,
    "INEFFICIENT": 14,
    "OVERSUPPLY": 14
  },
  "quadrant_pcts": {
    "UNDERSUPPLY": 48.1,
    "INEFFICIENT": 25.9,
    "OVERSUPPLY": 25.9
  },
  "total_revenue": 1080649.4619514882,
  "total_contribution": 466724.4619514882,
  "total_planned_kms": 24557.0,
  "depot_avg_epk": 40.59985307278707,
  "depot_avg_or": 0.601784238238013,
  "revenue_by_quadrant": {
    "INEFFICIENT": 35346.64275322819,
    "OVERSUPPLY": 263446.98401712975,
    "UNDERSUPPLY": 781855.8351811302
  },
  "contribution_by_quadrant": {
    "INEFFICIENT": -92253.35724677182,
    "OVERSUPPLY": 102996.98401712974,
    "UNDERSUPPLY": 455980.8351811303
  }
}