{
  "depot": "MADHIRA",
  "target_date": "2026-05-24",
  "predicted_depot_pkm": 1371569.25,
  "total_services": 62,
  "count_add_slot": 37,
  "count_cut": 1,
  "count_no_change": 24,
  "total_allocated_pkm": 1236994.950459903,
  "quadrant_counts": {
    "UNDERSUPPLY": 44,
    "OVERSUPPLY": 15,
    "INEFFICIENT": 3
  },
  "quadrant_pcts": {
    "UNDERSUPPLY": 71.0,
    "OVERSUPPLY": 24.2,
    "INEFFICIENT": 4.8
  },
  "total_revenue": 1592670.9282338407,
  "total_contribution": 833220.9282338404,
  "total_planned_kms": 30378.0,
  "depot_avg_epk": 51.661600398997805,
  "depot_avg_or": 0.8448709012567435,
  "revenue_by_quadrant": {
    "INEFFICIENT": 26156.726463472245,
    "OVERSUPPLY": 280247.64802053245,
    "UNDERSUPPLY": 1286266.5537498356
  },
  "contribution_by_quadrant": {
    "INEFFICIENT": -2268.273536527756,
    "OVERSUPPLY": 89497.64802053245,
    "UNDERSUPPLY": 745991.5537498357
  }
}