{
  "depot": "BANSWADA",
  "target_date": "2026-04-07",
  "predicted_depot_pkm": 1655881.75,
  "total_services": 92,
  "count_add_slot": 25,
  "count_cut": 0,
  "count_no_change": 67,
  "total_allocated_pkm": 1510427.6873053182,
  "quadrant_counts": {
    "UNDERSUPPLY": 56,
    "OVERSUPPLY": 30,
    "INEFFICIENT": 6
  },
  "quadrant_pcts": {
    "UNDERSUPPLY": 60.9,
    "OVERSUPPLY": 32.6,
    "INEFFICIENT": 6.5
  },
  "total_revenue": 1810000.1381637699,
  "total_contribution": 1106628.94816377,
  "total_planned_kms": 37832.0,
  "depot_avg_epk": 47.01378919113335,
  "depot_avg_or": 0.7092673756000221,
  "revenue_by_quadrant": {
    "INEFFICIENT": 0.0,
    "OVERSUPPLY": 427825.76930296846,
    "UNDERSUPPLY": 1382174.3688608014
  },
  "contribution_by_quadrant": {
    "INEFFICIENT": -44901.350000000006,
    "OVERSUPPLY": 213053.87930296845,
    "UNDERSUPPLY": 938476.4188608015
  }
}