{
  "depot": "HANAMKONDA",
  "target_date": "2026-04-07",
  "predicted_depot_pkm": 1960805.25,
  "total_services": 169,
  "count_add_slot": 58,
  "count_cut": 0,
  "count_no_change": 111,
  "total_allocated_pkm": 1899400.9133912465,
  "quadrant_counts": {
    "UNDERSUPPLY": 90,
    "OVERSUPPLY": 50,
    "INEFFICIENT": 28,
    "SOCIAL_OBLIGATION": 1
  },
  "quadrant_pcts": {
    "UNDERSUPPLY": 53.3,
    "OVERSUPPLY": 29.6,
    "INEFFICIENT": 16.6,
    "SOCIAL_OBLIGATION": 0.6
  },
  "total_revenue": 2345004.0724650463,
  "total_contribution": 852461.5624650462,
  "total_planned_kms": 53984.0,
  "depot_avg_epk": 49.74872759674117,
  "depot_avg_or": 0.8107419904247342,
  "revenue_by_quadrant": {
    "INEFFICIENT": 390628.59416164394,
    "OVERSUPPLY": 808370.0738245571,
    "SOCIAL_OBLIGATION": 15757.41542638808,
    "UNDERSUPPLY": 1130247.9890524573
  },
  "contribution_by_quadrant": {
    "INEFFICIENT": -53687.06583835609,
    "OVERSUPPLY": 338500.01382455707,
    "SOCIAL_OBLIGATION": -46.9745736119221,
    "UNDERSUPPLY": 567695.5890524571
  }
}