{
  "depot": "HYDERABAD-I",
  "target_date": "2026-04-07",
  "predicted_depot_pkm": 1947863.375,
  "total_services": 112,
  "count_add_slot": 41,
  "count_cut": 0,
  "count_no_change": 71,
  "total_allocated_pkm": 1742174.4004928237,
  "quadrant_counts": {
    "UNDERSUPPLY": 57,
    "OVERSUPPLY": 41,
    "INEFFICIENT": 14
  },
  "quadrant_pcts": {
    "UNDERSUPPLY": 50.9,
    "OVERSUPPLY": 36.6,
    "INEFFICIENT": 12.5
  },
  "total_revenue": 2572138.447211207,
  "total_contribution": 1351417.2072112071,
  "total_planned_kms": 56941.0,
  "depot_avg_epk": 48.009750152690394,
  "depot_avg_or": 0.6931813898860189,
  "revenue_by_quadrant": {
    "INEFFICIENT": 84778.85162535265,
    "OVERSUPPLY": 977348.484216274,
    "UNDERSUPPLY": 1510011.1113695805
  },
  "contribution_by_quadrant": {
    "INEFFICIENT": -87094.16837464736,
    "OVERSUPPLY": 396623.2042162741,
    "UNDERSUPPLY": 1041888.1713695804
  }
}