{
  "depot": "WARANGAL-I",
  "target_date": "2026-04-27",
  "predicted_depot_pkm": 1714315.75,
  "total_services": 130,
  "count_add_slot": 5,
  "count_cut": 0,
  "count_no_change": 125,
  "total_allocated_pkm": 1592167.9472853304,
  "quadrant_counts": {
    "OVERSUPPLY": 98,
    "UNDERSUPPLY": 25,
    "INEFFICIENT": 7
  },
  "quadrant_pcts": {
    "OVERSUPPLY": 75.4,
    "UNDERSUPPLY": 19.2,
    "INEFFICIENT": 5.4
  },
  "total_revenue": 2355956.6892462447,
  "total_contribution": 830562.6692462447,
  "total_planned_kms": 67106.0,
  "depot_avg_epk": 36.405138117762334,
  "depot_avg_or": 0.5631807137345526,
  "revenue_by_quadrant": {
    "INEFFICIENT": 37050.41455804824,
    "OVERSUPPLY": 1855100.3507380607,
    "UNDERSUPPLY": 463805.9239501357
  },
  "contribution_by_quadrant": {
    "INEFFICIENT": -45004.26544195176,
    "OVERSUPPLY": 685764.2507380608,
    "UNDERSUPPLY": 189802.68395013572
  }
}