{
  "depot": "BODHAN",
  "target_date": "2026-04-27",
  "predicted_depot_pkm": 1652597.875,
  "total_services": 104,
  "count_add_slot": 31,
  "count_cut": 0,
  "count_no_change": 73,
  "total_allocated_pkm": 1621286.3362691212,
  "quadrant_counts": {
    "UNDERSUPPLY": 52,
    "OVERSUPPLY": 47,
    "INEFFICIENT": 5
  },
  "quadrant_pcts": {
    "UNDERSUPPLY": 50.0,
    "OVERSUPPLY": 45.2,
    "INEFFICIENT": 4.8
  },
  "total_revenue": 2069008.4077941822,
  "total_contribution": 1128079.3177941823,
  "total_planned_kms": 50213.0,
  "depot_avg_epk": 43.18082941450372,
  "depot_avg_or": 0.7007584222161742,
  "revenue_by_quadrant": {
    "INEFFICIENT": 21862.347356545197,
    "OVERSUPPLY": 906919.2050143906,
    "UNDERSUPPLY": 1140226.8554232465
  },
  "contribution_by_quadrant": {
    "INEFFICIENT": -17587.772643454806,
    "OVERSUPPLY": 382955.73501439067,
    "UNDERSUPPLY": 762711.3554232465
  }
}