{
  "depot": "HANAMKONDA",
  "target_date": "2026-04-27",
  "predicted_depot_pkm": 1763995.25,
  "total_services": 169,
  "count_add_slot": 40,
  "count_cut": 0,
  "count_no_change": 129,
  "total_allocated_pkm": 1639019.81417308,
  "quadrant_counts": {
    "OVERSUPPLY": 68,
    "UNDERSUPPLY": 65,
    "INEFFICIENT": 36
  },
  "quadrant_pcts": {
    "OVERSUPPLY": 40.2,
    "UNDERSUPPLY": 38.5,
    "INEFFICIENT": 21.3
  },
  "total_revenue": 2022774.5735352002,
  "total_contribution": 530232.0635352004,
  "total_planned_kms": 53984.0,
  "depot_avg_epk": 42.808105509331085,
  "depot_avg_or": 0.6991557404417899,
  "revenue_by_quadrant": {
    "INEFFICIENT": 427411.4488712091,
    "OVERSUPPLY": 853600.3119850208,
    "UNDERSUPPLY": 741762.8126789706
  },
  "contribution_by_quadrant": {
    "INEFFICIENT": -83057.96112879095,
    "OVERSUPPLY": 312227.7319850207,
    "UNDERSUPPLY": 301062.2926789706
  }
}