{
  "depot": "WARANGAL-II",
  "target_date": "2026-04-27",
  "predicted_depot_pkm": 2563243.5,
  "total_services": 158,
  "count_add_slot": 33,
  "count_cut": 0,
  "count_no_change": 125,
  "total_allocated_pkm": 2535887.7750215195,
  "quadrant_counts": {
    "UNDERSUPPLY": 77,
    "INEFFICIENT": 49,
    "OVERSUPPLY": 29,
    "SOCIAL_OBLIGATION": 3
  },
  "quadrant_pcts": {
    "UNDERSUPPLY": 48.7,
    "INEFFICIENT": 31.0,
    "OVERSUPPLY": 18.4,
    "SOCIAL_OBLIGATION": 1.9
  },
  "total_revenue": 3331207.724468283,
  "total_contribution": 407776.7644682833,
  "total_planned_kms": 75132.0,
  "depot_avg_epk": 44.624902791932016,
  "depot_avg_or": 0.6938006009247547,
  "revenue_by_quadrant": {
    "INEFFICIENT": 721328.177324348,
    "OVERSUPPLY": 537759.0566577866,
    "SOCIAL_OBLIGATION": 60874.21712164899,
    "UNDERSUPPLY": 2011246.2733644994
  },
  "contribution_by_quadrant": {
    "INEFFICIENT": -292328.122675652,
    "OVERSUPPLY": 53815.35665778656,
    "SOCIAL_OBLIGATION": -2646.582878351008,
    "UNDERSUPPLY": 648936.1133644996
  }
}