{
  "depot": "HAKIMPET",
  "target_date": "2026-04-27",
  "predicted_depot_pkm": 1438597.75,
  "total_services": 147,
  "count_add_slot": 94,
  "count_cut": 0,
  "count_no_change": 53,
  "total_allocated_pkm": 1073538.7802466277,
  "quadrant_counts": {
    "UNDERSUPPLY": 114,
    "INEFFICIENT": 22,
    "OVERSUPPLY": 11
  },
  "quadrant_pcts": {
    "UNDERSUPPLY": 77.6,
    "INEFFICIENT": 15.0,
    "OVERSUPPLY": 7.5
  },
  "total_revenue": 1443016.59108898,
  "total_contribution": 634232.1807889799,
  "total_planned_kms": 30758.690000000002,
  "depot_avg_epk": 48.31819793900772,
  "depot_avg_or": 0.8287348464563381,
  "revenue_by_quadrant": {
    "INEFFICIENT": 6095.315826698463,
    "OVERSUPPLY": 67147.55580560275,
    "UNDERSUPPLY": 1369773.7194566787
  },
  "contribution_by_quadrant": {
    "INEFFICIENT": -128188.20897330155,
    "OVERSUPPLY": 18414.145805602748,
    "UNDERSUPPLY": 744006.2439566788
  }
}