{
  "depot": "JANGAON",
  "target_date": "2026-04-27",
  "predicted_depot_pkm": 1936658.25,
  "total_services": 115,
  "count_add_slot": 14,
  "count_cut": 0,
  "count_no_change": 101,
  "total_allocated_pkm": 1618055.1486961897,
  "quadrant_counts": {
    "UNDERSUPPLY": 55,
    "OVERSUPPLY": 50,
    "INEFFICIENT": 10
  },
  "quadrant_pcts": {
    "UNDERSUPPLY": 47.8,
    "OVERSUPPLY": 43.5,
    "INEFFICIENT": 8.7
  },
  "total_revenue": 1877452.2280993746,
  "total_contribution": 1092574.5480993746,
  "total_planned_kms": 49455.0,
  "depot_avg_epk": 38.19100717465155,
  "depot_avg_or": 0.6400850888986459,
  "revenue_by_quadrant": {
    "INEFFICIENT": 8038.8254132033735,
    "OVERSUPPLY": 725972.235900564,
    "UNDERSUPPLY": 1143441.166785607
  },
  "contribution_by_quadrant": {
    "INEFFICIENT": -68987.69458679663,
    "OVERSUPPLY": 372694.835900564,
    "UNDERSUPPLY": 788867.4067856071
  }
}