{
  "depot": "NARSAMPET",
  "target_date": "2026-04-27",
  "predicted_depot_pkm": 1627847.75,
  "total_services": 94,
  "count_add_slot": 38,
  "count_cut": 0,
  "count_no_change": 56,
  "total_allocated_pkm": 1504866.3523964696,
  "quadrant_counts": {
    "UNDERSUPPLY": 63,
    "OVERSUPPLY": 24,
    "INEFFICIENT": 7
  },
  "quadrant_pcts": {
    "UNDERSUPPLY": 67.0,
    "OVERSUPPLY": 25.5,
    "INEFFICIENT": 7.4
  },
  "total_revenue": 1800576.6419337098,
  "total_contribution": 928684.4419337097,
  "total_planned_kms": 40599.0,
  "depot_avg_epk": 44.37291143136021,
  "depot_avg_or": 0.7623844782412612,
  "revenue_by_quadrant": {
    "INEFFICIENT": 22096.968352638218,
    "OVERSUPPLY": 412873.5489874717,
    "UNDERSUPPLY": 1365606.1245936
  },
  "contribution_by_quadrant": {
    "INEFFICIENT": -30318.83164736178,
    "OVERSUPPLY": 178887.52898747168,
    "UNDERSUPPLY": 780115.7445935999
  }
}