{
  "depot": "CONTONMENT",
  "target_date": "2026-04-27",
  "predicted_depot_pkm": 1817768.625,
  "total_services": 280,
  "count_add_slot": 132,
  "count_cut": 0,
  "count_no_change": 148,
  "total_allocated_pkm": 1387572.4984546858,
  "quadrant_counts": {
    "UNDERSUPPLY": 160,
    "OVERSUPPLY": 63,
    "INEFFICIENT": 53,
    "SOCIAL_OBLIGATION": 4
  },
  "quadrant_pcts": {
    "UNDERSUPPLY": 57.1,
    "OVERSUPPLY": 22.5,
    "INEFFICIENT": 18.9,
    "SOCIAL_OBLIGATION": 1.4
  },
  "total_revenue": 2249457.7282977854,
  "total_contribution": 788686.6668977855,
  "total_planned_kms": 46115.74,
  "depot_avg_epk": 53.30000178569871,
  "depot_avg_or": 0.8394787021856948,
  "revenue_by_quadrant": {
    "INEFFICIENT": 90152.10359590146,
    "OVERSUPPLY": 442442.46949621045,
    "SOCIAL_OBLIGATION": 24490.76241705266,
    "UNDERSUPPLY": 1692372.392788621
  },
  "contribution_by_quadrant": {
    "INEFFICIENT": -310583.08260409854,
    "OVERSUPPLY": 141550.44269621046,
    "SOCIAL_OBLIGATION": -4482.397582947335,
    "UNDERSUPPLY": 962201.7043886209
  }
}