{
  "depot": "KARIMNAGAR-I",
  "target_date": "2026-04-27",
  "predicted_depot_pkm": 1707130.75,
  "total_services": 108,
  "count_add_slot": 26,
  "count_cut": 0,
  "count_no_change": 82,
  "total_allocated_pkm": 1570143.31592332,
  "quadrant_counts": {
    "UNDERSUPPLY": 55,
    "OVERSUPPLY": 50,
    "INEFFICIENT": 3
  },
  "quadrant_pcts": {
    "UNDERSUPPLY": 50.9,
    "OVERSUPPLY": 46.3,
    "INEFFICIENT": 2.8
  },
  "total_revenue": 1942250.501227805,
  "total_contribution": 804718.7412278051,
  "total_planned_kms": 47350.0,
  "depot_avg_epk": 43.22511058371492,
  "depot_avg_or": 0.6958197374941029,
  "revenue_by_quadrant": {
    "INEFFICIENT": 5159.2135882166895,
    "OVERSUPPLY": 787840.3143247633,
    "UNDERSUPPLY": 1149250.973314825
  },
  "contribution_by_quadrant": {
    "INEFFICIENT": -83375.5264117833,
    "OVERSUPPLY": 341684.9743247633,
    "UNDERSUPPLY": 546409.293314825
  }
}