{
  "depot": "BANSWADA",
  "target_date": "2026-04-27",
  "predicted_depot_pkm": 1536544.875,
  "total_services": 92,
  "count_add_slot": 11,
  "count_cut": 0,
  "count_no_change": 81,
  "total_allocated_pkm": 1385926.16552932,
  "quadrant_counts": {
    "UNDERSUPPLY": 45,
    "OVERSUPPLY": 39,
    "INEFFICIENT": 8
  },
  "quadrant_pcts": {
    "UNDERSUPPLY": 48.9,
    "OVERSUPPLY": 42.4,
    "INEFFICIENT": 8.7
  },
  "total_revenue": 1654460.856999263,
  "total_contribution": 951089.666999263,
  "total_planned_kms": 37832.0,
  "depot_avg_epk": 42.75340587525904,
  "depot_avg_or": 0.6460811909480827,
  "revenue_by_quadrant": {
    "INEFFICIENT": 6375.844499679309,
    "OVERSUPPLY": 568682.2315784282,
    "UNDERSUPPLY": 1079402.7809211554
  },
  "contribution_by_quadrant": {
    "INEFFICIENT": -52378.645500320694,
    "OVERSUPPLY": 288729.9215784282,
    "UNDERSUPPLY": 714738.3909211555
  }
}