{
  "depot": "KARIMNAGAR-I",
  "target_date": "2026-05-15",
  "predicted_depot_pkm": 1767040.5,
  "total_services": 108,
  "count_add_slot": 25,
  "count_cut": 7,
  "count_no_change": 76,
  "total_allocated_pkm": 1621888.9583240976,
  "quadrant_counts": {
    "UNDERSUPPLY": 79,
    "OVERSUPPLY": 20,
    "INEFFICIENT": 9
  },
  "quadrant_pcts": {
    "UNDERSUPPLY": 73.1,
    "OVERSUPPLY": 18.5,
    "INEFFICIENT": 8.3
  },
  "total_revenue": 2038589.7803579003,
  "total_contribution": 901058.0203579004,
  "total_planned_kms": 47350.0,
  "depot_avg_epk": 44.920941433406234,
  "depot_avg_or": 0.7185265057634508,
  "revenue_by_quadrant": {
    "INEFFICIENT": 8894.675915608032,
    "OVERSUPPLY": 396963.38249644556,
    "UNDERSUPPLY": 1632731.721945847
  },
  "contribution_by_quadrant": {
    "INEFFICIENT": -113528.46408439196,
    "OVERSUPPLY": 191116.48249644553,
    "UNDERSUPPLY": 823470.001945847
  }
}