{
  "depot": "FALAKNUMA",
  "target_date": "2026-05-15",
  "predicted_depot_pkm": 1537193.5,
  "total_services": 148,
  "count_add_slot": 109,
  "count_cut": 0,
  "count_no_change": 39,
  "total_allocated_pkm": 1389401.8692129678,
  "quadrant_counts": {
    "UNDERSUPPLY": 115,
    "INEFFICIENT": 31,
    "OVERSUPPLY": 2
  },
  "quadrant_pcts": {
    "UNDERSUPPLY": 77.7,
    "INEFFICIENT": 20.9,
    "OVERSUPPLY": 1.4
  },
  "total_revenue": 1848217.1834683747,
  "total_contribution": 1148067.1834683744,
  "total_planned_kms": 28006.0,
  "depot_avg_epk": 62.88483155765194,
  "depot_avg_or": 1.0245147798148329,
  "revenue_by_quadrant": {
    "INEFFICIENT": 7952.473735187845,
    "OVERSUPPLY": 10041.269743379531,
    "UNDERSUPPLY": 1830223.439989807
  },
  "contribution_by_quadrant": {
    "INEFFICIENT": -102722.52626481216,
    "OVERSUPPLY": 3116.269743379531,
    "UNDERSUPPLY": 1247673.439989807
  }
}