{
  "depot": "KUSHAIGUDA",
  "target_date": "2026-05-15",
  "predicted_depot_pkm": 1785778.5,
  "total_services": 226,
  "count_add_slot": 58,
  "count_cut": 0,
  "count_no_change": 168,
  "total_allocated_pkm": 1520433.6813101089,
  "quadrant_counts": {
    "UNDERSUPPLY": 122,
    "OVERSUPPLY": 85,
    "INEFFICIENT": 19
  },
  "quadrant_pcts": {
    "UNDERSUPPLY": 54.0,
    "OVERSUPPLY": 37.6,
    "INEFFICIENT": 8.4
  },
  "total_revenue": 2100509.3982018754,
  "total_contribution": 1056609.3982018754,
  "total_planned_kms": 41756.0,
  "depot_avg_epk": 53.94604808968175,
  "depot_avg_or": 0.7493352614344974,
  "revenue_by_quadrant": {
    "INEFFICIENT": 59985.37483619032,
    "OVERSUPPLY": 670591.4451728502,
    "UNDERSUPPLY": 1369932.5781928347
  },
  "contribution_by_quadrant": {
    "INEFFICIENT": -60389.62516380968,
    "OVERSUPPLY": 275266.44517285016,
    "UNDERSUPPLY": 841732.5781928347
  }
}