{
  "depot": "THORROR",
  "target_date": "2026-05-15",
  "predicted_depot_pkm": 1961344.5,
  "total_services": 94,
  "count_add_slot": 53,
  "count_cut": 4,
  "count_no_change": 37,
  "total_allocated_pkm": 1819546.9115680254,
  "quadrant_counts": {
    "UNDERSUPPLY": 82,
    "OVERSUPPLY": 7,
    "INEFFICIENT": 5
  },
  "quadrant_pcts": {
    "UNDERSUPPLY": 87.2,
    "OVERSUPPLY": 7.4,
    "INEFFICIENT": 5.3
  },
  "total_revenue": 2274601.716690143,
  "total_contribution": 1336870.9466901433,
  "total_planned_kms": 40942.0,
  "depot_avg_epk": 55.604184156057414,
  "depot_avg_or": 0.87983277844186,
  "revenue_by_quadrant": {
    "INEFFICIENT": 18383.324231869494,
    "OVERSUPPLY": 109391.25883149022,
    "UNDERSUPPLY": 2146827.1336267833
  },
  "contribution_by_quadrant": {
    "INEFFICIENT": -22687.375768130503,
    "OVERSUPPLY": 53404.69883149023,
    "UNDERSUPPLY": 1306153.6236267835
  }
}