{
  "depot": "VEMULAWADA",
  "target_date": "2026-05-15",
  "predicted_depot_pkm": 1415333.25,
  "total_services": 74,
  "count_add_slot": 35,
  "count_cut": 0,
  "count_no_change": 39,
  "total_allocated_pkm": 1314709.658571326,
  "quadrant_counts": {
    "UNDERSUPPLY": 54,
    "OVERSUPPLY": 16,
    "INEFFICIENT": 4
  },
  "quadrant_pcts": {
    "UNDERSUPPLY": 73.0,
    "OVERSUPPLY": 21.6,
    "INEFFICIENT": 5.4
  },
  "total_revenue": 1628762.809376795,
  "total_contribution": 800962.809376795,
  "total_planned_kms": 33112.0,
  "depot_avg_epk": 49.075590152752845,
  "depot_avg_or": 0.8169292160418493,
  "revenue_by_quadrant": {
    "INEFFICIENT": 19398.898811633582,
    "OVERSUPPLY": 289217.3980427161,
    "UNDERSUPPLY": 1320146.5125224453
  },
  "contribution_by_quadrant": {
    "INEFFICIENT": -19701.101188366418,
    "OVERSUPPLY": 97117.39804271609,
    "UNDERSUPPLY": 723546.5125224452
  }
}