{
  "depot": "NARAYANKHED",
  "target_date": "2026-05-15",
  "predicted_depot_pkm": 1105415.0,
  "total_services": 54,
  "count_add_slot": 18,
  "count_cut": 0,
  "count_no_change": 36,
  "total_allocated_pkm": 918687.80054459,
  "quadrant_counts": {
    "UNDERSUPPLY": 28,
    "INEFFICIENT": 14,
    "OVERSUPPLY": 12
  },
  "quadrant_pcts": {
    "UNDERSUPPLY": 51.9,
    "INEFFICIENT": 25.9,
    "OVERSUPPLY": 22.2
  },
  "total_revenue": 1135115.5265467558,
  "total_contribution": 521190.5265467555,
  "total_planned_kms": 24557.0,
  "depot_avg_epk": 42.850447972389915,
  "depot_avg_or": 0.6353298408623337,
  "revenue_by_quadrant": {
    "INEFFICIENT": 45840.70849063512,
    "OVERSUPPLY": 194936.68989890156,
    "UNDERSUPPLY": 894338.1281572188
  },
  "contribution_by_quadrant": {
    "INEFFICIENT": -81759.29150936488,
    "OVERSUPPLY": 67336.68989890155,
    "UNDERSUPPLY": 535613.1281572188
  }
}