{
  "depot": "MANCHERIAL",
  "target_date": "2026-05-15",
  "predicted_depot_pkm": 2411721.5,
  "total_services": 146,
  "count_add_slot": 51,
  "count_cut": 0,
  "count_no_change": 95,
  "total_allocated_pkm": 2300236.105630136,
  "quadrant_counts": {
    "UNDERSUPPLY": 98,
    "OVERSUPPLY": 42,
    "INEFFICIENT": 6
  },
  "quadrant_pcts": {
    "UNDERSUPPLY": 67.1,
    "OVERSUPPLY": 28.8,
    "INEFFICIENT": 4.1
  },
  "total_revenue": 2953211.4476413443,
  "total_contribution": 1409636.4476413443,
  "total_planned_kms": 61743.0,
  "depot_avg_epk": 47.54866305074343,
  "depot_avg_or": 0.7717151847396175,
  "revenue_by_quadrant": {
    "INEFFICIENT": 19436.675642939044,
    "OVERSUPPLY": 843935.8364755444,
    "UNDERSUPPLY": 2089838.9355228608
  },
  "contribution_by_quadrant": {
    "INEFFICIENT": -27638.324357060956,
    "OVERSUPPLY": 331810.83647554443,
    "UNDERSUPPLY": 1105463.9355228608
  }
}