{
  "depot": "RAJENDRANAGAR",
  "target_date": "2026-05-15",
  "predicted_depot_pkm": 1822471.125,
  "total_services": 179,
  "count_add_slot": 121,
  "count_cut": 0,
  "count_no_change": 58,
  "total_allocated_pkm": 1609483.2461002087,
  "quadrant_counts": {
    "UNDERSUPPLY": 131,
    "INEFFICIENT": 40,
    "OVERSUPPLY": 8
  },
  "quadrant_pcts": {
    "UNDERSUPPLY": 73.2,
    "INEFFICIENT": 22.3,
    "OVERSUPPLY": 4.5
  },
  "total_revenue": 2170669.3417518577,
  "total_contribution": 1179937.3417518574,
  "total_planned_kms": 39629.28,
  "depot_avg_epk": 56.89455553915718,
  "depot_avg_or": 0.9176670725051373,
  "revenue_by_quadrant": {
    "INEFFICIENT": 17287.575190927822,
    "OVERSUPPLY": 67190.33473954284,
    "UNDERSUPPLY": 2086191.4318213868
  },
  "contribution_by_quadrant": {
    "INEFFICIENT": -206693.42480907217,
    "OVERSUPPLY": 20740.334739542843,
    "UNDERSUPPLY": 1365890.4318213868
  }
}