{
  "depot": "RANIGUNJ-I",
  "target_date": "2026-05-15",
  "predicted_depot_pkm": 1683671.125,
  "total_services": 222,
  "count_add_slot": 177,
  "count_cut": 0,
  "count_no_change": 45,
  "total_allocated_pkm": 1553700.2068564575,
  "quadrant_counts": {
    "UNDERSUPPLY": 191,
    "OVERSUPPLY": 25,
    "INEFFICIENT": 6
  },
  "quadrant_pcts": {
    "UNDERSUPPLY": 86.0,
    "OVERSUPPLY": 11.3,
    "INEFFICIENT": 2.7
  },
  "total_revenue": 2277573.7480853517,
  "total_contribution": 1388411.748085351,
  "total_planned_kms": 35566.479999999996,
  "depot_avg_epk": 65.2026030560471,
  "depot_avg_or": 1.1131909256837846,
  "revenue_by_quadrant": {
    "INEFFICIENT": 22261.20918592121,
    "OVERSUPPLY": 167057.30405736514,
    "UNDERSUPPLY": 2088255.2348420648
  },
  "contribution_by_quadrant": {
    "INEFFICIENT": -6888.790814078793,
    "OVERSUPPLY": 55932.30405736513,
    "UNDERSUPPLY": 1339368.2348420648
  }
}