{
  "depot": "HYDERABAD-I",
  "target_date": "2026-05-15",
  "predicted_depot_pkm": 2006861.125,
  "total_services": 112,
  "count_add_slot": 25,
  "count_cut": 2,
  "count_no_change": 85,
  "total_allocated_pkm": 1706215.171516473,
  "quadrant_counts": {
    "UNDERSUPPLY": 60,
    "OVERSUPPLY": 40,
    "INEFFICIENT": 12
  },
  "quadrant_pcts": {
    "UNDERSUPPLY": 53.6,
    "OVERSUPPLY": 35.7,
    "INEFFICIENT": 10.7
  },
  "total_revenue": 2564056.033374504,
  "total_contribution": 1140531.0333745042,
  "total_planned_kms": 56941.0,
  "depot_avg_epk": 46.348926727853495,
  "depot_avg_or": 0.6647802243404228,
  "revenue_by_quadrant": {
    "INEFFICIENT": 35153.37665515498,
    "OVERSUPPLY": 1052078.2032790154,
    "UNDERSUPPLY": 1476824.4534403337
  },
  "contribution_by_quadrant": {
    "INEFFICIENT": -118071.62334484502,
    "OVERSUPPLY": 421378.20327901526,
    "UNDERSUPPLY": 837224.4534403338
  }
}