{
  "depot": "MIYAPUR-II",
  "target_date": "2026-05-15",
  "predicted_depot_pkm": 1298634.125,
  "total_services": 176,
  "count_add_slot": 107,
  "count_cut": 0,
  "count_no_change": 69,
  "total_allocated_pkm": 1178042.3725049936,
  "quadrant_counts": {
    "UNDERSUPPLY": 117,
    "INEFFICIENT": 42,
    "OVERSUPPLY": 17
  },
  "quadrant_pcts": {
    "UNDERSUPPLY": 66.5,
    "INEFFICIENT": 23.9,
    "OVERSUPPLY": 9.7
  },
  "total_revenue": 2115833.5646809367,
  "total_contribution": 1421560.5646809365,
  "total_planned_kms": 27770.92,
  "depot_avg_epk": 73.15953088495336,
  "depot_avg_or": 1.184597389790625,
  "revenue_by_quadrant": {
    "INEFFICIENT": 15232.326848928997,
    "OVERSUPPLY": 185764.34141248453,
    "UNDERSUPPLY": 1914836.896419523
  },
  "contribution_by_quadrant": {
    "INEFFICIENT": -119173.173151071,
    "OVERSUPPLY": 100994.34141248453,
    "UNDERSUPPLY": 1439739.396419523
  }
}