{
  "depot": "ADILABAD",
  "target_date": "2026-05-15",
  "predicted_depot_pkm": 2599708.0,
  "total_services": 136,
  "count_add_slot": 67,
  "count_cut": 0,
  "count_no_change": 69,
  "total_allocated_pkm": 2546398.192164954,
  "quadrant_counts": {
    "UNDERSUPPLY": 99,
    "OVERSUPPLY": 35,
    "INEFFICIENT": 2
  },
  "quadrant_pcts": {
    "UNDERSUPPLY": 72.8,
    "OVERSUPPLY": 25.7,
    "INEFFICIENT": 1.5
  },
  "total_revenue": 3245427.1909027547,
  "total_contribution": 1735077.1909027547,
  "total_planned_kms": 60414.0,
  "depot_avg_epk": 54.39068377134932,
  "depot_avg_or": 0.8259493720969981,
  "revenue_by_quadrant": {
    "INEFFICIENT": 8416.527741859316,
    "OVERSUPPLY": 850294.453607954,
    "UNDERSUPPLY": 2386716.2095529414
  },
  "contribution_by_quadrant": {
    "INEFFICIENT": -7783.472258140684,
    "OVERSUPPLY": 350044.453607954,
    "UNDERSUPPLY": 1392816.2095529414
  }
}