{
  "depot": "GODAVARIKHANI",
  "target_date": "2026-05-15",
  "predicted_depot_pkm": 2228154.5,
  "total_services": 120,
  "count_add_slot": 45,
  "count_cut": 0,
  "count_no_change": 75,
  "total_allocated_pkm": 1969331.564515447,
  "quadrant_counts": {
    "UNDERSUPPLY": 78,
    "OVERSUPPLY": 35,
    "INEFFICIENT": 7
  },
  "quadrant_pcts": {
    "UNDERSUPPLY": 65.0,
    "OVERSUPPLY": 29.2,
    "INEFFICIENT": 5.8
  },
  "total_revenue": 2519802.5976963555,
  "total_contribution": 1188302.5976963555,
  "total_planned_kms": 53260.0,
  "depot_avg_epk": 48.599152345437886,
  "depot_avg_or": 0.7673513507414496,
  "revenue_by_quadrant": {
    "INEFFICIENT": 16240.068978311541,
    "OVERSUPPLY": 680416.0252632928,
    "UNDERSUPPLY": 1823146.503454751
  },
  "contribution_by_quadrant": {
    "INEFFICIENT": -81609.93102168846,
    "OVERSUPPLY": 265791.0252632928,
    "UNDERSUPPLY": 1004121.503454751
  }
}