{
  "depot": "GWL-PRGPR",
  "target_date": "2026-05-15",
  "predicted_depot_pkm": 1714118.25,
  "total_services": 79,
  "count_add_slot": 51,
  "count_cut": 1,
  "count_no_change": 27,
  "total_allocated_pkm": 1548260.972716618,
  "quadrant_counts": {
    "UNDERSUPPLY": 62,
    "OVERSUPPLY": 15,
    "INEFFICIENT": 2
  },
  "quadrant_pcts": {
    "UNDERSUPPLY": 78.5,
    "OVERSUPPLY": 19.0,
    "INEFFICIENT": 2.5
  },
  "total_revenue": 1769789.7278319665,
  "total_contribution": 975939.7278319662,
  "total_planned_kms": 31754.0,
  "depot_avg_epk": 55.30024571541465,
  "depot_avg_or": 0.8483445493991094,
  "revenue_by_quadrant": {
    "INEFFICIENT": 7038.368084575773,
    "OVERSUPPLY": 200145.46469702607,
    "UNDERSUPPLY": 1562605.8950503645
  },
  "contribution_by_quadrant": {
    "INEFFICIENT": -7586.631915424227,
    "OVERSUPPLY": 54645.464697026066,
    "UNDERSUPPLY": 928880.8950503644
  }
}