{
  "depot": "JANGAON",
  "target_date": "2026-04-29",
  "predicted_depot_pkm": 1813545.125,
  "total_services": 115,
  "count_add_slot": 7,
  "count_cut": 0,
  "count_no_change": 108,
  "total_allocated_pkm": 1515342.207536753,
  "quadrant_counts": {
    "OVERSUPPLY": 66,
    "UNDERSUPPLY": 40,
    "INEFFICIENT": 9
  },
  "quadrant_pcts": {
    "OVERSUPPLY": 57.4,
    "UNDERSUPPLY": 34.8,
    "INEFFICIENT": 7.8
  },
  "total_revenue": 1758118.5934898448,
  "total_contribution": 973240.9134898448,
  "total_planned_kms": 49455.0,
  "depot_avg_epk": 35.812450321196266,
  "depot_avg_or": 0.6000553639388448,
  "revenue_by_quadrant": {
    "INEFFICIENT": 2009.7875399513885,
    "OVERSUPPLY": 954115.9981627497,
    "UNDERSUPPLY": 801992.8077871439
  },
  "contribution_by_quadrant": {
    "INEFFICIENT": -66065.45246004862,
    "OVERSUPPLY": 488792.5781627496,
    "UNDERSUPPLY": 550513.7877871438
  }
}