{
  "depot": "HANAMKONDA",
  "target_date": "2026-04-29",
  "predicted_depot_pkm": 1702511.375,
  "total_services": 169,
  "count_add_slot": 39,
  "count_cut": 0,
  "count_no_change": 130,
  "total_allocated_pkm": 1583174.171776393,
  "quadrant_counts": {
    "OVERSUPPLY": 70,
    "UNDERSUPPLY": 57,
    "INEFFICIENT": 40,
    "SOCIAL_OBLIGATION": 2
  },
  "quadrant_pcts": {
    "OVERSUPPLY": 41.4,
    "UNDERSUPPLY": 33.7,
    "INEFFICIENT": 23.7,
    "SOCIAL_OBLIGATION": 1.2
  },
  "total_revenue": 1951521.2541311858,
  "total_contribution": 458978.74413118575,
  "total_planned_kms": 53984.0,
  "depot_avg_epk": 41.57208205368024,
  "depot_avg_or": 0.6791039461428588,
  "revenue_by_quadrant": {
    "INEFFICIENT": 467663.06182080513,
    "OVERSUPPLY": 876202.0720698397,
    "SOCIAL_OBLIGATION": 25539.61800869533,
    "UNDERSUPPLY": 582116.5022318457
  },
  "contribution_by_quadrant": {
    "INEFFICIENT": -95298.16817919494,
    "OVERSUPPLY": 288838.2920698396,
    "SOCIAL_OBLIGATION": -136.9819913046722,
    "UNDERSUPPLY": 265575.6022318458
  }
}