{
  "depot": "MAHABOOBABAD",
  "target_date": "2026-04-29",
  "predicted_depot_pkm": 1291060.625,
  "total_services": 76,
  "count_add_slot": 24,
  "count_cut": 0,
  "count_no_change": 52,
  "total_allocated_pkm": 1192214.0268422482,
  "quadrant_counts": {
    "UNDERSUPPLY": 46,
    "OVERSUPPLY": 24,
    "INEFFICIENT": 6
  },
  "quadrant_pcts": {
    "UNDERSUPPLY": 60.5,
    "OVERSUPPLY": 31.6,
    "INEFFICIENT": 7.9
  },
  "total_revenue": 1381173.8328405917,
  "total_contribution": 822686.042840592,
  "total_planned_kms": 31066.0,
  "depot_avg_epk": 44.03324750204927,
  "depot_avg_or": 0.7112533340511585,
  "revenue_by_quadrant": {
    "INEFFICIENT": 12775.474149011607,
    "OVERSUPPLY": 360934.24922509346,
    "UNDERSUPPLY": 1007464.109466487
  },
  "contribution_by_quadrant": {
    "INEFFICIENT": -27245.70585098839,
    "OVERSUPPLY": 175783.75922509344,
    "UNDERSUPPLY": 674147.989466487
  }
}