{
  "depot": "WARANGAL-I",
  "target_date": "2026-04-29",
  "predicted_depot_pkm": 1662254.75,
  "total_services": 130,
  "count_add_slot": 2,
  "count_cut": 0,
  "count_no_change": 128,
  "total_allocated_pkm": 1536532.5776976193,
  "quadrant_counts": {
    "OVERSUPPLY": 94,
    "UNDERSUPPLY": 23,
    "INEFFICIENT": 13
  },
  "quadrant_pcts": {
    "OVERSUPPLY": 72.3,
    "UNDERSUPPLY": 17.7,
    "INEFFICIENT": 10.0
  },
  "total_revenue": 2265637.003322788,
  "total_contribution": 740242.983322788,
  "total_planned_kms": 67106.0,
  "depot_avg_epk": 35.383361497100175,
  "depot_avg_or": 0.5477841686978487,
  "revenue_by_quadrant": {
    "INEFFICIENT": 87093.35338706183,
    "OVERSUPPLY": 1765199.069675507,
    "UNDERSUPPLY": 413344.58026021917
  },
  "contribution_by_quadrant": {
    "INEFFICIENT": -51114.90661293817,
    "OVERSUPPLY": 622486.549675507,
    "UNDERSUPPLY": 168871.34026021918
  }
}