{
  "depot": "WARANGAL-I",
  "target_date": "2026-05-01",
  "predicted_depot_pkm": 1664124.875,
  "total_services": 130,
  "count_add_slot": 2,
  "count_cut": 0,
  "count_no_change": 128,
  "total_allocated_pkm": 1545639.8668398145,
  "quadrant_counts": {
    "OVERSUPPLY": 96,
    "UNDERSUPPLY": 24,
    "INEFFICIENT": 10
  },
  "quadrant_pcts": {
    "OVERSUPPLY": 73.8,
    "UNDERSUPPLY": 18.5,
    "INEFFICIENT": 7.7
  },
  "total_revenue": 2280500.5505167954,
  "total_contribution": 755106.5305167956,
  "total_planned_kms": 67106.0,
  "depot_avg_epk": 35.516953754240326,
  "depot_avg_or": 0.5499343236499067,
  "revenue_by_quadrant": {
    "INEFFICIENT": 70852.77662389413,
    "OVERSUPPLY": 1774858.7232506361,
    "UNDERSUPPLY": 434789.0506422651
  },
  "contribution_by_quadrant": {
    "INEFFICIENT": -45160.10337610587,
    "OVERSUPPLY": 620783.5232506363,
    "UNDERSUPPLY": 179483.11064226512
  }
}