{
  "depot": "IBRAHIMPATNAM",
  "target_date": "2026-05-01",
  "predicted_depot_pkm": 1833709.25,
  "total_services": 189,
  "count_add_slot": 107,
  "count_cut": 0,
  "count_no_change": 82,
  "total_allocated_pkm": 1648810.869183465,
  "quadrant_counts": {
    "UNDERSUPPLY": 146,
    "OVERSUPPLY": 26,
    "INEFFICIENT": 17
  },
  "quadrant_pcts": {
    "UNDERSUPPLY": 77.2,
    "OVERSUPPLY": 13.8,
    "INEFFICIENT": 9.0
  },
  "total_revenue": 2201817.9860129626,
  "total_contribution": 1323227.8540129634,
  "total_planned_kms": 44778.7,
  "depot_avg_epk": 51.835036919227754,
  "depot_avg_or": 0.8456548249709008,
  "revenue_by_quadrant": {
    "INEFFICIENT": 74280.05246769622,
    "OVERSUPPLY": 226022.93533264508,
    "UNDERSUPPLY": 1901514.9982126218
  },
  "contribution_by_quadrant": {
    "INEFFICIENT": -28590.307532303774,
    "OVERSUPPLY": 89694.02333264507,
    "UNDERSUPPLY": 1262124.138212622
  }
}