{
  "depot": "NIZAMABAD-I",
  "target_date": "2026-05-01",
  "predicted_depot_pkm": 1505604.125,
  "total_services": 125,
  "count_add_slot": 11,
  "count_cut": 0,
  "count_no_change": 114,
  "total_allocated_pkm": 1273453.3765659342,
  "quadrant_counts": {
    "OVERSUPPLY": 69,
    "UNDERSUPPLY": 38,
    "INEFFICIENT": 18
  },
  "quadrant_pcts": {
    "OVERSUPPLY": 55.2,
    "UNDERSUPPLY": 30.4,
    "INEFFICIENT": 14.4
  },
  "total_revenue": 1688356.3171802985,
  "total_contribution": 700632.3371802988,
  "total_planned_kms": 51753.0,
  "depot_avg_epk": 34.72177397792481,
  "depot_avg_or": 0.535760435471963,
  "revenue_by_quadrant": {
    "INEFFICIENT": 23186.286225239175,
    "OVERSUPPLY": 934952.6352038743,
    "UNDERSUPPLY": 730217.3957511852
  },
  "contribution_by_quadrant": {
    "INEFFICIENT": -155584.03377476084,
    "OVERSUPPLY": 400175.93520387425,
    "UNDERSUPPLY": 456040.4357511852
  }
}