{
  "depot": "THORROR",
  "target_date": "2026-05-01",
  "predicted_depot_pkm": 1730150.125,
  "total_services": 94,
  "count_add_slot": 44,
  "count_cut": 0,
  "count_no_change": 50,
  "total_allocated_pkm": 1619560.9707265017,
  "quadrant_counts": {
    "UNDERSUPPLY": 66,
    "OVERSUPPLY": 23,
    "INEFFICIENT": 5
  },
  "quadrant_pcts": {
    "UNDERSUPPLY": 70.2,
    "OVERSUPPLY": 24.5,
    "INEFFICIENT": 5.3
  },
  "total_revenue": 2007284.0940702083,
  "total_contribution": 1069553.3240702082,
  "total_planned_kms": 40942.0,
  "depot_avg_epk": 49.42493752036904,
  "depot_avg_or": 0.7841267695518604,
  "revenue_by_quadrant": {
    "INEFFICIENT": 25125.200816643246,
    "OVERSUPPLY": 396288.66060475615,
    "UNDERSUPPLY": 1585870.232648809
  },
  "contribution_by_quadrant": {
    "INEFFICIENT": -15945.499183356755,
    "OVERSUPPLY": 163500.18060475617,
    "UNDERSUPPLY": 921998.642648809
  }
}