{
  "depot": "IBRAHIMPATNAM",
  "target_date": "2026-03-07",
  "predicted_depot_pkm": 2122099.25,
  "total_services": 189,
  "count_add_slot": 57,
  "count_cut": 0,
  "count_no_change": 132,
  "total_allocated_pkm": 1901846.4958477295,
  "quadrant_counts": {
    "UNDERSUPPLY": 123,
    "OVERSUPPLY": 66
  },
  "quadrant_pcts": {
    "UNDERSUPPLY": 65.1,
    "OVERSUPPLY": 34.9
  },
  "total_revenue": 2545680.5201688977,
  "total_contribution": 1666615.740168898,
  "total_planned_kms": 44803.0,
  "depot_avg_epk": 58.302314376850795,
  "depot_avg_or": 0.7753173646748226,
  "revenue_by_quadrant": {
    "OVERSUPPLY": 746176.1548651368,
    "UNDERSUPPLY": 1799504.365303761
  },
  "contribution_by_quadrant": {
    "OVERSUPPLY": 408539.8348651369,
    "UNDERSUPPLY": 1258075.905303761
  }
}