{
  "depot": "THORROR",
  "target_date": "2026-03-07",
  "predicted_depot_pkm": 1885879.5,
  "total_services": 94,
  "count_add_slot": 57,
  "count_cut": 2,
  "count_no_change": 35,
  "total_allocated_pkm": 1815552.0292565897,
  "quadrant_counts": {
    "UNDERSUPPLY": 78,
    "OVERSUPPLY": 14,
    "INEFFICIENT": 2
  },
  "quadrant_pcts": {
    "UNDERSUPPLY": 83.0,
    "OVERSUPPLY": 14.9,
    "INEFFICIENT": 2.1
  },
  "total_revenue": 2252714.515901128,
  "total_contribution": 1314983.745901128,
  "total_planned_kms": 40942.0,
  "depot_avg_epk": 55.05824208724854,
  "depot_avg_or": 0.8767349317356007,
  "revenue_by_quadrant": {
    "INEFFICIENT": 5884.741034331057,
    "OVERSUPPLY": 239529.5311844801,
    "UNDERSUPPLY": 2007300.2436823165
  },
  "contribution_by_quadrant": {
    "INEFFICIENT": -7468.798965668944,
    "OVERSUPPLY": 108726.59118448009,
    "UNDERSUPPLY": 1213725.9536823165
  }
}