{
  "depot": "IBRAHIMPATNAM",
  "target_date": "2026-03-15",
  "predicted_depot_pkm": 1984952.125,
  "total_services": 189,
  "count_add_slot": 58,
  "count_cut": 0,
  "count_no_change": 131,
  "total_allocated_pkm": 1893710.8927797126,
  "quadrant_counts": {
    "UNDERSUPPLY": 127,
    "OVERSUPPLY": 62
  },
  "quadrant_pcts": {
    "UNDERSUPPLY": 67.2,
    "OVERSUPPLY": 32.8
  },
  "total_revenue": 2572878.055334837,
  "total_contribution": 1693813.2753348374,
  "total_planned_kms": 44803.0,
  "depot_avg_epk": 58.95196358794602,
  "depot_avg_or": 0.7784723476560588,
  "revenue_by_quadrant": {
    "OVERSUPPLY": 721752.0407746307,
    "UNDERSUPPLY": 1851126.0145602063
  },
  "contribution_by_quadrant": {
    "OVERSUPPLY": 395925.32077463076,
    "UNDERSUPPLY": 1297887.9545602063
  }
}