{
  "depot": "HAKIMPET",
  "target_date": "2026-03-15",
  "predicted_depot_pkm": 1258904.75,
  "total_services": 147,
  "count_add_slot": 23,
  "count_cut": 0,
  "count_no_change": 124,
  "total_allocated_pkm": 1209662.2683096796,
  "quadrant_counts": {
    "OVERSUPPLY": 74,
    "UNDERSUPPLY": 71,
    "INEFFICIENT": 2
  },
  "quadrant_pcts": {
    "OVERSUPPLY": 50.3,
    "UNDERSUPPLY": 48.3,
    "INEFFICIENT": 1.4
  },
  "total_revenue": 1648353.2448107693,
  "total_contribution": 839617.9348107693,
  "total_planned_kms": 30757.0,
  "depot_avg_epk": 53.59934932720823,
  "depot_avg_or": 0.7233036018179652,
  "revenue_by_quadrant": {
    "INEFFICIENT": 5945.676226804292,
    "OVERSUPPLY": 816637.9676826824,
    "UNDERSUPPLY": 825769.6009012826
  },
  "contribution_by_quadrant": {
    "INEFFICIENT": -1287.993773195708,
    "OVERSUPPLY": 367084.3476826824,
    "UNDERSUPPLY": 473821.58090128266
  }
}