{
  "depot": "ARMOOR",
  "target_date": "2026-03-15",
  "predicted_depot_pkm": 1394258.75,
  "total_services": 90,
  "count_add_slot": 25,
  "count_cut": 2,
  "count_no_change": 63,
  "total_allocated_pkm": 1206866.2984081914,
  "quadrant_counts": {
    "OVERSUPPLY": 43,
    "UNDERSUPPLY": 42,
    "INEFFICIENT": 5
  },
  "quadrant_pcts": {
    "OVERSUPPLY": 47.8,
    "UNDERSUPPLY": 46.7,
    "INEFFICIENT": 5.6
  },
  "total_revenue": 1686199.7080795183,
  "total_contribution": 1005230.5080795182,
  "total_planned_kms": 36987.0,
  "depot_avg_epk": 47.48820183898425,
  "depot_avg_or": 0.6657630754388227,
  "revenue_by_quadrant": {
    "INEFFICIENT": 14952.543489034504,
    "OVERSUPPLY": 604376.8866290831,
    "UNDERSUPPLY": 1066870.2779614008
  },
  "contribution_by_quadrant": {
    "INEFFICIENT": -19657.856510965496,
    "OVERSUPPLY": 245033.32662908302,
    "UNDERSUPPLY": 779855.0379614007
  }
}