{
  "depot": "HANAMKONDA",
  "target_date": "2026-03-15",
  "predicted_depot_pkm": 2306607.25,
  "total_services": 169,
  "count_add_slot": 75,
  "count_cut": 1,
  "count_no_change": 93,
  "total_allocated_pkm": 2224784.6884341207,
  "quadrant_counts": {
    "UNDERSUPPLY": 119,
    "OVERSUPPLY": 43,
    "INEFFICIENT": 4,
    "SOCIAL_OBLIGATION": 3
  },
  "quadrant_pcts": {
    "UNDERSUPPLY": 70.4,
    "OVERSUPPLY": 25.4,
    "INEFFICIENT": 2.4,
    "SOCIAL_OBLIGATION": 1.8
  },
  "total_revenue": 2771633.322271974,
  "total_contribution": 1279090.812271974,
  "total_planned_kms": 53984.0,
  "depot_avg_epk": 58.84924865202334,
  "depot_avg_or": 0.8314929743128341,
  "revenue_by_quadrant": {
    "INEFFICIENT": 36970.01337039211,
    "OVERSUPPLY": 712087.0447137518,
    "SOCIAL_OBLIGATION": 40166.71106511628,
    "UNDERSUPPLY": 1982409.5531227142
  },
  "contribution_by_quadrant": {
    "INEFFICIENT": -15074.906629607889,
    "OVERSUPPLY": 333643.2847137517,
    "SOCIAL_OBLIGATION": -2421.028934883725,
    "UNDERSUPPLY": 962943.463122714
  }
}