{
  "depot": "WARANGAL-II",
  "target_date": "2026-03-11",
  "predicted_depot_pkm": 2796688.5,
  "total_services": 158,
  "count_add_slot": 41,
  "count_cut": 4,
  "count_no_change": 113,
  "total_allocated_pkm": 2704506.632500707,
  "quadrant_counts": {
    "UNDERSUPPLY": 80,
    "INEFFICIENT": 47,
    "OVERSUPPLY": 31
  },
  "quadrant_pcts": {
    "UNDERSUPPLY": 50.6,
    "INEFFICIENT": 29.7,
    "OVERSUPPLY": 19.6
  },
  "total_revenue": 3569260.4701088765,
  "total_contribution": 615899.9101088766,
  "total_planned_kms": 75884.0,
  "depot_avg_epk": 47.333103696710765,
  "depot_avg_or": 0.7089765091460726,
  "revenue_by_quadrant": {
    "INEFFICIENT": 763627.7415889369,
    "OVERSUPPLY": 650450.257562516,
    "UNDERSUPPLY": 2155182.4709574236
  },
  "contribution_by_quadrant": {
    "INEFFICIENT": -204354.85841106306,
    "OVERSUPPLY": 55374.01756251604,
    "UNDERSUPPLY": 764880.7509574236
  }
}