{
  "depot": "BODHAN",
  "target_date": "2026-03-11",
  "predicted_depot_pkm": 1745427.375,
  "total_services": 101,
  "count_add_slot": 35,
  "count_cut": 0,
  "count_no_change": 66,
  "total_allocated_pkm": 1589599.343538117,
  "quadrant_counts": {
    "UNDERSUPPLY": 60,
    "OVERSUPPLY": 36,
    "INEFFICIENT": 5
  },
  "quadrant_pcts": {
    "UNDERSUPPLY": 59.4,
    "OVERSUPPLY": 35.6,
    "INEFFICIENT": 5.0
  },
  "total_revenue": 2070165.1061883778,
  "total_contribution": 1134176.746188378,
  "total_planned_kms": 49952.0,
  "depot_avg_epk": 43.91831187327455,
  "depot_avg_or": 0.7131717010229093,
  "revenue_by_quadrant": {
    "INEFFICIENT": 23408.348160096095,
    "OVERSUPPLY": 792821.8674378025,
    "UNDERSUPPLY": 1253934.8905904794
  },
  "contribution_by_quadrant": {
    "INEFFICIENT": -12747.951839903903,
    "OVERSUPPLY": 320113.9974378025,
    "UNDERSUPPLY": 826810.7005904793
  }
}