{
  "depot": "MAHABOOBABAD",
  "target_date": "2026-03-11",
  "predicted_depot_pkm": 1424847.125,
  "total_services": 76,
  "count_add_slot": 43,
  "count_cut": 3,
  "count_no_change": 30,
  "total_allocated_pkm": 1380978.7710100524,
  "quadrant_counts": {
    "UNDERSUPPLY": 60,
    "OVERSUPPLY": 13,
    "INEFFICIENT": 3
  },
  "quadrant_pcts": {
    "UNDERSUPPLY": 78.9,
    "OVERSUPPLY": 17.1,
    "INEFFICIENT": 3.9
  },
  "total_revenue": 1605200.996417672,
  "total_contribution": 1046713.2064176718,
  "total_planned_kms": 31066.0,
  "depot_avg_epk": 51.15012901527634,
  "depot_avg_or": 0.8484977460730128,
  "revenue_by_quadrant": {
    "INEFFICIENT": 5618.152757360552,
    "OVERSUPPLY": 187056.28017515477,
    "UNDERSUPPLY": 1412526.5634851565
  },
  "contribution_by_quadrant": {
    "INEFFICIENT": -12956.247242639447,
    "OVERSUPPLY": 85906.43017515476,
    "UNDERSUPPLY": 973763.0234851566
  }
}