{
  "depot": "BHUPALAPALLAY",
  "target_date": "2026-03-11",
  "predicted_depot_pkm": 1539544.0,
  "total_services": 86,
  "count_add_slot": 33,
  "count_cut": 1,
  "count_no_change": 52,
  "total_allocated_pkm": 1487598.2210665394,
  "quadrant_counts": {
    "UNDERSUPPLY": 58,
    "OVERSUPPLY": 20,
    "INEFFICIENT": 8
  },
  "quadrant_pcts": {
    "UNDERSUPPLY": 67.4,
    "OVERSUPPLY": 23.3,
    "INEFFICIENT": 9.3
  },
  "total_revenue": 1878655.217267581,
  "total_contribution": 1041938.8372675809,
  "total_planned_kms": 40068.0,
  "depot_avg_epk": 46.74855659306197,
  "depot_avg_or": 0.743652218324043,
  "revenue_by_quadrant": {
    "INEFFICIENT": 45132.9640311967,
    "OVERSUPPLY": 336727.4252654784,
    "UNDERSUPPLY": 1496794.8279709057
  },
  "contribution_by_quadrant": {
    "INEFFICIENT": -29543.7959688033,
    "OVERSUPPLY": 147691.16526547837,
    "UNDERSUPPLY": 923791.4679709058
  }
}