{
  "depot": "NIZAMABAD-I",
  "target_date": "2026-03-11",
  "predicted_depot_pkm": 1757702.75,
  "total_services": 125,
  "count_add_slot": 22,
  "count_cut": 0,
  "count_no_change": 103,
  "total_allocated_pkm": 1513884.0393518116,
  "quadrant_counts": {
    "OVERSUPPLY": 65,
    "UNDERSUPPLY": 54,
    "INEFFICIENT": 6
  },
  "quadrant_pcts": {
    "OVERSUPPLY": 52.0,
    "UNDERSUPPLY": 43.2,
    "INEFFICIENT": 4.8
  },
  "total_revenue": 1999728.6741697246,
  "total_contribution": 1012004.6941697247,
  "total_planned_kms": 51753.0,
  "depot_avg_epk": 40.40305508070794,
  "depot_avg_or": 0.624098194564635,
  "revenue_by_quadrant": {
    "INEFFICIENT": 12905.861128825809,
    "OVERSUPPLY": 929439.8050298668,
    "UNDERSUPPLY": 1057383.0080110321
  },
  "contribution_by_quadrant": {
    "INEFFICIENT": -54437.8188711742,
    "OVERSUPPLY": 393826.7650298667,
    "UNDERSUPPLY": 672615.7480110321
  }
}