{
  "depot": "THORROR",
  "target_date": "2026-03-11",
  "predicted_depot_pkm": 1852961.375,
  "total_services": 94,
  "count_add_slot": 55,
  "count_cut": 4,
  "count_no_change": 35,
  "total_allocated_pkm": 1778671.7746672733,
  "quadrant_counts": {
    "UNDERSUPPLY": 75,
    "OVERSUPPLY": 15,
    "INEFFICIENT": 4
  },
  "quadrant_pcts": {
    "UNDERSUPPLY": 79.8,
    "OVERSUPPLY": 16.0,
    "INEFFICIENT": 4.3
  },
  "total_revenue": 2213559.920907759,
  "total_contribution": 1275829.1509077584,
  "total_planned_kms": 40942.0,
  "depot_avg_epk": 54.20594920357602,
  "depot_avg_or": 0.8617110344470186,
  "revenue_by_quadrant": {
    "INEFFICIENT": 16854.002476037385,
    "OVERSUPPLY": 256773.28363913167,
    "UNDERSUPPLY": 1939932.6347925893
  },
  "contribution_by_quadrant": {
    "INEFFICIENT": -13168.277523962615,
    "OVERSUPPLY": 111501.17363913168,
    "UNDERSUPPLY": 1177496.2547925895
  }
}