{
  "depot": "HAKIMPET",
  "target_date": "2026-04-25",
  "predicted_depot_pkm": 1408603.625,
  "total_services": 147,
  "count_add_slot": 97,
  "count_cut": 0,
  "count_no_change": 50,
  "total_allocated_pkm": 1092051.1578015778,
  "quadrant_counts": {
    "UNDERSUPPLY": 115,
    "INEFFICIENT": 23,
    "OVERSUPPLY": 9
  },
  "quadrant_pcts": {
    "UNDERSUPPLY": 78.2,
    "INEFFICIENT": 15.6,
    "OVERSUPPLY": 6.1
  },
  "total_revenue": 1467403.6562451443,
  "total_contribution": 658619.2459451444,
  "total_planned_kms": 30758.690000000002,
  "depot_avg_epk": 48.78102474134173,
  "depot_avg_or": 0.836853139688903,
  "revenue_by_quadrant": {
    "INEFFICIENT": 9149.7796511329,
    "OVERSUPPLY": 58936.77763326,
    "UNDERSUPPLY": 1399317.0989607514
  },
  "contribution_by_quadrant": {
    "INEFFICIENT": -128838.18514886711,
    "OVERSUPPLY": 17086.617633259993,
    "UNDERSUPPLY": 770370.8134607514
  }
}