{
  "depot": "HANAMKONDA",
  "target_date": "2026-04-25",
  "predicted_depot_pkm": 1767564.25,
  "total_services": 169,
  "count_add_slot": 43,
  "count_cut": 0,
  "count_no_change": 126,
  "total_allocated_pkm": 1652848.3192170542,
  "quadrant_counts": {
    "OVERSUPPLY": 66,
    "UNDERSUPPLY": 64,
    "INEFFICIENT": 37,
    "SOCIAL_OBLIGATION": 2
  },
  "quadrant_pcts": {
    "OVERSUPPLY": 39.1,
    "UNDERSUPPLY": 37.9,
    "INEFFICIENT": 21.9,
    "SOCIAL_OBLIGATION": 1.2
  },
  "total_revenue": 2043683.903170045,
  "total_contribution": 551141.393170045,
  "total_planned_kms": 53984.0,
  "depot_avg_epk": 43.3299868900342,
  "depot_avg_or": 0.7076111490473544,
  "revenue_by_quadrant": {
    "INEFFICIENT": 438260.2930522341,
    "OVERSUPPLY": 864635.055376129,
    "SOCIAL_OBLIGATION": 23174.879449347594,
    "UNDERSUPPLY": 717613.6752923344
  },
  "contribution_by_quadrant": {
    "INEFFICIENT": -103294.43694776592,
    "OVERSUPPLY": 325301.81537612894,
    "SOCIAL_OBLIGATION": -1262.1605506524083,
    "UNDERSUPPLY": 330396.1752923344
  }
}