{
  "depot": "WARANGAL-I",
  "target_date": "2026-04-25",
  "predicted_depot_pkm": 1764570.0,
  "total_services": 130,
  "count_add_slot": 5,
  "count_cut": 0,
  "count_no_change": 125,
  "total_allocated_pkm": 1653357.9716973174,
  "quadrant_counts": {
    "OVERSUPPLY": 96,
    "UNDERSUPPLY": 27,
    "INEFFICIENT": 7
  },
  "quadrant_pcts": {
    "OVERSUPPLY": 73.8,
    "UNDERSUPPLY": 20.8,
    "INEFFICIENT": 5.4
  },
  "total_revenue": 2449578.774435722,
  "total_contribution": 924184.7544357218,
  "total_planned_kms": 67106.0,
  "depot_avg_epk": 37.76781916703438,
  "depot_avg_or": 0.584160129606324,
  "revenue_by_quadrant": {
    "INEFFICIENT": 42363.979716062895,
    "OVERSUPPLY": 1911777.7066544106,
    "UNDERSUPPLY": 495437.08806524845
  },
  "contribution_by_quadrant": {
    "INEFFICIENT": -39690.7002839371,
    "OVERSUPPLY": 761636.1066544106,
    "UNDERSUPPLY": 202239.34806524843
  }
}