{
  "depot": "JANGAON",
  "target_date": "2026-04-25",
  "predicted_depot_pkm": 1764570.0,
  "total_services": 115,
  "count_add_slot": 7,
  "count_cut": 0,
  "count_no_change": 108,
  "total_allocated_pkm": 1499792.6522431895,
  "quadrant_counts": {
    "OVERSUPPLY": 65,
    "UNDERSUPPLY": 39,
    "INEFFICIENT": 11
  },
  "quadrant_pcts": {
    "OVERSUPPLY": 56.5,
    "UNDERSUPPLY": 33.9,
    "INEFFICIENT": 9.6
  },
  "total_revenue": 1738175.4120009004,
  "total_contribution": 953297.7320009005,
  "total_planned_kms": 49455.0,
  "depot_avg_epk": 35.21675615188181,
  "depot_avg_or": 0.5920606058745964,
  "revenue_by_quadrant": {
    "INEFFICIENT": 18890.165536515044,
    "OVERSUPPLY": 907087.4275244335,
    "UNDERSUPPLY": 812197.818939952
  },
  "contribution_by_quadrant": {
    "INEFFICIENT": -67087.63446348497,
    "OVERSUPPLY": 484020.32752443344,
    "UNDERSUPPLY": 536365.0389399519
  }
}