{
  "depot": "HYDERABAD-II",
  "target_date": "2026-04-25",
  "predicted_depot_pkm": 1409609.75,
  "total_services": 94,
  "count_add_slot": 23,
  "count_cut": 0,
  "count_no_change": 71,
  "total_allocated_pkm": 1389740.7317998845,
  "quadrant_counts": {
    "UNDERSUPPLY": 50,
    "OVERSUPPLY": 40,
    "INEFFICIENT": 4
  },
  "quadrant_pcts": {
    "UNDERSUPPLY": 53.2,
    "OVERSUPPLY": 42.6,
    "INEFFICIENT": 4.3
  },
  "total_revenue": 1908778.1016668305,
  "total_contribution": 1085076.6016668305,
  "total_planned_kms": 44645.0,
  "depot_avg_epk": 45.208480382817356,
  "depot_avg_or": 0.7160560652017711,
  "revenue_by_quadrant": {
    "INEFFICIENT": 44576.22744731339,
    "OVERSUPPLY": 714588.7123817368,
    "UNDERSUPPLY": 1149613.1618377804
  },
  "contribution_by_quadrant": {
    "INEFFICIENT": -9385.392552686608,
    "OVERSUPPLY": 322331.53238173685,
    "UNDERSUPPLY": 772130.4618377803
  }
}