{
  "depot": "WARANGAL-I",
  "target_date": "2026-03-23",
  "predicted_depot_pkm": 2197841.75,
  "total_services": 132,
  "count_add_slot": 28,
  "count_cut": 2,
  "count_no_change": 102,
  "total_allocated_pkm": 2002859.181833346,
  "quadrant_counts": {
    "UNDERSUPPLY": 72,
    "OVERSUPPLY": 52,
    "INEFFICIENT": 8
  },
  "quadrant_pcts": {
    "UNDERSUPPLY": 54.5,
    "OVERSUPPLY": 39.4,
    "INEFFICIENT": 6.1
  },
  "total_revenue": 2936781.3130379664,
  "total_contribution": 1393750.7330379668,
  "total_planned_kms": 68078.0,
  "depot_avg_epk": 44.85634617249088,
  "depot_avg_or": 0.695621486876418,
  "revenue_by_quadrant": {
    "INEFFICIENT": 39521.602218569125,
    "OVERSUPPLY": 1336546.9641074496,
    "UNDERSUPPLY": 1560712.7467119477
  },
  "contribution_by_quadrant": {
    "INEFFICIENT": -33867.03778143088,
    "OVERSUPPLY": 599174.2641074497,
    "UNDERSUPPLY": 828443.5067119478
  }
}