{
  "depot": "CONTONMENT",
  "target_date": "2026-03-23",
  "predicted_depot_pkm": 1883522.25,
  "total_services": 280,
  "count_add_slot": 141,
  "count_cut": 0,
  "count_no_change": 139,
  "total_allocated_pkm": 1687259.678034712,
  "quadrant_counts": {
    "UNDERSUPPLY": 168,
    "OVERSUPPLY": 79,
    "INEFFICIENT": 32,
    "SOCIAL_OBLIGATION": 1
  },
  "quadrant_pcts": {
    "UNDERSUPPLY": 60.0,
    "OVERSUPPLY": 28.2,
    "INEFFICIENT": 11.4,
    "SOCIAL_OBLIGATION": 0.4
  },
  "total_revenue": 2627971.919604821,
  "total_contribution": 1166773.2346048215,
  "total_planned_kms": 46119.0,
  "depot_avg_epk": 60.359212793356825,
  "depot_avg_or": 0.8821735781092728,
  "revenue_by_quadrant": {
    "INEFFICIENT": 98405.58790847653,
    "OVERSUPPLY": 573322.9981642986,
    "SOCIAL_OBLIGATION": 6644.306071917377,
    "UNDERSUPPLY": 1949599.027460129
  },
  "contribution_by_quadrant": {
    "INEFFICIENT": -193245.31709152347,
    "OVERSUPPLY": 181205.25816429858,
    "SOCIAL_OBLIGATION": -361.59392808262237,
    "UNDERSUPPLY": 1179174.8874601289
  }
}