{
  "depot": "BHUPALAPALLAY",
  "target_date": "2026-03-23",
  "predicted_depot_pkm": 1648697.875,
  "total_services": 86,
  "count_add_slot": 42,
  "count_cut": 0,
  "count_no_change": 44,
  "total_allocated_pkm": 1602810.9783808766,
  "quadrant_counts": {
    "UNDERSUPPLY": 62,
    "OVERSUPPLY": 17,
    "INEFFICIENT": 7
  },
  "quadrant_pcts": {
    "UNDERSUPPLY": 72.1,
    "OVERSUPPLY": 19.8,
    "INEFFICIENT": 8.1
  },
  "total_revenue": 2024409.595778308,
  "total_contribution": 1187693.215778308,
  "total_planned_kms": 40068.0,
  "depot_avg_epk": 50.231613466407126,
  "depot_avg_or": 0.7977055991737948,
  "revenue_by_quadrant": {
    "INEFFICIENT": 26927.54343463016,
    "OVERSUPPLY": 281202.8093013017,
    "UNDERSUPPLY": 1716279.2430423764
  },
  "contribution_by_quadrant": {
    "INEFFICIENT": -35172.776565369844,
    "OVERSUPPLY": 133233.5093013017,
    "UNDERSUPPLY": 1089632.4830423763
  }
}