{
  "depot": "HAKIMPET",
  "target_date": "2026-03-23",
  "predicted_depot_pkm": 1456176.0,
  "total_services": 147,
  "count_add_slot": 45,
  "count_cut": 0,
  "count_no_change": 102,
  "total_allocated_pkm": 1391614.605743202,
  "quadrant_counts": {
    "UNDERSUPPLY": 119,
    "OVERSUPPLY": 28
  },
  "quadrant_pcts": {
    "UNDERSUPPLY": 81.0,
    "OVERSUPPLY": 19.0
  },
  "total_revenue": 1873358.6785334295,
  "total_contribution": 1064623.3685334297,
  "total_planned_kms": 30757.0,
  "depot_avg_epk": 61.265771836121104,
  "depot_avg_or": 0.8290549886073487,
  "revenue_by_quadrant": {
    "OVERSUPPLY": 297239.811805445,
    "UNDERSUPPLY": 1576118.8667279845
  },
  "contribution_by_quadrant": {
    "OVERSUPPLY": 141899.101805445,
    "UNDERSUPPLY": 922724.2667279844
  }
}