{
  "depot": "KUKATPALLY",
  "target_date": "2026-04-20",
  "predicted_depot_pkm": 1516010.875,
  "total_services": 204,
  "count_add_slot": 149,
  "count_cut": 0,
  "count_no_change": 55,
  "total_allocated_pkm": 1454370.3192908885,
  "quadrant_counts": {
    "UNDERSUPPLY": 168,
    "INEFFICIENT": 21,
    "OVERSUPPLY": 15
  },
  "quadrant_pcts": {
    "UNDERSUPPLY": 82.4,
    "INEFFICIENT": 10.3,
    "OVERSUPPLY": 7.4
  },
  "total_revenue": 1988644.0089680234,
  "total_contribution": 1197394.368968023,
  "total_planned_kms": 38029.06,
  "depot_avg_epk": 58.861971804421366,
  "depot_avg_or": 0.9501118012310156,
  "revenue_by_quadrant": {
    "INEFFICIENT": 20764.557418943165,
    "OVERSUPPLY": 120841.19361861466,
    "UNDERSUPPLY": 1847038.257930465
  },
  "contribution_by_quadrant": {
    "INEFFICIENT": -116973.51258105683,
    "OVERSUPPLY": 44048.803618614664,
    "UNDERSUPPLY": 1270319.077930465
  }
}