{
  "depot": "THORROR",
  "target_date": "2026-04-20",
  "predicted_depot_pkm": 1844445.5,
  "total_services": 94,
  "count_add_slot": 59,
  "count_cut": 0,
  "count_no_change": 35,
  "total_allocated_pkm": 1779699.2549163054,
  "quadrant_counts": {
    "UNDERSUPPLY": 73,
    "OVERSUPPLY": 17,
    "INEFFICIENT": 4
  },
  "quadrant_pcts": {
    "UNDERSUPPLY": 77.7,
    "OVERSUPPLY": 18.1,
    "INEFFICIENT": 4.3
  },
  "total_revenue": 2215867.9207475227,
  "total_contribution": 1278137.150747523,
  "total_planned_kms": 40942.0,
  "depot_avg_epk": 54.20628859043251,
  "depot_avg_or": 0.8570039361258365,
  "revenue_by_quadrant": {
    "INEFFICIENT": 12793.224362532808,
    "OVERSUPPLY": 292211.26163083385,
    "UNDERSUPPLY": 1910863.4347541563
  },
  "contribution_by_quadrant": {
    "INEFFICIENT": -21693.955637467192,
    "OVERSUPPLY": 123717.73163083386,
    "UNDERSUPPLY": 1176113.3747541562
  }
}