{
  "depot": "WARANGAL-II",
  "target_date": "2026-04-20",
  "predicted_depot_pkm": 2775500.5,
  "total_services": 158,
  "count_add_slot": 45,
  "count_cut": 0,
  "count_no_change": 113,
  "total_allocated_pkm": 2758734.7017644146,
  "quadrant_counts": {
    "UNDERSUPPLY": 97,
    "INEFFICIENT": 40,
    "OVERSUPPLY": 17,
    "SOCIAL_OBLIGATION": 4
  },
  "quadrant_pcts": {
    "UNDERSUPPLY": 61.4,
    "INEFFICIENT": 25.3,
    "OVERSUPPLY": 10.8,
    "SOCIAL_OBLIGATION": 2.5
  },
  "total_revenue": 3625177.3025805606,
  "total_contribution": 701746.3425805607,
  "total_planned_kms": 75132.0,
  "depot_avg_epk": 48.499963066727425,
  "depot_avg_or": 0.7561447920990291,
  "revenue_by_quadrant": {
    "INEFFICIENT": 645651.0240542898,
    "OVERSUPPLY": 332809.63283673616,
    "SOCIAL_OBLIGATION": 81681.89489474989,
    "UNDERSUPPLY": 2565034.7507947846
  },
  "contribution_by_quadrant": {
    "INEFFICIENT": -185243.67594571016,
    "OVERSUPPLY": 29819.45283673615,
    "SOCIAL_OBLIGATION": -3012.5051052501112,
    "UNDERSUPPLY": 860183.0707947847
  }
}