{
  "depot": "MAHABOOBABAD",
  "target_date": "2026-05-20",
  "predicted_depot_pkm": 1422317.125,
  "total_services": 76,
  "count_add_slot": 40,
  "count_cut": 3,
  "count_no_change": 33,
  "total_allocated_pkm": 1312747.837943581,
  "quadrant_counts": {
    "UNDERSUPPLY": 56,
    "OVERSUPPLY": 15,
    "INEFFICIENT": 5
  },
  "quadrant_pcts": {
    "UNDERSUPPLY": 73.7,
    "OVERSUPPLY": 19.7,
    "INEFFICIENT": 6.6
  },
  "total_revenue": 1525478.8122982949,
  "total_contribution": 966991.0222982949,
  "total_planned_kms": 31066.0,
  "depot_avg_epk": 48.453222852230304,
  "depot_avg_or": 0.7812784689478883,
  "revenue_by_quadrant": {
    "INEFFICIENT": 4571.663584486073,
    "OVERSUPPLY": 211354.98204433735,
    "UNDERSUPPLY": 1309552.1666694714
  },
  "contribution_by_quadrant": {
    "INEFFICIENT": -29621.716415513925,
    "OVERSUPPLY": 97280.01204433735,
    "UNDERSUPPLY": 899332.7266694715
  }
}