{
  "depot": "CONTONMENT",
  "target_date": "2026-05-20",
  "predicted_depot_pkm": 1895658.375,
  "total_services": 280,
  "count_add_slot": 148,
  "count_cut": 0,
  "count_no_change": 132,
  "total_allocated_pkm": 1460288.2100840602,
  "quadrant_counts": {
    "UNDERSUPPLY": 171,
    "OVERSUPPLY": 57,
    "INEFFICIENT": 49,
    "SOCIAL_OBLIGATION": 3
  },
  "quadrant_pcts": {
    "UNDERSUPPLY": 61.1,
    "OVERSUPPLY": 20.4,
    "INEFFICIENT": 17.5,
    "SOCIAL_OBLIGATION": 1.1
  },
  "total_revenue": 2368039.8690782124,
  "total_contribution": 907268.8076782122,
  "total_planned_kms": 46115.74,
  "depot_avg_epk": 56.047602992623055,
  "depot_avg_or": 0.8753691151518864,
  "revenue_by_quadrant": {
    "INEFFICIENT": 51169.83166121284,
    "OVERSUPPLY": 422144.19562229497,
    "SOCIAL_OBLIGATION": 21918.871085182862,
    "UNDERSUPPLY": 1872806.9707095216
  },
  "contribution_by_quadrant": {
    "INEFFICIENT": -336056.98573878716,
    "OVERSUPPLY": 137147.61682229498,
    "SOCIAL_OBLIGATION": -5595.208914817141,
    "UNDERSUPPLY": 1111773.3855095215
  }
}