{
  "depot": "CHENGICHERLA",
  "target_date": "2026-05-20",
  "predicted_depot_pkm": 1697687.125,
  "total_services": 192,
  "count_add_slot": 149,
  "count_cut": 0,
  "count_no_change": 43,
  "total_allocated_pkm": 1555997.3444651847,
  "quadrant_counts": {
    "UNDERSUPPLY": 170,
    "OVERSUPPLY": 21,
    "INEFFICIENT": 1
  },
  "quadrant_pcts": {
    "UNDERSUPPLY": 88.5,
    "OVERSUPPLY": 10.9,
    "INEFFICIENT": 0.5
  },
  "total_revenue": 2116336.262699048,
  "total_contribution": 1209618.7626990476,
  "total_planned_kms": 36268.7,
  "depot_avg_epk": 60.15894037583815,
  "depot_avg_or": 0.9954463068753854,
  "revenue_by_quadrant": {
    "INEFFICIENT": 7262.403968260144,
    "OVERSUPPLY": 191513.30112973953,
    "UNDERSUPPLY": 1917560.5576010481
  },
  "contribution_by_quadrant": {
    "INEFFICIENT": -437.5960317398558,
    "OVERSUPPLY": 54038.301129739535,
    "UNDERSUPPLY": 1156018.0576010481
  }
}