{
  "depot": "JANGAON",
  "target_date": "2026-05-20",
  "predicted_depot_pkm": 2374554.25,
  "total_services": 115,
  "count_add_slot": 64,
  "count_cut": 1,
  "count_no_change": 50,
  "total_allocated_pkm": 2073529.1631743344,
  "quadrant_counts": {
    "UNDERSUPPLY": 88,
    "OVERSUPPLY": 16,
    "INEFFICIENT": 11
  },
  "quadrant_pcts": {
    "UNDERSUPPLY": 76.5,
    "OVERSUPPLY": 13.9,
    "INEFFICIENT": 9.6
  },
  "total_revenue": 2391807.6178680602,
  "total_contribution": 1606929.9378680596,
  "total_planned_kms": 49455.0,
  "depot_avg_epk": 48.58597204825069,
  "depot_avg_or": 0.8199432007290799,
  "revenue_by_quadrant": {
    "INEFFICIENT": 0.0,
    "OVERSUPPLY": 287406.4167781276,
    "UNDERSUPPLY": 2104401.201089932
  },
  "contribution_by_quadrant": {
    "INEFFICIENT": -85977.8,
    "OVERSUPPLY": 154991.13677812758,
    "UNDERSUPPLY": 1537916.6010899323
  }
}