{
  "depot": "VEMULAWADA",
  "target_date": "2026-05-20",
  "predicted_depot_pkm": 1398366.5,
  "total_services": 74,
  "count_add_slot": 34,
  "count_cut": 0,
  "count_no_change": 40,
  "total_allocated_pkm": 1291534.7605954804,
  "quadrant_counts": {
    "UNDERSUPPLY": 54,
    "OVERSUPPLY": 15,
    "INEFFICIENT": 5
  },
  "quadrant_pcts": {
    "UNDERSUPPLY": 73.0,
    "OVERSUPPLY": 20.3,
    "INEFFICIENT": 6.8
  },
  "total_revenue": 1597785.5085421738,
  "total_contribution": 769985.5085421739,
  "total_planned_kms": 33112.0,
  "depot_avg_epk": 48.241796180357106,
  "depot_avg_or": 0.8034875382482791,
  "revenue_by_quadrant": {
    "INEFFICIENT": 30689.20355542952,
    "OVERSUPPLY": 266175.4360824997,
    "UNDERSUPPLY": 1300920.8689042446
  },
  "contribution_by_quadrant": {
    "INEFFICIENT": -21460.79644457048,
    "OVERSUPPLY": 87575.43608249968,
    "UNDERSUPPLY": 703870.8689042447
  }
}