{
  "depot": "HUSNABAD",
  "target_date": "2026-05-20",
  "predicted_depot_pkm": 1217530.375,
  "total_services": 66,
  "count_add_slot": 35,
  "count_cut": 3,
  "count_no_change": 28,
  "total_allocated_pkm": 1124231.5372501279,
  "quadrant_counts": {
    "UNDERSUPPLY": 47,
    "OVERSUPPLY": 13,
    "INEFFICIENT": 6
  },
  "quadrant_pcts": {
    "UNDERSUPPLY": 71.2,
    "OVERSUPPLY": 19.7,
    "INEFFICIENT": 9.1
  },
  "total_revenue": 1314186.7885176193,
  "total_contribution": 662911.7885176196,
  "total_planned_kms": 26051.0,
  "depot_avg_epk": 50.327933967909956,
  "depot_avg_or": 0.808918777529971,
  "revenue_by_quadrant": {
    "INEFFICIENT": 30274.18479775719,
    "OVERSUPPLY": 228082.1453739368,
    "UNDERSUPPLY": 1055830.4583459254
  },
  "contribution_by_quadrant": {
    "INEFFICIENT": -27225.81520224281,
    "OVERSUPPLY": 88232.14537393682,
    "UNDERSUPPLY": 601905.4583459256
  }
}