{
  "depot": "NARAYANKHED",
  "target_date": "2026-05-20",
  "predicted_depot_pkm": 1102806.75,
  "total_services": 54,
  "count_add_slot": 18,
  "count_cut": 0,
  "count_no_change": 36,
  "total_allocated_pkm": 905360.0576583493,
  "quadrant_counts": {
    "UNDERSUPPLY": 30,
    "INEFFICIENT": 14,
    "OVERSUPPLY": 10
  },
  "quadrant_pcts": {
    "UNDERSUPPLY": 55.6,
    "INEFFICIENT": 25.9,
    "OVERSUPPLY": 18.5
  },
  "total_revenue": 1119137.5402123882,
  "total_contribution": 505212.54021238844,
  "total_planned_kms": 24557.0,
  "depot_avg_epk": 42.14983967644389,
  "depot_avg_or": 0.6244616141016367,
  "revenue_by_quadrant": {
    "INEFFICIENT": 29792.70603907279,
    "OVERSUPPLY": 176157.96654625895,
    "UNDERSUPPLY": 913186.8676270565
  },
  "contribution_by_quadrant": {
    "INEFFICIENT": -97807.29396092721,
    "OVERSUPPLY": 61657.96654625893,
    "UNDERSUPPLY": 541361.8676270565
  }
}