{
  "depot": "WANAPARTHI",
  "target_date": "2026-05-20",
  "predicted_depot_pkm": 2368491.0,
  "total_services": 130,
  "count_add_slot": 81,
  "count_cut": 0,
  "count_no_change": 49,
  "total_allocated_pkm": 2261966.078708051,
  "quadrant_counts": {
    "UNDERSUPPLY": 108,
    "OVERSUPPLY": 18,
    "INEFFICIENT": 4
  },
  "quadrant_pcts": {
    "UNDERSUPPLY": 83.1,
    "OVERSUPPLY": 13.8,
    "INEFFICIENT": 3.1
  },
  "total_revenue": 2754540.988087937,
  "total_contribution": 1479940.9880879368,
  "total_planned_kms": 50984.0,
  "depot_avg_epk": 54.216284395118116,
  "depot_avg_or": 0.8846961355974248,
  "revenue_by_quadrant": {
    "INEFFICIENT": 5871.895264482212,
    "OVERSUPPLY": 330243.00954334653,
    "UNDERSUPPLY": 2418426.083280108
  },
  "contribution_by_quadrant": {
    "INEFFICIENT": -25528.104735517787,
    "OVERSUPPLY": 127618.00954334656,
    "UNDERSUPPLY": 1377851.0832801082
  }
}