{
  "depot": "HAYATHNAGAR-II",
  "target_date": "2026-05-20",
  "predicted_depot_pkm": 1289204.375,
  "total_services": 169,
  "count_add_slot": 153,
  "count_cut": 0,
  "count_no_change": 16,
  "total_allocated_pkm": 1197778.705565265,
  "quadrant_counts": {
    "UNDERSUPPLY": 156,
    "OVERSUPPLY": 10,
    "INEFFICIENT": 3
  },
  "quadrant_pcts": {
    "UNDERSUPPLY": 92.3,
    "OVERSUPPLY": 5.9,
    "INEFFICIENT": 1.8
  },
  "total_revenue": 1880512.4902397527,
  "total_contribution": 1212719.990239753,
  "total_planned_kms": 26711.699999999997,
  "depot_avg_epk": 71.23267374825022,
  "depot_avg_or": 1.2963179154330633,
  "revenue_by_quadrant": {
    "INEFFICIENT": 17217.905083878715,
    "OVERSUPPLY": 46989.65759692651,
    "UNDERSUPPLY": 1816304.9275589476
  },
  "contribution_by_quadrant": {
    "INEFFICIENT": -4832.094916121287,
    "OVERSUPPLY": 8357.65759692651,
    "UNDERSUPPLY": 1209194.4275589476
  }
}