{
  "depot": "FALAKNUMA",
  "target_date": "2026-05-20",
  "predicted_depot_pkm": 1577320.375,
  "total_services": 148,
  "count_add_slot": 113,
  "count_cut": 0,
  "count_no_change": 35,
  "total_allocated_pkm": 1440169.1312134638,
  "quadrant_counts": {
    "UNDERSUPPLY": 117,
    "INEFFICIENT": 29,
    "OVERSUPPLY": 2
  },
  "quadrant_pcts": {
    "UNDERSUPPLY": 79.1,
    "INEFFICIENT": 19.6,
    "OVERSUPPLY": 1.4
  },
  "total_revenue": 1916891.8459864059,
  "total_contribution": 1216741.8459864056,
  "total_planned_kms": 28006.0,
  "depot_avg_epk": 65.51233160241468,
  "depot_avg_or": 1.0665945442257942,
  "revenue_by_quadrant": {
    "INEFFICIENT": 2177.0601379955096,
    "OVERSUPPLY": 8906.122161531464,
    "UNDERSUPPLY": 1905808.6636868787
  },
  "contribution_by_quadrant": {
    "INEFFICIENT": -101247.9398620045,
    "OVERSUPPLY": 1981.1221615314635,
    "UNDERSUPPLY": 1316008.6636868787
  }
}