{
  "depot": "IBRAHIMPATNAM",
  "target_date": "2026-05-20",
  "predicted_depot_pkm": 2020168.625,
  "total_services": 189,
  "count_add_slot": 131,
  "count_cut": 2,
  "count_no_change": 56,
  "total_allocated_pkm": 1828705.112929504,
  "quadrant_counts": {
    "UNDERSUPPLY": 157,
    "OVERSUPPLY": 18,
    "INEFFICIENT": 14
  },
  "quadrant_pcts": {
    "UNDERSUPPLY": 83.1,
    "OVERSUPPLY": 9.5,
    "INEFFICIENT": 7.4
  },
  "total_revenue": 2426328.3513379926,
  "total_contribution": 1547738.2193379928,
  "total_planned_kms": 44778.7,
  "depot_avg_epk": 56.38693886377544,
  "depot_avg_or": 0.9229136285000031,
  "revenue_by_quadrant": {
    "INEFFICIENT": 0.0,
    "OVERSUPPLY": 135192.52772882147,
    "UNDERSUPPLY": 2291135.8236091714
  },
  "contribution_by_quadrant": {
    "INEFFICIENT": -81041.59999999999,
    "OVERSUPPLY": 46976.35172882147,
    "UNDERSUPPLY": 1581803.4676091713
  }
}