{
  "depot": "BANSWADA",
  "target_date": "2026-05-20",
  "predicted_depot_pkm": 1764081.25,
  "total_services": 92,
  "count_add_slot": 37,
  "count_cut": 0,
  "count_no_change": 55,
  "total_allocated_pkm": 1563970.4830142406,
  "quadrant_counts": {
    "UNDERSUPPLY": 62,
    "OVERSUPPLY": 23,
    "INEFFICIENT": 7
  },
  "quadrant_pcts": {
    "UNDERSUPPLY": 67.4,
    "OVERSUPPLY": 25.0,
    "INEFFICIENT": 7.6
  },
  "total_revenue": 1869187.4247738165,
  "total_contribution": 1165816.234773816,
  "total_planned_kms": 37832.0,
  "depot_avg_epk": 48.90329430832554,
  "depot_avg_or": 0.7404399618963373,
  "revenue_by_quadrant": {
    "INEFFICIENT": 6673.033323219117,
    "OVERSUPPLY": 368939.3430107724,
    "UNDERSUPPLY": 1493575.0484398247
  },
  "contribution_by_quadrant": {
    "INEFFICIENT": -43567.93667678089,
    "OVERSUPPLY": 186574.63301077244,
    "UNDERSUPPLY": 1022809.5384398247
  }
}