{
  "depot": "PARKAL",
  "target_date": "2026-03-22",
  "predicted_depot_pkm": 1256123.375,
  "total_services": 79,
  "count_add_slot": 18,
  "count_cut": 2,
  "count_no_change": 59,
  "total_allocated_pkm": 1200498.243012533,
  "quadrant_counts": {
    "UNDERSUPPLY": 42,
    "OVERSUPPLY": 30,
    "INEFFICIENT": 7
  },
  "quadrant_pcts": {
    "UNDERSUPPLY": 53.2,
    "OVERSUPPLY": 38.0,
    "INEFFICIENT": 8.9
  },
  "total_revenue": 1429945.1733531896,
  "total_contribution": 702929.9633531894,
  "total_planned_kms": 34127.0,
  "depot_avg_epk": 41.803553335401055,
  "depot_avg_or": 0.6828868457666462,
  "revenue_by_quadrant": {
    "INEFFICIENT": 33549.36409094817,
    "OVERSUPPLY": 467169.1616784432,
    "UNDERSUPPLY": 929226.647583798
  },
  "contribution_by_quadrant": {
    "INEFFICIENT": -19724.69590905183,
    "OVERSUPPLY": 189494.25167844316,
    "UNDERSUPPLY": 533160.407583798
  }
}