{
  "depot": "NIZAMABAD-I",
  "target_date": "2026-03-22",
  "predicted_depot_pkm": 1512476.25,
  "total_services": 125,
  "count_add_slot": 7,
  "count_cut": 0,
  "count_no_change": 118,
  "total_allocated_pkm": 1322900.1999135667,
  "quadrant_counts": {
    "OVERSUPPLY": 76,
    "UNDERSUPPLY": 37,
    "INEFFICIENT": 12
  },
  "quadrant_pcts": {
    "OVERSUPPLY": 60.8,
    "UNDERSUPPLY": 29.6,
    "INEFFICIENT": 9.6
  },
  "total_revenue": 1746579.9951303992,
  "total_contribution": 758856.0151303994,
  "total_planned_kms": 51753.0,
  "depot_avg_epk": 35.74417827539227,
  "depot_avg_or": 0.5531079156584097,
  "revenue_by_quadrant": {
    "INEFFICIENT": 35204.135701295345,
    "OVERSUPPLY": 1044915.6781431957,
    "UNDERSUPPLY": 666460.1812859086
  },
  "contribution_by_quadrant": {
    "INEFFICIENT": -101295.54429870466,
    "OVERSUPPLY": 455682.1581431956,
    "UNDERSUPPLY": 404469.4012859086
  }
}