{
  "depot": "HYDERABAD-I",
  "target_date": "2026-03-22",
  "predicted_depot_pkm": 1838326.375,
  "total_services": 112,
  "count_add_slot": 44,
  "count_cut": 2,
  "count_no_change": 66,
  "total_allocated_pkm": 1743349.5879977006,
  "quadrant_counts": {
    "UNDERSUPPLY": 58,
    "OVERSUPPLY": 49,
    "INEFFICIENT": 5
  },
  "quadrant_pcts": {
    "UNDERSUPPLY": 51.8,
    "OVERSUPPLY": 43.8,
    "INEFFICIENT": 4.5
  },
  "total_revenue": 2552192.673580337,
  "total_contribution": 1331471.4335803366,
  "total_planned_kms": 56941.0,
  "depot_avg_epk": 48.07571742366529,
  "depot_avg_or": 0.7391961518620038,
  "revenue_by_quadrant": {
    "INEFFICIENT": 72693.83964782389,
    "OVERSUPPLY": 1019544.1185093529,
    "UNDERSUPPLY": 1459954.7154231598
  },
  "contribution_by_quadrant": {
    "INEFFICIENT": -18058.320352176102,
    "OVERSUPPLY": 362537.138509353,
    "UNDERSUPPLY": 986992.6154231598
  }
}