{
  "depot": "KARIMNAGAR-I",
  "target_date": "2026-03-22",
  "predicted_depot_pkm": 1571381.625,
  "total_services": 108,
  "count_add_slot": 15,
  "count_cut": 2,
  "count_no_change": 91,
  "total_allocated_pkm": 1493342.590491284,
  "quadrant_counts": {
    "OVERSUPPLY": 56,
    "UNDERSUPPLY": 47,
    "INEFFICIENT": 5
  },
  "quadrant_pcts": {
    "OVERSUPPLY": 51.9,
    "UNDERSUPPLY": 43.5,
    "INEFFICIENT": 4.6
  },
  "total_revenue": 1866476.935839554,
  "total_contribution": 728945.1758395539,
  "total_planned_kms": 47350.0,
  "depot_avg_epk": 40.56416785759098,
  "depot_avg_or": 0.6543717777067738,
  "revenue_by_quadrant": {
    "INEFFICIENT": 44455.768359193826,
    "OVERSUPPLY": 912156.4487714588,
    "UNDERSUPPLY": 909864.7187089014
  },
  "contribution_by_quadrant": {
    "INEFFICIENT": -32161.751640806175,
    "OVERSUPPLY": 345837.7087714588,
    "UNDERSUPPLY": 415269.21870890143
  }
}