{
  "depot": "IBRAHIMPATNAM",
  "target_date": "2026-04-15",
  "predicted_depot_pkm": 2077695.375,
  "total_services": 189,
  "count_add_slot": 143,
  "count_cut": 0,
  "count_no_change": 46,
  "total_allocated_pkm": 1929422.2973542484,
  "quadrant_counts": {
    "UNDERSUPPLY": 155,
    "OVERSUPPLY": 33,
    "INEFFICIENT": 1
  },
  "quadrant_pcts": {
    "UNDERSUPPLY": 82.0,
    "OVERSUPPLY": 17.5,
    "INEFFICIENT": 0.5
  },
  "total_revenue": 2578547.5593219637,
  "total_contribution": 1699957.4273219637,
  "total_planned_kms": 44778.7,
  "depot_avg_epk": 59.834925810594626,
  "depot_avg_or": 0.976424754979004,
  "revenue_by_quadrant": {
    "INEFFICIENT": 6601.9661588043155,
    "OVERSUPPLY": 301547.10187594296,
    "UNDERSUPPLY": 2270398.4912872165
  },
  "contribution_by_quadrant": {
    "INEFFICIENT": -393.23384119568436,
    "OVERSUPPLY": 111204.58187594298,
    "UNDERSUPPLY": 1589146.0792872165
  }
}