{
  "depot": "HAKIMPET",
  "target_date": "2026-04-15",
  "predicted_depot_pkm": 1400314.125,
  "total_services": 147,
  "count_add_slot": 103,
  "count_cut": 0,
  "count_no_change": 44,
  "total_allocated_pkm": 1248399.4837718338,
  "quadrant_counts": {
    "UNDERSUPPLY": 126,
    "OVERSUPPLY": 13,
    "INEFFICIENT": 8
  },
  "quadrant_pcts": {
    "UNDERSUPPLY": 85.7,
    "OVERSUPPLY": 8.8,
    "INEFFICIENT": 5.4
  },
  "total_revenue": 1682269.124574395,
  "total_contribution": 873484.7142743948,
  "total_planned_kms": 30758.690000000002,
  "depot_avg_epk": 54.77686256012935,
  "depot_avg_or": 0.9385662894705642,
  "revenue_by_quadrant": {
    "INEFFICIENT": 0.0,
    "OVERSUPPLY": 107107.69455885133,
    "UNDERSUPPLY": 1575161.4300155437
  },
  "contribution_by_quadrant": {
    "INEFFICIENT": -36393.62,
    "OVERSUPPLY": 37324.05455885133,
    "UNDERSUPPLY": 872554.2797155436
  }
}