{
  "depot": "WARANGAL-I",
  "target_date": "2026-04-15",
  "predicted_depot_pkm": 1990339.125,
  "total_services": 130,
  "count_add_slot": 18,
  "count_cut": 0,
  "count_no_change": 112,
  "total_allocated_pkm": 1899367.7622368548,
  "quadrant_counts": {
    "OVERSUPPLY": 76,
    "UNDERSUPPLY": 53,
    "INEFFICIENT": 1
  },
  "quadrant_pcts": {
    "OVERSUPPLY": 58.5,
    "UNDERSUPPLY": 40.8,
    "INEFFICIENT": 0.8
  },
  "total_revenue": 2784176.589165111,
  "total_contribution": 1258782.569165111,
  "total_planned_kms": 67106.0,
  "depot_avg_epk": 42.77137463409817,
  "depot_avg_or": 0.6639758698674603,
  "revenue_by_quadrant": {
    "INEFFICIENT": 27293.18239397035,
    "OVERSUPPLY": 1685285.4788150196,
    "UNDERSUPPLY": 1071597.9279561208
  },
  "contribution_by_quadrant": {
    "INEFFICIENT": -1517.3376060296468,
    "OVERSUPPLY": 730411.7988150197,
    "UNDERSUPPLY": 529888.1079561209
  }
}