{
  "depot": "WARANGAL-II",
  "target_date": "2026-04-15",
  "predicted_depot_pkm": 2755002.0,
  "total_services": 158,
  "count_add_slot": 46,
  "count_cut": 0,
  "count_no_change": 112,
  "total_allocated_pkm": 2733448.4469115124,
  "quadrant_counts": {
    "UNDERSUPPLY": 97,
    "INEFFICIENT": 38,
    "OVERSUPPLY": 18,
    "SOCIAL_OBLIGATION": 5
  },
  "quadrant_pcts": {
    "UNDERSUPPLY": 61.4,
    "INEFFICIENT": 24.1,
    "OVERSUPPLY": 11.4,
    "SOCIAL_OBLIGATION": 3.2
  },
  "total_revenue": 3593837.97753253,
  "total_contribution": 670407.0175325302,
  "total_planned_kms": 75132.0,
  "depot_avg_epk": 48.030112209076165,
  "depot_avg_or": 0.7489678835924287,
  "revenue_by_quadrant": {
    "INEFFICIENT": 601476.3038115026,
    "OVERSUPPLY": 361147.3122042768,
    "SOCIAL_OBLIGATION": 101386.75183624934,
    "UNDERSUPPLY": 2529827.6096805013
  },
  "contribution_by_quadrant": {
    "INEFFICIENT": -185797.59618849732,
    "OVERSUPPLY": 36091.452204276786,
    "SOCIAL_OBLIGATION": -4481.24816375065,
    "UNDERSUPPLY": 824594.4096805013
  }
}