{
  "depot": "KUKATPALLY",
  "target_date": "2026-04-15",
  "predicted_depot_pkm": 1451252.625,
  "total_services": 204,
  "count_add_slot": 134,
  "count_cut": 0,
  "count_no_change": 70,
  "total_allocated_pkm": 1395783.6733874585,
  "quadrant_counts": {
    "UNDERSUPPLY": 163,
    "INEFFICIENT": 23,
    "OVERSUPPLY": 18
  },
  "quadrant_pcts": {
    "UNDERSUPPLY": 79.9,
    "INEFFICIENT": 11.3,
    "OVERSUPPLY": 8.8
  },
  "total_revenue": 1907862.7541566864,
  "total_contribution": 1116613.1141566865,
  "total_planned_kms": 38029.06,
  "depot_avg_epk": 55.39986643688959,
  "depot_avg_or": 0.894026985684783,
  "revenue_by_quadrant": {
    "INEFFICIENT": 73196.75488242658,
    "OVERSUPPLY": 141964.9574037054,
    "UNDERSUPPLY": 1692701.0418705544
  },
  "contribution_by_quadrant": {
    "INEFFICIENT": -70066.31511757341,
    "OVERSUPPLY": 53718.81740370538,
    "UNDERSUPPLY": 1132960.6118705545
  }
}