{
  "depot": "JANGAON",
  "target_date": "2026-04-15",
  "predicted_depot_pkm": 2076183.875,
  "total_services": 115,
  "count_add_slot": 45,
  "count_cut": 0,
  "count_no_change": 70,
  "total_allocated_pkm": 1888963.2319888247,
  "quadrant_counts": {
    "UNDERSUPPLY": 77,
    "OVERSUPPLY": 30,
    "INEFFICIENT": 8
  },
  "quadrant_pcts": {
    "UNDERSUPPLY": 67.0,
    "OVERSUPPLY": 26.1,
    "INEFFICIENT": 7.0
  },
  "total_revenue": 2180527.29867218,
  "total_contribution": 1395649.6186721802,
  "total_planned_kms": 49455.0,
  "depot_avg_epk": 44.2592180348499,
  "depot_avg_or": 0.7461872398112475,
  "revenue_by_quadrant": {
    "INEFFICIENT": 9849.024998163111,
    "OVERSUPPLY": 462154.1937088383,
    "UNDERSUPPLY": 1708524.0799651789
  },
  "contribution_by_quadrant": {
    "INEFFICIENT": -47624.975001836894,
    "OVERSUPPLY": 219793.2037088383,
    "UNDERSUPPLY": 1223481.389965179
  }
}