{
  "depot": "BHUPALAPALLAY",
  "target_date": "2026-04-15",
  "predicted_depot_pkm": 1489007.5,
  "total_services": 86,
  "count_add_slot": 24,
  "count_cut": 0,
  "count_no_change": 62,
  "total_allocated_pkm": 1439614.4878784288,
  "quadrant_counts": {
    "UNDERSUPPLY": 54,
    "OVERSUPPLY": 25,
    "INEFFICIENT": 7
  },
  "quadrant_pcts": {
    "UNDERSUPPLY": 62.8,
    "OVERSUPPLY": 29.1,
    "INEFFICIENT": 8.1
  },
  "total_revenue": 1814664.3288704383,
  "total_contribution": 977612.9888704383,
  "total_planned_kms": 40104.0,
  "depot_avg_epk": 45.05327158428604,
  "depot_avg_or": 0.699709355514597,
  "revenue_by_quadrant": {
    "INEFFICIENT": 32260.323902304746,
    "OVERSUPPLY": 399432.0605146852,
    "UNDERSUPPLY": 1382971.9444534485
  },
  "contribution_by_quadrant": {
    "INEFFICIENT": -30906.036097695254,
    "OVERSUPPLY": 170774.9405146852,
    "UNDERSUPPLY": 837744.0844534484
  }
}