{
  "depot": "NARSAMPET",
  "target_date": "2026-04-15",
  "predicted_depot_pkm": 1703424.375,
  "total_services": 94,
  "count_add_slot": 58,
  "count_cut": 0,
  "count_no_change": 36,
  "total_allocated_pkm": 1633990.085911422,
  "quadrant_counts": {
    "UNDERSUPPLY": 73,
    "OVERSUPPLY": 16,
    "INEFFICIENT": 5
  },
  "quadrant_pcts": {
    "UNDERSUPPLY": 77.7,
    "OVERSUPPLY": 17.0,
    "INEFFICIENT": 5.3
  },
  "total_revenue": 1947717.2276994635,
  "total_contribution": 1075825.0276994633,
  "total_planned_kms": 40599.0,
  "depot_avg_epk": 48.04483596549178,
  "depot_avg_or": 0.8287535923353356,
  "revenue_by_quadrant": {
    "INEFFICIENT": 9858.253218683752,
    "OVERSUPPLY": 276938.2993214711,
    "UNDERSUPPLY": 1660920.6751593086
  },
  "contribution_by_quadrant": {
    "INEFFICIENT": -27381.346781316246,
    "OVERSUPPLY": 113731.43932147109,
    "UNDERSUPPLY": 989474.9351593085
  }
}