{
  "depot": "HANAMKONDA",
  "target_date": "2026-04-09",
  "predicted_depot_pkm": 2125356.0,
  "total_services": 169,
  "count_add_slot": 68,
  "count_cut": 0,
  "count_no_change": 101,
  "total_allocated_pkm": 2055540.4176482696,
  "quadrant_counts": {
    "UNDERSUPPLY": 109,
    "OVERSUPPLY": 43,
    "INEFFICIENT": 16,
    "SOCIAL_OBLIGATION": 1
  },
  "quadrant_pcts": {
    "UNDERSUPPLY": 64.5,
    "OVERSUPPLY": 25.4,
    "INEFFICIENT": 9.5,
    "SOCIAL_OBLIGATION": 0.6
  },
  "total_revenue": 2537965.205617983,
  "total_contribution": 1045422.6956179828,
  "total_planned_kms": 53984.0,
  "depot_avg_epk": 54.207084698726206,
  "depot_avg_or": 0.8835870605667204,
  "revenue_by_quadrant": {
    "INEFFICIENT": 222774.41204404406,
    "OVERSUPPLY": 764569.5770210342,
    "SOCIAL_OBLIGATION": 19383.284401790737,
    "UNDERSUPPLY": 1531237.9321511139
  },
  "contribution_by_quadrant": {
    "INEFFICIENT": -24805.367955955975,
    "OVERSUPPLY": 312377.8170210342,
    "SOCIAL_OBLIGATION": -95.51559820926559,
    "UNDERSUPPLY": 757945.7621511137
  }
}