{
  "depot": "WARANGAL-I",
  "target_date": "2026-04-09",
  "predicted_depot_pkm": 2029342.75,
  "total_services": 130,
  "count_add_slot": 17,
  "count_cut": 0,
  "count_no_change": 113,
  "total_allocated_pkm": 1891964.8051163629,
  "quadrant_counts": {
    "OVERSUPPLY": 80,
    "UNDERSUPPLY": 50
  },
  "quadrant_pcts": {
    "OVERSUPPLY": 61.5,
    "UNDERSUPPLY": 38.5
  },
  "total_revenue": 2769303.1689464403,
  "total_contribution": 1243909.1489464403,
  "total_planned_kms": 67106.0,
  "depot_avg_epk": 42.471249426418076,
  "depot_avg_or": 0.6601575291621176,
  "revenue_by_quadrant": {
    "OVERSUPPLY": 1777246.8040983358,
    "UNDERSUPPLY": 992056.3648481044
  },
  "contribution_by_quadrant": {
    "OVERSUPPLY": 757114.9240983359,
    "UNDERSUPPLY": 486794.2248481044
  }
}