{
  "depot": "IBRAHIMPATNAM",
  "target_date": "2026-04-09",
  "predicted_depot_pkm": 2086926.625,
  "total_services": 189,
  "count_add_slot": 145,
  "count_cut": 0,
  "count_no_change": 44,
  "total_allocated_pkm": 1978008.4588866422,
  "quadrant_counts": {
    "UNDERSUPPLY": 166,
    "OVERSUPPLY": 22,
    "INEFFICIENT": 1
  },
  "quadrant_pcts": {
    "UNDERSUPPLY": 87.8,
    "OVERSUPPLY": 11.6,
    "INEFFICIENT": 0.5
  },
  "total_revenue": 2642681.6767252004,
  "total_contribution": 1764091.5447252002,
  "total_planned_kms": 44778.7,
  "depot_avg_epk": 61.173474637127256,
  "depot_avg_or": 0.9983567485683362,
  "revenue_by_quadrant": {
    "INEFFICIENT": 6363.136942900278,
    "OVERSUPPLY": 200085.6888762509,
    "UNDERSUPPLY": 2436232.850906049
  },
  "contribution_by_quadrant": {
    "INEFFICIENT": -632.0630570997218,
    "OVERSUPPLY": 71165.48887625092,
    "UNDERSUPPLY": 1693558.118906049
  }
}