{
  "depot": "KUKATPALLY",
  "target_date": "2026-04-09",
  "predicted_depot_pkm": 1485127.25,
  "total_services": 204,
  "count_add_slot": 129,
  "count_cut": 0,
  "count_no_change": 75,
  "total_allocated_pkm": 1429702.9763900556,
  "quadrant_counts": {
    "UNDERSUPPLY": 160,
    "OVERSUPPLY": 30,
    "INEFFICIENT": 14
  },
  "quadrant_pcts": {
    "UNDERSUPPLY": 78.4,
    "OVERSUPPLY": 14.7,
    "INEFFICIENT": 6.9
  },
  "total_revenue": 1950033.0870261192,
  "total_contribution": 1158783.4470261193,
  "total_planned_kms": 38029.06,
  "depot_avg_epk": 55.13938465079531,
  "depot_avg_or": 0.8901952371844781,
  "revenue_by_quadrant": {
    "INEFFICIENT": 26870.14429842953,
    "OVERSUPPLY": 249494.58419347098,
    "UNDERSUPPLY": 1673668.3585342187
  },
  "contribution_by_quadrant": {
    "INEFFICIENT": -56027.47570157047,
    "OVERSUPPLY": 107184.244193471,
    "UNDERSUPPLY": 1107626.6785342188
  }
}