{
  "depot": "HYDERABAD-II",
  "target_date": "2026-04-09",
  "predicted_depot_pkm": 1575575.0,
  "total_services": 94,
  "count_add_slot": 39,
  "count_cut": 0,
  "count_no_change": 55,
  "total_allocated_pkm": 1544668.202862607,
  "quadrant_counts": {
    "UNDERSUPPLY": 49,
    "OVERSUPPLY": 45
  },
  "quadrant_pcts": {
    "UNDERSUPPLY": 52.1,
    "OVERSUPPLY": 47.9
  },
  "total_revenue": 2135783.152111033,
  "total_contribution": 1312081.6521110334,
  "total_planned_kms": 44645.0,
  "depot_avg_epk": 49.56844983709961,
  "depot_avg_or": 0.7874405607965455,
  "revenue_by_quadrant": {
    "OVERSUPPLY": 816461.2111663491,
    "UNDERSUPPLY": 1319321.9409446842
  },
  "contribution_by_quadrant": {
    "OVERSUPPLY": 383680.2111663491,
    "UNDERSUPPLY": 928401.4409446841
  }
}