{
  "depot": "ARMOOR",
  "target_date": "2026-04-09",
  "predicted_depot_pkm": 1379553.5,
  "total_services": 90,
  "count_add_slot": 19,
  "count_cut": 0,
  "count_no_change": 71,
  "total_allocated_pkm": 1186007.4501851392,
  "quadrant_counts": {
    "UNDERSUPPLY": 44,
    "OVERSUPPLY": 36,
    "INEFFICIENT": 10
  },
  "quadrant_pcts": {
    "UNDERSUPPLY": 48.9,
    "OVERSUPPLY": 40.0,
    "INEFFICIENT": 11.1
  },
  "total_revenue": 1468567.367591007,
  "total_contribution": 787598.1675910071,
  "total_planned_kms": 36987.0,
  "depot_avg_epk": 39.974909572353596,
  "depot_avg_or": 0.6501029311720663,
  "revenue_by_quadrant": {
    "INEFFICIENT": 18862.759142537634,
    "OVERSUPPLY": 574548.0615355993,
    "UNDERSUPPLY": 875156.5469128701
  },
  "contribution_by_quadrant": {
    "INEFFICIENT": -57882.040857462365,
    "OVERSUPPLY": 269207.9615355993,
    "UNDERSUPPLY": 576272.2469128701
  }
}