{
  "depot": "HAYATHNAGAR-II",
  "target_date": "2026-06-09",
  "predicted_depot_pkm": 1318191.125,
  "total_services": 169,
  "count_add_slot": 9,
  "count_cut": 0,
  "count_add_candidates_no_spare": 102,
  "count_no_change": 58,
  "total_allocated_pkm": 1275937.3317328454,
  "quadrant_counts": {
    "UNDERSUPPLY": 165,
    "INEFFICIENT": 4
  },
  "quadrant_pcts": {
    "UNDERSUPPLY": 97.6,
    "INEFFICIENT": 2.4
  },
  "total_revenue": 2003221.3348619577,
  "total_contribution": 1335428.834861958,
  "total_planned_kms": 26711.699999999997,
  "depot_avg_epk": 76.36186467693543,
  "depot_avg_or": 1.389661109069072,
  "revenue_by_quadrant": {
    "INEFFICIENT": 11917.798237234869,
    "UNDERSUPPLY": 1991303.5366247229
  },
  "contribution_by_quadrant": {
    "INEFFICIENT": -17482.20176276513,
    "UNDERSUPPLY": 1352911.0366247229
  },
  "maintenance_pct": 0.02,
  "pkm_90d_avg": 1065280.8251372823,
  "fleet_breakdown": {
    "EM": {
      "available": 112,
      "planned": 101.0,
      "cut": 0.0,
      "maintenance": 2,
      "spare": 9.0,
      "estimated": true,
      "added": 9,
      "to_add": 111
    }
  }
}