{
  "depot": "JANGAON",
  "target_date": "2026-03-19",
  "predicted_depot_pkm": 1925140.375,
  "total_services": 115,
  "count_add_slot": 19,
  "count_cut": 0,
  "count_no_change": 96,
  "total_allocated_pkm": 1805947.3045128414,
  "quadrant_counts": {
    "UNDERSUPPLY": 67,
    "OVERSUPPLY": 46,
    "INEFFICIENT": 2
  },
  "quadrant_pcts": {
    "UNDERSUPPLY": 58.3,
    "OVERSUPPLY": 40.0,
    "INEFFICIENT": 1.7
  },
  "total_revenue": 2113267.8597337063,
  "total_contribution": 1328390.179733706,
  "total_planned_kms": 49455.0,
  "depot_avg_epk": 42.852783210586445,
  "depot_avg_or": 0.7080730191278554,
  "revenue_by_quadrant": {
    "INEFFICIENT": 8344.652999088534,
    "OVERSUPPLY": 700231.4510350465,
    "UNDERSUPPLY": 1404691.755699571
  },
  "contribution_by_quadrant": {
    "INEFFICIENT": -5946.947000911467,
    "OVERSUPPLY": 362849.07103504654,
    "UNDERSUPPLY": 971488.0556995709
  }
}