{
  "depot": "KARIMNAGAR-I",
  "target_date": "2026-03-19",
  "predicted_depot_pkm": 1206503.5,
  "total_services": 108,
  "count_add_slot": 0,
  "count_cut": 2,
  "count_no_change": 106,
  "total_allocated_pkm": 1159352.8608485437,
  "quadrant_counts": {
    "OVERSUPPLY": 87,
    "UNDERSUPPLY": 11,
    "INEFFICIENT": 10
  },
  "quadrant_pcts": {
    "OVERSUPPLY": 80.6,
    "UNDERSUPPLY": 10.2,
    "INEFFICIENT": 9.3
  },
  "total_revenue": 1449697.086130124,
  "total_contribution": 312165.3261301241,
  "total_planned_kms": 47350.0,
  "depot_avg_epk": 31.707257118523643,
  "depot_avg_or": 0.511819192972358,
  "revenue_by_quadrant": {
    "INEFFICIENT": 106442.54230230692,
    "OVERSUPPLY": 1172075.8950132458,
    "UNDERSUPPLY": 171178.6488145713
  },
  "contribution_by_quadrant": {
    "INEFFICIENT": -53378.337697693074,
    "OVERSUPPLY": 304183.39501324587,
    "UNDERSUPPLY": 61360.2688145713
  }
}