{
  "depot": "BHUPALAPALLAY",
  "target_date": "2026-03-19",
  "predicted_depot_pkm": 1105836.625,
  "total_services": 86,
  "count_add_slot": 0,
  "count_cut": 0,
  "count_no_change": 86,
  "total_allocated_pkm": 1069409.720073942,
  "quadrant_counts": {
    "OVERSUPPLY": 59,
    "UNDERSUPPLY": 17,
    "INEFFICIENT": 10
  },
  "quadrant_pcts": {
    "OVERSUPPLY": 68.6,
    "UNDERSUPPLY": 19.8,
    "INEFFICIENT": 11.6
  },
  "total_revenue": 1349926.5255177186,
  "total_contribution": 513210.1455177188,
  "total_planned_kms": 40068.0,
  "depot_avg_epk": 33.62138940789827,
  "depot_avg_or": 0.5343886434394587,
  "revenue_by_quadrant": {
    "INEFFICIENT": 47655.88591935372,
    "OVERSUPPLY": 923380.5403961762,
    "UNDERSUPPLY": 378890.0992021889
  },
  "contribution_by_quadrant": {
    "INEFFICIENT": -48054.63408064628,
    "OVERSUPPLY": 354872.7003961762,
    "UNDERSUPPLY": 206392.0792021889
  }
}