{
  "depot": "HYDERABAD-I",
  "target_date": "2026-03-19",
  "predicted_depot_pkm": 1597950.25,
  "total_services": 112,
  "count_add_slot": 32,
  "count_cut": 3,
  "count_no_change": 77,
  "total_allocated_pkm": 1549287.5711226193,
  "quadrant_counts": {
    "OVERSUPPLY": 52,
    "UNDERSUPPLY": 52,
    "INEFFICIENT": 8
  },
  "quadrant_pcts": {
    "OVERSUPPLY": 46.4,
    "UNDERSUPPLY": 46.4,
    "INEFFICIENT": 7.1
  },
  "total_revenue": 2266448.2592298375,
  "total_contribution": 1045727.0192298373,
  "total_planned_kms": 56941.0,
  "depot_avg_epk": 42.951331138827655,
  "depot_avg_or": 0.6605415847938098,
  "revenue_by_quadrant": {
    "INEFFICIENT": 131291.7236491216,
    "OVERSUPPLY": 937333.0885793699,
    "UNDERSUPPLY": 1197823.447001346
  },
  "contribution_by_quadrant": {
    "INEFFICIENT": -40862.1763508784,
    "OVERSUPPLY": 309150.76857937,
    "UNDERSUPPLY": 777438.4270013458
  }
}