{
  "depot": "MAHABOOBABAD",
  "target_date": "2026-03-19",
  "predicted_depot_pkm": 1019686.5625,
  "total_services": 76,
  "count_add_slot": 1,
  "count_cut": 3,
  "count_no_change": 72,
  "total_allocated_pkm": 975256.8489331249,
  "quadrant_counts": {
    "OVERSUPPLY": 43,
    "UNDERSUPPLY": 26,
    "INEFFICIENT": 7
  },
  "quadrant_pcts": {
    "OVERSUPPLY": 56.6,
    "UNDERSUPPLY": 34.2,
    "INEFFICIENT": 9.2
  },
  "total_revenue": 1132870.511460006,
  "total_contribution": 574382.721460006,
  "total_planned_kms": 31066.0,
  "depot_avg_epk": 36.10707897715428,
  "depot_avg_or": 0.5993022399343217,
  "revenue_by_quadrant": {
    "INEFFICIENT": 23310.573785257115,
    "OVERSUPPLY": 628678.3521881107,
    "UNDERSUPPLY": 480881.585486638
  },
  "contribution_by_quadrant": {
    "INEFFICIENT": -26356.656214742885,
    "OVERSUPPLY": 305739.1921881107,
    "UNDERSUPPLY": 295000.185486638
  }
}