{
  "depot": "NARSAMPET",
  "target_date": "2026-03-19",
  "predicted_depot_pkm": 1292930.5,
  "total_services": 94,
  "count_add_slot": 1,
  "count_cut": 7,
  "count_no_change": 86,
  "total_allocated_pkm": 1241802.4421038276,
  "quadrant_counts": {
    "OVERSUPPLY": 44,
    "UNDERSUPPLY": 40,
    "INEFFICIENT": 10
  },
  "quadrant_pcts": {
    "OVERSUPPLY": 46.8,
    "UNDERSUPPLY": 42.6,
    "INEFFICIENT": 10.6
  },
  "total_revenue": 1481081.2931111518,
  "total_contribution": 609189.0931111515,
  "total_planned_kms": 40599.0,
  "depot_avg_epk": 36.57411379384273,
  "depot_avg_or": 0.6057021991176408,
  "revenue_by_quadrant": {
    "INEFFICIENT": 51033.627593141806,
    "OVERSUPPLY": 723692.5541240308,
    "UNDERSUPPLY": 706355.111393979
  },
  "contribution_by_quadrant": {
    "INEFFICIENT": -41473.45240685819,
    "OVERSUPPLY": 300713.2741240307,
    "UNDERSUPPLY": 349949.271393979
  }
}