{
  "depot": "BANSWADA",
  "target_date": "2026-03-17",
  "predicted_depot_pkm": 1612069.625,
  "total_services": 92,
  "count_add_slot": 40,
  "count_cut": 0,
  "count_no_change": 52,
  "total_allocated_pkm": 1528688.7863305798,
  "quadrant_counts": {
    "UNDERSUPPLY": 69,
    "OVERSUPPLY": 13,
    "INEFFICIENT": 10
  },
  "quadrant_pcts": {
    "UNDERSUPPLY": 75.0,
    "OVERSUPPLY": 14.1,
    "INEFFICIENT": 10.9
  },
  "total_revenue": 1841404.5180474196,
  "total_contribution": 1138033.32804742,
  "total_planned_kms": 37832.0,
  "depot_avg_epk": 47.73604864120724,
  "depot_avg_or": 0.7670259614169638,
  "revenue_by_quadrant": {
    "INEFFICIENT": 49886.257177044,
    "OVERSUPPLY": 152826.74538680637,
    "UNDERSUPPLY": 1638691.5154835694
  },
  "contribution_by_quadrant": {
    "INEFFICIENT": -24102.95282295601,
    "OVERSUPPLY": 63326.23538680636,
    "UNDERSUPPLY": 1098810.0454835694
  }
}