{
  "depot": "HANAMKONDA",
  "target_date": "2026-03-17",
  "predicted_depot_pkm": 2199177.75,
  "total_services": 169,
  "count_add_slot": 62,
  "count_cut": 1,
  "count_no_change": 106,
  "total_allocated_pkm": 2137425.4264862738,
  "quadrant_counts": {
    "UNDERSUPPLY": 109,
    "OVERSUPPLY": 48,
    "INEFFICIENT": 10,
    "SOCIAL_OBLIGATION": 2
  },
  "quadrant_pcts": {
    "UNDERSUPPLY": 64.5,
    "OVERSUPPLY": 28.4,
    "INEFFICIENT": 5.9,
    "SOCIAL_OBLIGATION": 1.2
  },
  "total_revenue": 2662602.410247612,
  "total_contribution": 1170059.9002476116,
  "total_planned_kms": 53984.0,
  "depot_avg_epk": 56.357045197134994,
  "depot_avg_or": 0.7967436007858011,
  "revenue_by_quadrant": {
    "INEFFICIENT": 121015.08466251906,
    "OVERSUPPLY": 806987.6383142147,
    "SOCIAL_OBLIGATION": 30917.289235018325,
    "UNDERSUPPLY": 1703682.3980358597
  },
  "contribution_by_quadrant": {
    "INEFFICIENT": -23310.455337480955,
    "OVERSUPPLY": 387108.8483142147,
    "SOCIAL_OBLIGATION": -912.84076498168,
    "UNDERSUPPLY": 807174.3480358598
  }
}