{
  "depot": "JANGAON",
  "target_date": "2026-03-17",
  "predicted_depot_pkm": 2392061.0,
  "total_services": 115,
  "count_add_slot": 64,
  "count_cut": 0,
  "count_no_change": 51,
  "total_allocated_pkm": 2234414.7198973866,
  "quadrant_counts": {
    "UNDERSUPPLY": 96,
    "OVERSUPPLY": 17,
    "INEFFICIENT": 2
  },
  "quadrant_pcts": {
    "UNDERSUPPLY": 83.5,
    "OVERSUPPLY": 14.8,
    "INEFFICIENT": 1.7
  },
  "total_revenue": 2620617.9663676405,
  "total_contribution": 1835740.2863676406,
  "total_planned_kms": 49455.0,
  "depot_avg_epk": 52.93914334922311,
  "depot_avg_or": 0.8738229332986855,
  "revenue_by_quadrant": {
    "INEFFICIENT": 10995.289957651376,
    "OVERSUPPLY": 291581.37213291926,
    "UNDERSUPPLY": 2318041.30427707
  },
  "contribution_by_quadrant": {
    "INEFFICIENT": -3296.3100423486253,
    "OVERSUPPLY": 157615.51213291928,
    "UNDERSUPPLY": 1681421.08427707
  }
}