{
  "depot": "WARANGAL-I",
  "target_date": "2026-03-17",
  "predicted_depot_pkm": 2052965.875,
  "total_services": 132,
  "count_add_slot": 22,
  "count_cut": 0,
  "count_no_change": 110,
  "total_allocated_pkm": 1925703.7994311769,
  "quadrant_counts": {
    "OVERSUPPLY": 71,
    "UNDERSUPPLY": 59,
    "INEFFICIENT": 2
  },
  "quadrant_pcts": {
    "OVERSUPPLY": 53.8,
    "UNDERSUPPLY": 44.7,
    "INEFFICIENT": 1.5
  },
  "total_revenue": 2818076.4558987743,
  "total_contribution": 1275045.8758987747,
  "total_planned_kms": 68078.0,
  "depot_avg_epk": 43.54472024161695,
  "depot_avg_or": 0.6746707786107361,
  "revenue_by_quadrant": {
    "INEFFICIENT": 16745.404146328605,
    "OVERSUPPLY": 1642689.3165356237,
    "UNDERSUPPLY": 1158641.7352168222
  },
  "contribution_by_quadrant": {
    "INEFFICIENT": -1378.9158536713967,
    "OVERSUPPLY": 696898.8565356238,
    "UNDERSUPPLY": 579525.9352168222
  }
}