{
  "depot": "HAKIMPET",
  "target_date": "2026-03-17",
  "predicted_depot_pkm": 1354274.25,
  "total_services": 147,
  "count_add_slot": 39,
  "count_cut": 0,
  "count_no_change": 108,
  "total_allocated_pkm": 1293813.3894228232,
  "quadrant_counts": {
    "UNDERSUPPLY": 91,
    "OVERSUPPLY": 55,
    "INEFFICIENT": 1
  },
  "quadrant_pcts": {
    "UNDERSUPPLY": 61.9,
    "OVERSUPPLY": 37.4,
    "INEFFICIENT": 0.7
  },
  "total_revenue": 1762411.7302470887,
  "total_contribution": 953676.4202470887,
  "total_planned_kms": 30757.0,
  "depot_avg_epk": 57.29062038307189,
  "depot_avg_or": 0.7724431928134712,
  "revenue_by_quadrant": {
    "INEFFICIENT": 3154.374889285427,
    "OVERSUPPLY": 622062.4286619436,
    "UNDERSUPPLY": 1137194.9266958595
  },
  "contribution_by_quadrant": {
    "INEFFICIENT": -374.85511071457313,
    "OVERSUPPLY": 294902.93866194366,
    "UNDERSUPPLY": 659148.3366958596
  }
}