{
  "depot": "BANDLAGUDA",
  "target_date": "2026-05-23",
  "predicted_depot_pkm": 1363731.0,
  "total_services": 148,
  "count_add_slot": 129,
  "count_cut": 0,
  "count_no_change": 19,
  "total_allocated_pkm": 1295852.4445467815,
  "quadrant_counts": {
    "UNDERSUPPLY": 138,
    "OVERSUPPLY": 5,
    "INEFFICIENT": 5
  },
  "quadrant_pcts": {
    "UNDERSUPPLY": 93.2,
    "OVERSUPPLY": 3.4,
    "INEFFICIENT": 3.4
  },
  "total_revenue": 1764564.1480959826,
  "total_contribution": 1114199.1480959826,
  "total_planned_kms": 26014.6,
  "depot_avg_epk": 69.63000857930062,
  "depot_avg_or": 1.1112728209888734,
  "revenue_by_quadrant": {
    "INEFFICIENT": 0.0,
    "OVERSUPPLY": 27540.47593756544,
    "UNDERSUPPLY": 1737023.6721584173
  },
  "contribution_by_quadrant": {
    "INEFFICIENT": -41000.0,
    "OVERSUPPLY": 7715.475937565439,
    "UNDERSUPPLY": 1147483.6721584173
  }
}