{
  "depot": "MIYAPUR-II",
  "target_date": "2026-05-23",
  "predicted_depot_pkm": 1279776.875,
  "total_services": 176,
  "count_add_slot": 95,
  "count_cut": 0,
  "count_no_change": 81,
  "total_allocated_pkm": 1151071.1759963632,
  "quadrant_counts": {
    "UNDERSUPPLY": 111,
    "INEFFICIENT": 42,
    "OVERSUPPLY": 23
  },
  "quadrant_pcts": {
    "UNDERSUPPLY": 63.1,
    "INEFFICIENT": 23.9,
    "OVERSUPPLY": 13.1
  },
  "total_revenue": 2039205.54613663,
  "total_contribution": 1344932.54613663,
  "total_planned_kms": 27770.92,
  "depot_avg_epk": 70.90164438679273,
  "depot_avg_or": 1.1627499371344074,
  "revenue_by_quadrant": {
    "INEFFICIENT": 11755.62572430114,
    "OVERSUPPLY": 234293.88104249618,
    "UNDERSUPPLY": 1793156.039369833
  },
  "contribution_by_quadrant": {
    "INEFFICIENT": -122649.87427569885,
    "OVERSUPPLY": 121983.88104249617,
    "UNDERSUPPLY": 1345598.539369833
  }
}