{
  "depot": "IBRAHIMPATNAM",
  "target_date": "2026-05-23",
  "predicted_depot_pkm": 1991706.625,
  "total_services": 189,
  "count_add_slot": 127,
  "count_cut": 2,
  "count_no_change": 60,
  "total_allocated_pkm": 1799698.9973044763,
  "quadrant_counts": {
    "UNDERSUPPLY": 152,
    "OVERSUPPLY": 23,
    "INEFFICIENT": 14
  },
  "quadrant_pcts": {
    "UNDERSUPPLY": 80.4,
    "OVERSUPPLY": 12.2,
    "INEFFICIENT": 7.4
  },
  "total_revenue": 2387875.7782603186,
  "total_contribution": 1509285.6462603186,
  "total_planned_kms": 44778.7,
  "depot_avg_epk": 55.61397584701581,
  "depot_avg_or": 0.910226523442429,
  "revenue_by_quadrant": {
    "INEFFICIENT": 0.0,
    "OVERSUPPLY": 174437.83528697683,
    "UNDERSUPPLY": 2213437.942973342
  },
  "contribution_by_quadrant": {
    "INEFFICIENT": -81041.59999999999,
    "OVERSUPPLY": 66297.84928697684,
    "UNDERSUPPLY": 1524029.3969733417
  }
}