{
  "depot": "NAGARKURNOOL",
  "target_date": "2026-05-23",
  "predicted_depot_pkm": 1646739.5,
  "total_services": 79,
  "count_add_slot": 53,
  "count_cut": 0,
  "count_no_change": 26,
  "total_allocated_pkm": 1547842.5303467277,
  "quadrant_counts": {
    "UNDERSUPPLY": 64,
    "OVERSUPPLY": 11,
    "INEFFICIENT": 4
  },
  "quadrant_pcts": {
    "UNDERSUPPLY": 81.0,
    "OVERSUPPLY": 13.9,
    "INEFFICIENT": 5.1
  },
  "total_revenue": 1771699.0525154213,
  "total_contribution": 938299.0525154211,
  "total_planned_kms": 33336.0,
  "depot_avg_epk": 52.84018453876099,
  "depot_avg_or": 0.8831242217046221,
  "revenue_by_quadrant": {
    "INEFFICIENT": 19293.00973109896,
    "OVERSUPPLY": 212765.94861974657,
    "UNDERSUPPLY": 1539640.0941645757
  },
  "contribution_by_quadrant": {
    "INEFFICIENT": -14031.990268901041,
    "OVERSUPPLY": 75315.94861974657,
    "UNDERSUPPLY": 877015.0941645757
  }
}