{
  "depot": "HAKIMPET",
  "target_date": "2026-05-23",
  "predicted_depot_pkm": 1267968.375,
  "total_services": 152,
  "count_add_slot": 97,
  "count_cut": 0,
  "count_no_change": 55,
  "total_allocated_pkm": 1195059.4579192824,
  "quadrant_counts": {
    "UNDERSUPPLY": 140,
    "OVERSUPPLY": 11,
    "INEFFICIENT": 1
  },
  "quadrant_pcts": {
    "UNDERSUPPLY": 92.1,
    "OVERSUPPLY": 7.2,
    "INEFFICIENT": 0.7
  },
  "total_revenue": 1610943.1725109844,
  "total_contribution": 789591.8162109843,
  "total_planned_kms": 31321.69,
  "depot_avg_epk": 52.05229013984465,
  "depot_avg_or": 0.893764493905447,
  "revenue_by_quadrant": {
    "INEFFICIENT": 3270.565326168423,
    "OVERSUPPLY": 88370.90531726065,
    "UNDERSUPPLY": 1519301.7018675553
  },
  "contribution_by_quadrant": {
    "INEFFICIENT": -433.8746738315772,
    "OVERSUPPLY": 27100.197317260652,
    "UNDERSUPPLY": 762925.4935675552
  }
}