{
  "depot": "KOLLAPUR",
  "target_date": "2026-05-23",
  "predicted_depot_pkm": 1357881.875,
  "total_services": 65,
  "count_add_slot": 37,
  "count_cut": 0,
  "count_no_change": 28,
  "total_allocated_pkm": 1280602.1428747773,
  "quadrant_counts": {
    "UNDERSUPPLY": 50,
    "OVERSUPPLY": 15
  },
  "quadrant_pcts": {
    "UNDERSUPPLY": 76.9,
    "OVERSUPPLY": 23.1
  },
  "total_revenue": 1531064.5263175261,
  "total_contribution": 794889.5263175262,
  "total_planned_kms": 29447.0,
  "depot_avg_epk": 52.51174663806887,
  "depot_avg_or": 0.854481219082599,
  "revenue_by_quadrant": {
    "OVERSUPPLY": 258029.84918031906,
    "UNDERSUPPLY": 1273034.6771372072
  },
  "contribution_by_quadrant": {
    "OVERSUPPLY": 69779.84918031904,
    "UNDERSUPPLY": 725109.6771372071
  }
}