{
  "depot": "NARKATPALLY",
  "target_date": "2026-05-23",
  "predicted_depot_pkm": 752449.75,
  "total_services": 26,
  "count_add_slot": 25,
  "count_cut": 0,
  "count_no_change": 1,
  "total_allocated_pkm": 697511.080254706,
  "quadrant_counts": {
    "UNDERSUPPLY": 26
  },
  "quadrant_pcts": {
    "UNDERSUPPLY": 100.0
  },
  "total_revenue": 777222.8542087333,
  "total_contribution": 518472.85420873325,
  "total_planned_kms": 10350.0,
  "depot_avg_epk": 74.98593117729007,
  "depot_avg_or": 1.2132444869089172,
  "revenue_by_quadrant": {
    "UNDERSUPPLY": 777222.8542087333
  },
  "contribution_by_quadrant": {
    "UNDERSUPPLY": 518472.85420873325
  }
}