{
  "depot": "GWL-PRGPR",
  "target_date": "2026-05-23",
  "predicted_depot_pkm": 1660151.25,
  "total_services": 79,
  "count_add_slot": 40,
  "count_cut": 1,
  "count_no_change": 38,
  "total_allocated_pkm": 1489548.6635147852,
  "quadrant_counts": {
    "UNDERSUPPLY": 61,
    "OVERSUPPLY": 15,
    "INEFFICIENT": 3
  },
  "quadrant_pcts": {
    "UNDERSUPPLY": 77.2,
    "OVERSUPPLY": 19.0,
    "INEFFICIENT": 3.8
  },
  "total_revenue": 1700686.1153237491,
  "total_contribution": 906836.1153237488,
  "total_planned_kms": 31754.0,
  "depot_avg_epk": 53.22960741499899,
  "depot_avg_or": 0.8171716484252121,
  "revenue_by_quadrant": {
    "INEFFICIENT": 14824.752837690972,
    "OVERSUPPLY": 251224.2614178589,
    "UNDERSUPPLY": 1434637.101068199
  },
  "contribution_by_quadrant": {
    "INEFFICIENT": -10675.247162309028,
    "OVERSUPPLY": 93474.2614178589,
    "UNDERSUPPLY": 824037.1010681989
  }
}