{
  "depot": "KOSGI",
  "target_date": "2026-05-23",
  "predicted_depot_pkm": 359822.96875,
  "total_services": 25,
  "count_add_slot": 2,
  "count_cut": 0,
  "count_no_change": 23,
  "total_allocated_pkm": 333348.3153075969,
  "quadrant_counts": {
    "OVERSUPPLY": 12,
    "UNDERSUPPLY": 10,
    "INEFFICIENT": 3
  },
  "quadrant_pcts": {
    "OVERSUPPLY": 48.0,
    "UNDERSUPPLY": 40.0,
    "INEFFICIENT": 12.0
  },
  "total_revenue": 378927.4378467235,
  "total_contribution": 136027.43784672348,
  "total_planned_kms": 9716.0,
  "depot_avg_epk": 37.917300010742544,
  "depot_avg_or": 0.6295756773669177,
  "revenue_by_quadrant": {
    "INEFFICIENT": 20048.58626917981,
    "OVERSUPPLY": 160292.13048524264,
    "UNDERSUPPLY": 198586.721092301
  },
  "contribution_by_quadrant": {
    "INEFFICIENT": -4601.413730820188,
    "OVERSUPPLY": 46442.13048524265,
    "UNDERSUPPLY": 94186.72109230103
  }
}