{
  "depot": "JEEDIMETLA",
  "target_date": "2026-05-23",
  "predicted_depot_pkm": 1628959.0,
  "total_services": 209,
  "count_add_slot": 111,
  "count_cut": 0,
  "count_no_change": 98,
  "total_allocated_pkm": 1506979.8267913812,
  "quadrant_counts": {
    "UNDERSUPPLY": 166,
    "OVERSUPPLY": 37,
    "INEFFICIENT": 6
  },
  "quadrant_pcts": {
    "UNDERSUPPLY": 79.4,
    "OVERSUPPLY": 17.7,
    "INEFFICIENT": 2.9
  },
  "total_revenue": 2094554.2224587416,
  "total_contribution": 1124329.2224587414,
  "total_planned_kms": 38809.0,
  "depot_avg_epk": 55.37207716344222,
  "depot_avg_or": 0.8794026483671182,
  "revenue_by_quadrant": {
    "INEFFICIENT": 20715.451411688147,
    "OVERSUPPLY": 316109.1927151728,
    "UNDERSUPPLY": 1757729.5783318805
  },
  "contribution_by_quadrant": {
    "INEFFICIENT": -6084.548588311853,
    "OVERSUPPLY": 101784.19271517277,
    "UNDERSUPPLY": 1028629.5783318804
  }
}