{
  "depot": "KALVAKURTHY",
  "target_date": "2026-05-23",
  "predicted_depot_pkm": 1971272.5,
  "total_services": 98,
  "count_add_slot": 52,
  "count_cut": 1,
  "count_no_change": 45,
  "total_allocated_pkm": 1861203.3611286515,
  "quadrant_counts": {
    "UNDERSUPPLY": 71,
    "OVERSUPPLY": 22,
    "INEFFICIENT": 5
  },
  "quadrant_pcts": {
    "UNDERSUPPLY": 72.4,
    "OVERSUPPLY": 22.4,
    "INEFFICIENT": 5.1
  },
  "total_revenue": 2120403.03621422,
  "total_contribution": 1035428.0362142196,
  "total_planned_kms": 43399.0,
  "depot_avg_epk": 48.744416491337205,
  "depot_avg_or": 0.8110531575642024,
  "revenue_by_quadrant": {
    "INEFFICIENT": 14997.0013351698,
    "OVERSUPPLY": 385181.92059668794,
    "UNDERSUPPLY": 1720224.114282362
  },
  "contribution_by_quadrant": {
    "INEFFICIENT": -34602.9986648302,
    "OVERSUPPLY": 119481.92059668792,
    "UNDERSUPPLY": 950549.1142823619
  }
}