{
  "depot": "BARKATPURA",
  "target_date": "2026-05-23",
  "predicted_depot_pkm": 1598635.25,
  "total_services": 142,
  "count_add_slot": 99,
  "count_cut": 1,
  "count_no_change": 42,
  "total_allocated_pkm": 1523250.7443826878,
  "quadrant_counts": {
    "UNDERSUPPLY": 99,
    "INEFFICIENT": 40,
    "OVERSUPPLY": 3
  },
  "quadrant_pcts": {
    "UNDERSUPPLY": 69.7,
    "INEFFICIENT": 28.2,
    "OVERSUPPLY": 2.1
  },
  "total_revenue": 2031205.2210226883,
  "total_contribution": 1310855.2210226883,
  "total_planned_kms": 28814.0,
  "depot_avg_epk": 68.12146461778612,
  "depot_avg_or": 1.1113620984313899,
  "revenue_by_quadrant": {
    "INEFFICIENT": 0.0,
    "OVERSUPPLY": 17836.693505995427,
    "UNDERSUPPLY": 2013368.5275166929
  },
  "contribution_by_quadrant": {
    "INEFFICIENT": -201725.0,
    "OVERSUPPLY": 3536.6935059954276,
    "UNDERSUPPLY": 1509043.5275166929
  }
}