{
  "depot": "IBRAHIMPATNAM",
  "target_date": "2026-04-21",
  "predicted_depot_pkm": 1951345.125,
  "total_services": 189,
  "count_add_slot": 126,
  "count_cut": 0,
  "count_no_change": 63,
  "total_allocated_pkm": 1789596.5919848708,
  "quadrant_counts": {
    "UNDERSUPPLY": 152,
    "OVERSUPPLY": 30,
    "INEFFICIENT": 7
  },
  "quadrant_pcts": {
    "UNDERSUPPLY": 80.4,
    "OVERSUPPLY": 15.9,
    "INEFFICIENT": 3.7
  },
  "total_revenue": 2391789.9495604476,
  "total_contribution": 1513199.8175604474,
  "total_planned_kms": 44778.7,
  "depot_avg_epk": 55.67471248514657,
  "depot_avg_or": 0.9088657666446293,
  "revenue_by_quadrant": {
    "INEFFICIENT": 25177.417401519167,
    "OVERSUPPLY": 251652.32120395606,
    "UNDERSUPPLY": 2114960.210954972
  },
  "contribution_by_quadrant": {
    "INEFFICIENT": -8646.58259848083,
    "OVERSUPPLY": 78355.55920395607,
    "UNDERSUPPLY": 1443490.8409549722
  }
}