{
  "depot": "BHUPALAPALLAY",
  "target_date": "2026-04-21",
  "predicted_depot_pkm": 1393205.75,
  "total_services": 86,
  "count_add_slot": 18,
  "count_cut": 0,
  "count_no_change": 68,
  "total_allocated_pkm": 1358564.9193472585,
  "quadrant_counts": {
    "UNDERSUPPLY": 44,
    "OVERSUPPLY": 34,
    "INEFFICIENT": 8
  },
  "quadrant_pcts": {
    "UNDERSUPPLY": 51.2,
    "OVERSUPPLY": 39.5,
    "INEFFICIENT": 9.3
  },
  "total_revenue": 1712685.8865334033,
  "total_contribution": 875634.5465334037,
  "total_planned_kms": 40104.0,
  "depot_avg_epk": 42.64853445491131,
  "depot_avg_or": 0.6628856718977535,
  "revenue_by_quadrant": {
    "INEFFICIENT": 34281.95470645516,
    "OVERSUPPLY": 566745.6342683878,
    "UNDERSUPPLY": 1111658.2975585605
  },
  "contribution_by_quadrant": {
    "INEFFICIENT": -47103.44529354484,
    "OVERSUPPLY": 256600.13426838786,
    "UNDERSUPPLY": 666137.8575585606
  }
}