{
  "depot": "NIZAMABAD-I",
  "target_date": "2026-04-21",
  "predicted_depot_pkm": 1569293.75,
  "total_services": 125,
  "count_add_slot": 8,
  "count_cut": 0,
  "count_no_change": 117,
  "total_allocated_pkm": 1277506.209463117,
  "quadrant_counts": {
    "OVERSUPPLY": 74,
    "UNDERSUPPLY": 35,
    "INEFFICIENT": 16
  },
  "quadrant_pcts": {
    "OVERSUPPLY": 59.2,
    "UNDERSUPPLY": 28.0,
    "INEFFICIENT": 12.8
  },
  "total_revenue": 1701960.4489097674,
  "total_contribution": 714236.4689097672,
  "total_planned_kms": 51753.0,
  "depot_avg_epk": 34.9733825504105,
  "depot_avg_or": 0.5383421315589011,
  "revenue_by_quadrant": {
    "INEFFICIENT": 12817.175355430458,
    "OVERSUPPLY": 1030458.977066795,
    "UNDERSUPPLY": 658684.2964875418
  },
  "contribution_by_quadrant": {
    "INEFFICIENT": -155862.56464456953,
    "OVERSUPPLY": 462551.447066795,
    "UNDERSUPPLY": 407547.58648754173
  }
}