{
  "depot": "THORROR",
  "target_date": "2026-04-21",
  "predicted_depot_pkm": 1605553.375,
  "total_services": 94,
  "count_add_slot": 32,
  "count_cut": 0,
  "count_no_change": 62,
  "total_allocated_pkm": 1550117.4622942347,
  "quadrant_counts": {
    "UNDERSUPPLY": 64,
    "OVERSUPPLY": 25,
    "INEFFICIENT": 5
  },
  "quadrant_pcts": {
    "UNDERSUPPLY": 68.1,
    "OVERSUPPLY": 26.6,
    "INEFFICIENT": 5.3
  },
  "total_revenue": 1928111.5864282118,
  "total_contribution": 990380.8164282115,
  "total_planned_kms": 40942.0,
  "depot_avg_epk": 47.24047096751232,
  "depot_avg_or": 0.7475209264410405,
  "revenue_by_quadrant": {
    "INEFFICIENT": 20798.9645171346,
    "OVERSUPPLY": 418152.4117154212,
    "UNDERSUPPLY": 1489160.2101956557
  },
  "contribution_by_quadrant": {
    "INEFFICIENT": -23929.215482865402,
    "OVERSUPPLY": 170040.28171542115,
    "UNDERSUPPLY": 844269.7501956557
  }
}