{
  "depot": "HAKIMPET",
  "target_date": "2026-04-21",
  "predicted_depot_pkm": 1361629.5,
  "total_services": 147,
  "count_add_slot": 105,
  "count_cut": 0,
  "count_no_change": 42,
  "total_allocated_pkm": 1161948.3645192606,
  "quadrant_counts": {
    "UNDERSUPPLY": 119,
    "INEFFICIENT": 22,
    "OVERSUPPLY": 6
  },
  "quadrant_pcts": {
    "UNDERSUPPLY": 81.0,
    "INEFFICIENT": 15.0,
    "OVERSUPPLY": 4.1
  },
  "total_revenue": 1563344.0083336616,
  "total_contribution": 754559.5980336617,
  "total_planned_kms": 30758.690000000002,
  "depot_avg_epk": 51.826321465409784,
  "depot_avg_or": 0.8887291396619943,
  "revenue_by_quadrant": {
    "INEFFICIENT": 74325.69115391762,
    "OVERSUPPLY": 32803.2452986794,
    "UNDERSUPPLY": 1456215.0718810647
  },
  "contribution_by_quadrant": {
    "INEFFICIENT": -57204.533646082375,
    "OVERSUPPLY": 9300.075298679401,
    "UNDERSUPPLY": 802464.0563810646
  }
}