{
  "depot": "ARMOOR",
  "target_date": "2026-04-21",
  "predicted_depot_pkm": 1330913.0,
  "total_services": 90,
  "count_add_slot": 18,
  "count_cut": 0,
  "count_no_change": 72,
  "total_allocated_pkm": 1166345.4321104041,
  "quadrant_counts": {
    "UNDERSUPPLY": 45,
    "OVERSUPPLY": 36,
    "INEFFICIENT": 9
  },
  "quadrant_pcts": {
    "UNDERSUPPLY": 50.0,
    "OVERSUPPLY": 40.0,
    "INEFFICIENT": 10.0
  },
  "total_revenue": 1448223.0190335666,
  "total_contribution": 767253.8190335667,
  "total_planned_kms": 36987.0,
  "depot_avg_epk": 39.65666789214892,
  "depot_avg_or": 0.6428234163674804,
  "revenue_by_quadrant": {
    "INEFFICIENT": 16858.224662480236,
    "OVERSUPPLY": 540966.8674099841,
    "UNDERSUPPLY": 890397.9269611023
  },
  "contribution_by_quadrant": {
    "INEFFICIENT": -51610.17533751976,
    "OVERSUPPLY": 234931.70740998414,
    "UNDERSUPPLY": 583932.2869611023
  }
}