{
  "depot": "WANAPARTHI",
  "target_date": "2026-05-16",
  "predicted_depot_pkm": 2388283.5,
  "total_services": 130,
  "count_add_slot": 78,
  "count_cut": 0,
  "count_no_change": 52,
  "total_allocated_pkm": 2273838.2681775945,
  "quadrant_counts": {
    "UNDERSUPPLY": 108,
    "OVERSUPPLY": 18,
    "INEFFICIENT": 4
  },
  "quadrant_pcts": {
    "UNDERSUPPLY": 83.1,
    "OVERSUPPLY": 13.8,
    "INEFFICIENT": 3.1
  },
  "total_revenue": 2769131.5989051596,
  "total_contribution": 1494531.5989051596,
  "total_planned_kms": 50984.0,
  "depot_avg_epk": 54.56491262300206,
  "depot_avg_or": 0.8902996721157437,
  "revenue_by_quadrant": {
    "INEFFICIENT": 10788.683285475565,
    "OVERSUPPLY": 333929.3405157806,
    "UNDERSUPPLY": 2424413.5751039037
  },
  "contribution_by_quadrant": {
    "INEFFICIENT": -20611.316714524437,
    "OVERSUPPLY": 130979.34051578058,
    "UNDERSUPPLY": 1384163.5751039037
  }
}