{
  "depot": "NARKATPALLY",
  "target_date": "2026-05-16",
  "predicted_depot_pkm": 738365.625,
  "total_services": 26,
  "count_add_slot": 23,
  "count_cut": 0,
  "count_no_change": 3,
  "total_allocated_pkm": 667833.2625755474,
  "quadrant_counts": {
    "UNDERSUPPLY": 24,
    "OVERSUPPLY": 2
  },
  "quadrant_pcts": {
    "UNDERSUPPLY": 92.3,
    "OVERSUPPLY": 7.7
  },
  "total_revenue": 743502.3194218847,
  "total_contribution": 484752.3194218847,
  "total_planned_kms": 10350.0,
  "depot_avg_epk": 71.16886936476887,
  "depot_avg_or": 1.1522927192844252,
  "revenue_by_quadrant": {
    "OVERSUPPLY": 22374.49065198107,
    "UNDERSUPPLY": 721127.8287699036
  },
  "contribution_by_quadrant": {
    "OVERSUPPLY": 6524.490651981067,
    "UNDERSUPPLY": 478227.8287699037
  }
}