{
  "depot": "NIZAMABAD-I",
  "target_date": "2026-05-16",
  "predicted_depot_pkm": 1856994.75,
  "total_services": 125,
  "count_add_slot": 25,
  "count_cut": 0,
  "count_no_change": 100,
  "total_allocated_pkm": 1518392.045800876,
  "quadrant_counts": {
    "UNDERSUPPLY": 56,
    "OVERSUPPLY": 55,
    "INEFFICIENT": 14
  },
  "quadrant_pcts": {
    "UNDERSUPPLY": 44.8,
    "OVERSUPPLY": 44.0,
    "INEFFICIENT": 11.2
  },
  "total_revenue": 2058473.4587494547,
  "total_contribution": 1070749.4787494547,
  "total_planned_kms": 51753.0,
  "depot_avg_epk": 42.22178501596786,
  "depot_avg_or": 0.6440686340724403,
  "revenue_by_quadrant": {
    "INEFFICIENT": 0.0,
    "OVERSUPPLY": 920699.3860950129,
    "UNDERSUPPLY": 1137774.0726544417
  },
  "contribution_by_quadrant": {
    "INEFFICIENT": -153388.58000000002,
    "OVERSUPPLY": 485616.4060950129,
    "UNDERSUPPLY": 738521.6526544418
  }
}