{
  "depot": "HUZURABAD",
  "target_date": "2026-05-16",
  "predicted_depot_pkm": 1397667.375,
  "total_services": 67,
  "count_add_slot": 41,
  "count_cut": 0,
  "count_no_change": 26,
  "total_allocated_pkm": 1250240.498124326,
  "quadrant_counts": {
    "UNDERSUPPLY": 55,
    "OVERSUPPLY": 10,
    "INEFFICIENT": 2
  },
  "quadrant_pcts": {
    "UNDERSUPPLY": 82.1,
    "OVERSUPPLY": 14.9,
    "INEFFICIENT": 3.0
  },
  "total_revenue": 1468930.510339617,
  "total_contribution": 758330.5103396167,
  "total_planned_kms": 28424.0,
  "depot_avg_epk": 51.510242555888055,
  "depot_avg_or": 0.8641461432261758,
  "revenue_by_quadrant": {
    "INEFFICIENT": 0.0,
    "OVERSUPPLY": 167007.67209501105,
    "UNDERSUPPLY": 1301922.8382446058
  },
  "contribution_by_quadrant": {
    "INEFFICIENT": -23100.0,
    "OVERSUPPLY": 51932.67209501106,
    "UNDERSUPPLY": 729497.8382446057
  }
}