{
  "depot": "HUSNABAD",
  "target_date": "2026-05-16",
  "predicted_depot_pkm": 1234283.0,
  "total_services": 66,
  "count_add_slot": 36,
  "count_cut": 2,
  "count_no_change": 28,
  "total_allocated_pkm": 1141926.4451500287,
  "quadrant_counts": {
    "UNDERSUPPLY": 47,
    "OVERSUPPLY": 14,
    "INEFFICIENT": 5
  },
  "quadrant_pcts": {
    "UNDERSUPPLY": 71.2,
    "OVERSUPPLY": 21.2,
    "INEFFICIENT": 7.6
  },
  "total_revenue": 1334671.5936103181,
  "total_contribution": 683396.593610318,
  "total_planned_kms": 26051.0,
  "depot_avg_epk": 51.12133490099472,
  "depot_avg_or": 0.8219670005608517,
  "revenue_by_quadrant": {
    "INEFFICIENT": 23666.468010372162,
    "OVERSUPPLY": 237514.47522194454,
    "UNDERSUPPLY": 1073490.6503780012
  },
  "contribution_by_quadrant": {
    "INEFFICIENT": -26083.531989627838,
    "OVERSUPPLY": 89639.47522194454,
    "UNDERSUPPLY": 619840.6503780013
  }
}