{
  "depot": "KORUTLA",
  "target_date": "2026-05-16",
  "predicted_depot_pkm": 1277941.375,
  "total_services": 61,
  "count_add_slot": 39,
  "count_cut": 0,
  "count_no_change": 22,
  "total_allocated_pkm": 1223086.7288984195,
  "quadrant_counts": {
    "UNDERSUPPLY": 49,
    "OVERSUPPLY": 11,
    "INEFFICIENT": 1
  },
  "quadrant_pcts": {
    "UNDERSUPPLY": 80.3,
    "OVERSUPPLY": 18.0,
    "INEFFICIENT": 1.6
  },
  "total_revenue": 1543715.0148582582,
  "total_contribution": 825515.014858258,
  "total_planned_kms": 28728.0,
  "depot_avg_epk": 55.539875347485506,
  "depot_avg_or": 0.916480658914694,
  "revenue_by_quadrant": {
    "INEFFICIENT": 0.0,
    "OVERSUPPLY": 224977.0774551436,
    "UNDERSUPPLY": 1318737.9374031143
  },
  "contribution_by_quadrant": {
    "INEFFICIENT": -11250.0,
    "OVERSUPPLY": 84977.07745514359,
    "UNDERSUPPLY": 751787.9374031143
  }
}