{
  "depot": "FALAKNUMA",
  "target_date": "2026-05-16",
  "predicted_depot_pkm": 1551650.0,
  "total_services": 148,
  "count_add_slot": 109,
  "count_cut": 0,
  "count_no_change": 39,
  "total_allocated_pkm": 1401370.5232484872,
  "quadrant_counts": {
    "UNDERSUPPLY": 115,
    "INEFFICIENT": 31,
    "OVERSUPPLY": 2
  },
  "quadrant_pcts": {
    "UNDERSUPPLY": 77.7,
    "INEFFICIENT": 20.9,
    "OVERSUPPLY": 1.4
  },
  "total_revenue": 1864371.2823297346,
  "total_contribution": 1164221.2823297349,
  "total_planned_kms": 28006.0,
  "depot_avg_epk": 63.31620312913199,
  "depot_avg_or": 1.0313408078373085,
  "revenue_by_quadrant": {
    "INEFFICIENT": 9496.978307824247,
    "OVERSUPPLY": 8940.63304286839,
    "UNDERSUPPLY": 1845933.670979042
  },
  "contribution_by_quadrant": {
    "INEFFICIENT": -101178.02169217575,
    "OVERSUPPLY": 2440.6330428683914,
    "UNDERSUPPLY": 1262958.670979042
  }
}