{
  "depot": "KUKATPALLY",
  "target_date": "2026-05-16",
  "predicted_depot_pkm": 1413654.5,
  "total_services": 204,
  "count_add_slot": 92,
  "count_cut": 0,
  "count_no_change": 112,
  "total_allocated_pkm": 1087100.5563983466,
  "quadrant_counts": {
    "UNDERSUPPLY": 127,
    "OVERSUPPLY": 39,
    "INEFFICIENT": 38
  },
  "quadrant_pcts": {
    "UNDERSUPPLY": 62.3,
    "OVERSUPPLY": 19.1,
    "INEFFICIENT": 18.6
  },
  "total_revenue": 1480125.9309244386,
  "total_contribution": 688876.2909244387,
  "total_planned_kms": 38029.06,
  "depot_avg_epk": 44.360592078480146,
  "depot_avg_or": 0.7180078101484034,
  "revenue_by_quadrant": {
    "INEFFICIENT": 12614.52689838425,
    "OVERSUPPLY": 227228.07085564654,
    "UNDERSUPPLY": 1240283.333170408
  },
  "contribution_by_quadrant": {
    "INEFFICIENT": -210505.80310161575,
    "OVERSUPPLY": 91665.14085564653,
    "UNDERSUPPLY": 807716.9531704078
  }
}