{
  "depot": "DILSHUKNAGAR",
  "target_date": "2026-05-16",
  "predicted_depot_pkm": 1363280.5,
  "total_services": 149,
  "count_add_slot": 97,
  "count_cut": 0,
  "count_no_change": 52,
  "total_allocated_pkm": 1216129.6745118196,
  "quadrant_counts": {
    "UNDERSUPPLY": 110,
    "INEFFICIENT": 31,
    "OVERSUPPLY": 8
  },
  "quadrant_pcts": {
    "UNDERSUPPLY": 73.8,
    "INEFFICIENT": 20.8,
    "OVERSUPPLY": 5.4
  },
  "total_revenue": 1631129.9722173396,
  "total_contribution": 820147.9722173396,
  "total_planned_kms": 32439.28,
  "depot_avg_epk": 51.547015509523106,
  "depot_avg_or": 0.832990563389998,
  "revenue_by_quadrant": {
    "INEFFICIENT": 1965.0343662798014,
    "OVERSUPPLY": 35990.860329331685,
    "UNDERSUPPLY": 1593174.0775217281
  },
  "contribution_by_quadrant": {
    "INEFFICIENT": -185309.9656337202,
    "OVERSUPPLY": 7190.860329331682,
    "UNDERSUPPLY": 998267.0775217281
  }
}