{
  "depot": "MIYAPUR-II",
  "target_date": "2026-05-16",
  "predicted_depot_pkm": 1320164.0,
  "total_services": 176,
  "count_add_slot": 108,
  "count_cut": 0,
  "count_no_change": 68,
  "total_allocated_pkm": 1192455.290590223,
  "quadrant_counts": {
    "UNDERSUPPLY": 117,
    "INEFFICIENT": 42,
    "OVERSUPPLY": 17
  },
  "quadrant_pcts": {
    "UNDERSUPPLY": 66.5,
    "INEFFICIENT": 23.9,
    "OVERSUPPLY": 9.7
  },
  "total_revenue": 2138959.1073646834,
  "total_contribution": 1444686.1073646834,
  "total_planned_kms": 27770.92,
  "depot_avg_epk": 73.92206532246178,
  "depot_avg_or": 1.1983635382086968,
  "revenue_by_quadrant": {
    "INEFFICIENT": 12188.746957885598,
    "OVERSUPPLY": 185583.19002863514,
    "UNDERSUPPLY": 1941187.1703781628
  },
  "contribution_by_quadrant": {
    "INEFFICIENT": -122216.7530421144,
    "OVERSUPPLY": 100813.19002863516,
    "UNDERSUPPLY": 1466089.6703781628
  }
}