{
  "depot": "KACHEGUDA",
  "target_date": "2026-05-16",
  "predicted_depot_pkm": 1515944.125,
  "total_services": 177,
  "count_add_slot": 127,
  "count_cut": 0,
  "count_no_change": 50,
  "total_allocated_pkm": 1350252.8269965632,
  "quadrant_counts": {
    "UNDERSUPPLY": 128,
    "INEFFICIENT": 42,
    "OVERSUPPLY": 7
  },
  "quadrant_pcts": {
    "UNDERSUPPLY": 72.3,
    "INEFFICIENT": 23.7,
    "OVERSUPPLY": 4.0
  },
  "total_revenue": 1815455.433921708,
  "total_contribution": 1031455.4339217079,
  "total_planned_kms": 31360.0,
  "depot_avg_epk": 61.327368427581504,
  "depot_avg_or": 1.00194129020767,
  "revenue_by_quadrant": {
    "INEFFICIENT": 13416.911402570982,
    "OVERSUPPLY": 33855.59882491778,
    "UNDERSUPPLY": 1768182.9236942192
  },
  "contribution_by_quadrant": {
    "INEFFICIENT": -201233.088597429,
    "OVERSUPPLY": 10030.59882491778,
    "UNDERSUPPLY": 1222657.9236942192
  }
}