{
  "depot": "MAHABOOBNAGAR",
  "target_date": "2026-05-16",
  "predicted_depot_pkm": 2499606.75,
  "total_services": 149,
  "count_add_slot": 72,
  "count_cut": 0,
  "count_no_change": 77,
  "total_allocated_pkm": 2366888.392857761,
  "quadrant_counts": {
    "UNDERSUPPLY": 118,
    "OVERSUPPLY": 18,
    "INEFFICIENT": 13
  },
  "quadrant_pcts": {
    "UNDERSUPPLY": 79.2,
    "OVERSUPPLY": 12.1,
    "INEFFICIENT": 8.7
  },
  "total_revenue": 2953071.014265492,
  "total_contribution": 1437735.0142654919,
  "total_planned_kms": 60613.44,
  "depot_avg_epk": 49.22244515202737,
  "depot_avg_or": 0.8061845034777103,
  "revenue_by_quadrant": {
    "INEFFICIENT": 39879.440424682296,
    "OVERSUPPLY": 362561.23540750064,
    "UNDERSUPPLY": 2550630.338433309
  },
  "contribution_by_quadrant": {
    "INEFFICIENT": -95120.5595753177,
    "OVERSUPPLY": 117462.23540750062,
    "UNDERSUPPLY": 1415393.338433309
  }
}