{
  "depot": "BARKATPURA",
  "target_date": "2026-05-16",
  "predicted_depot_pkm": 1499970.5,
  "total_services": 142,
  "count_add_slot": 96,
  "count_cut": 1,
  "count_no_change": 45,
  "total_allocated_pkm": 1417596.1938215194,
  "quadrant_counts": {
    "UNDERSUPPLY": 100,
    "INEFFICIENT": 40,
    "OVERSUPPLY": 2
  },
  "quadrant_pcts": {
    "UNDERSUPPLY": 70.4,
    "INEFFICIENT": 28.2,
    "OVERSUPPLY": 1.4
  },
  "total_revenue": 1890353.5489025014,
  "total_contribution": 1170003.5489025014,
  "total_planned_kms": 28814.0,
  "depot_avg_epk": 63.364626684459544,
  "depot_avg_or": 1.033716183683992,
  "revenue_by_quadrant": {
    "INEFFICIENT": 0.0,
    "OVERSUPPLY": 11483.331970162108,
    "UNDERSUPPLY": 1878870.2169323391
  },
  "contribution_by_quadrant": {
    "INEFFICIENT": -201725.0,
    "OVERSUPPLY": 3933.3319701621085,
    "UNDERSUPPLY": 1367795.2169323391
  }
}