{
  "depot": "UTNOOR",
  "target_date": "2026-05-16",
  "predicted_depot_pkm": 859362.9375,
  "total_services": 37,
  "count_add_slot": 33,
  "count_cut": 0,
  "count_no_change": 4,
  "total_allocated_pkm": 842899.6460853951,
  "quadrant_counts": {
    "UNDERSUPPLY": 35,
    "OVERSUPPLY": 2
  },
  "quadrant_pcts": {
    "UNDERSUPPLY": 94.6,
    "OVERSUPPLY": 5.4
  },
  "total_revenue": 1022998.8556130248,
  "total_contribution": 634398.8556130248,
  "total_planned_kms": 15544.0,
  "depot_avg_epk": 67.07074277370884,
  "depot_avg_or": 1.061796201599618,
  "revenue_by_quadrant": {
    "OVERSUPPLY": 44152.548450296235,
    "UNDERSUPPLY": 978846.3071627285
  },
  "contribution_by_quadrant": {
    "OVERSUPPLY": 19702.548450296235,
    "UNDERSUPPLY": 614696.3071627285
  }
}