{
  "depot": "RAJENDRANAGAR",
  "target_date": "2026-05-16",
  "predicted_depot_pkm": 1844405.75,
  "total_services": 179,
  "count_add_slot": 121,
  "count_cut": 0,
  "count_no_change": 58,
  "total_allocated_pkm": 1625678.228046661,
  "quadrant_counts": {
    "UNDERSUPPLY": 130,
    "INEFFICIENT": 39,
    "OVERSUPPLY": 10
  },
  "quadrant_pcts": {
    "UNDERSUPPLY": 72.6,
    "INEFFICIENT": 21.8,
    "OVERSUPPLY": 5.6
  },
  "total_revenue": 2192985.309896136,
  "total_contribution": 1202253.3098961366,
  "total_planned_kms": 39629.28,
  "depot_avg_epk": 57.773983525185685,
  "depot_avg_or": 0.9316091953139496,
  "revenue_by_quadrant": {
    "INEFFICIENT": 14610.607254046854,
    "OVERSUPPLY": 84201.90457875926,
    "UNDERSUPPLY": 2094172.7980633304
  },
  "contribution_by_quadrant": {
    "INEFFICIENT": -205620.39274595314,
    "OVERSUPPLY": 26001.904578759262,
    "UNDERSUPPLY": 1381871.7980633304
  }
}