{
  "depot": "HAKIMPET",
  "target_date": "2026-05-16",
  "predicted_depot_pkm": 1309613.75,
  "total_services": 152,
  "count_add_slot": 104,
  "count_cut": 0,
  "count_no_change": 48,
  "total_allocated_pkm": 1222691.9101459752,
  "quadrant_counts": {
    "UNDERSUPPLY": 136,
    "OVERSUPPLY": 15,
    "INEFFICIENT": 1
  },
  "quadrant_pcts": {
    "UNDERSUPPLY": 89.5,
    "OVERSUPPLY": 9.9,
    "INEFFICIENT": 0.7
  },
  "total_revenue": 1648447.80384483,
  "total_contribution": 827096.44754483,
  "total_planned_kms": 31321.69,
  "depot_avg_epk": 53.212786854965,
  "depot_avg_or": 0.9136714918303062,
  "revenue_by_quadrant": {
    "INEFFICIENT": 3132.1694803917303,
    "OVERSUPPLY": 118345.77624747017,
    "UNDERSUPPLY": 1526969.858116968
  },
  "contribution_by_quadrant": {
    "INEFFICIENT": -572.2705196082698,
    "OVERSUPPLY": 38868.246247470175,
    "UNDERSUPPLY": 788800.471816968
  }
}