{
  "depot": "THORROR",
  "target_date": "2026-05-16",
  "predicted_depot_pkm": 1997873.0,
  "total_services": 94,
  "count_add_slot": 58,
  "count_cut": 4,
  "count_no_change": 32,
  "total_allocated_pkm": 1850416.722277968,
  "quadrant_counts": {
    "UNDERSUPPLY": 82,
    "OVERSUPPLY": 8,
    "INEFFICIENT": 4
  },
  "quadrant_pcts": {
    "UNDERSUPPLY": 87.2,
    "OVERSUPPLY": 8.5,
    "INEFFICIENT": 4.3
  },
  "total_revenue": 2313175.792887376,
  "total_contribution": 1375445.0228873761,
  "total_planned_kms": 40942.0,
  "depot_avg_epk": 56.53350039545046,
  "depot_avg_or": 0.8945542028963975,
  "revenue_by_quadrant": {
    "INEFFICIENT": 12353.967591478564,
    "OVERSUPPLY": 119966.36312458846,
    "UNDERSUPPLY": 2180855.462171309
  },
  "contribution_by_quadrant": {
    "INEFFICIENT": -22133.212408521435,
    "OVERSUPPLY": 57396.28312458846,
    "UNDERSUPPLY": 1340181.9521713094
  }
}