{
  "depot": "BANDLAGUDA",
  "target_date": "2026-05-16",
  "predicted_depot_pkm": 1384551.625,
  "total_services": 148,
  "count_add_slot": 129,
  "count_cut": 0,
  "count_no_change": 19,
  "total_allocated_pkm": 1314820.4745679,
  "quadrant_counts": {
    "UNDERSUPPLY": 136,
    "OVERSUPPLY": 7,
    "INEFFICIENT": 5
  },
  "quadrant_pcts": {
    "UNDERSUPPLY": 91.9,
    "OVERSUPPLY": 4.7,
    "INEFFICIENT": 3.4
  },
  "total_revenue": 1789335.7542325158,
  "total_contribution": 1138970.7542325158,
  "total_planned_kms": 26014.6,
  "depot_avg_epk": 70.41441825825187,
  "depot_avg_or": 1.124194874375389,
  "revenue_by_quadrant": {
    "INEFFICIENT": 0.0,
    "OVERSUPPLY": 36140.25049537382,
    "UNDERSUPPLY": 1753195.5037371418
  },
  "contribution_by_quadrant": {
    "INEFFICIENT": -41000.0,
    "OVERSUPPLY": 12865.250495373819,
    "UNDERSUPPLY": 1167105.5037371418
  }
}