{
  "depot": "NAGARKURNOOL",
  "target_date": "2026-05-16",
  "predicted_depot_pkm": 1747116.875,
  "total_services": 79,
  "count_add_slot": 58,
  "count_cut": 0,
  "count_no_change": 21,
  "total_allocated_pkm": 1631484.4391403052,
  "quadrant_counts": {
    "UNDERSUPPLY": 66,
    "OVERSUPPLY": 8,
    "INEFFICIENT": 5
  },
  "quadrant_pcts": {
    "UNDERSUPPLY": 83.5,
    "OVERSUPPLY": 10.1,
    "INEFFICIENT": 6.3
  },
  "total_revenue": 1871663.453333003,
  "total_contribution": 1038263.453333003,
  "total_planned_kms": 33336.0,
  "depot_avg_epk": 55.270691595353405,
  "depot_avg_or": 0.9232511717815941,
  "revenue_by_quadrant": {
    "INEFFICIENT": 19467.927971516216,
    "OVERSUPPLY": 101016.78690036782,
    "UNDERSUPPLY": 1751178.738461119
  },
  "contribution_by_quadrant": {
    "INEFFICIENT": -18557.072028483784,
    "OVERSUPPLY": 31791.78690036782,
    "UNDERSUPPLY": 1025028.738461119
  }
}