{
  "depot": "BANSWADA",
  "target_date": "2026-05-18",
  "predicted_depot_pkm": 1924590.0,
  "total_services": 92,
  "count_add_slot": 50,
  "count_cut": 0,
  "count_no_change": 42,
  "total_allocated_pkm": 1721853.3893849049,
  "quadrant_counts": {
    "UNDERSUPPLY": 71,
    "OVERSUPPLY": 15,
    "INEFFICIENT": 6
  },
  "quadrant_pcts": {
    "UNDERSUPPLY": 77.2,
    "OVERSUPPLY": 16.3,
    "INEFFICIENT": 6.5
  },
  "total_revenue": 2058833.5735491419,
  "total_contribution": 1355462.3835491417,
  "total_planned_kms": 37832.0,
  "depot_avg_epk": 53.80018742179796,
  "depot_avg_or": 0.8145082260552027,
  "revenue_by_quadrant": {
    "INEFFICIENT": 2280.1714717010914,
    "OVERSUPPLY": 196952.3379050872,
    "UNDERSUPPLY": 1859601.0641723536
  },
  "contribution_by_quadrant": {
    "INEFFICIENT": -42434.47852829891,
    "OVERSUPPLY": 90462.50790508719,
    "UNDERSUPPLY": 1307434.3541723534
  }
}