{
  "depot": "RAJENDRANAGAR",
  "target_date": "2026-05-18",
  "predicted_depot_pkm": 2051714.625,
  "total_services": 179,
  "count_add_slot": 128,
  "count_cut": 0,
  "count_no_change": 51,
  "total_allocated_pkm": 1808728.833493542,
  "quadrant_counts": {
    "UNDERSUPPLY": 134,
    "INEFFICIENT": 38,
    "OVERSUPPLY": 7
  },
  "quadrant_pcts": {
    "UNDERSUPPLY": 74.9,
    "INEFFICIENT": 21.2,
    "OVERSUPPLY": 3.9
  },
  "total_revenue": 2440349.6908678897,
  "total_contribution": 1449617.6908678897,
  "total_planned_kms": 39629.28,
  "depot_avg_epk": 64.54697442194735,
  "depot_avg_or": 1.0406651959093693,
  "revenue_by_quadrant": {
    "INEFFICIENT": 11828.814625387276,
    "OVERSUPPLY": 59854.40142306212,
    "UNDERSUPPLY": 2368666.4748194404
  },
  "contribution_by_quadrant": {
    "INEFFICIENT": -204652.18537461272,
    "OVERSUPPLY": 17904.401423062118,
    "UNDERSUPPLY": 1636365.4748194404
  }
}