{
  "depot": "VEMULAWADA",
  "target_date": "2026-05-18",
  "predicted_depot_pkm": 1527241.75,
  "total_services": 74,
  "count_add_slot": 44,
  "count_cut": 0,
  "count_no_change": 30,
  "total_allocated_pkm": 1416968.644441993,
  "quadrant_counts": {
    "UNDERSUPPLY": 61,
    "OVERSUPPLY": 9,
    "INEFFICIENT": 4
  },
  "quadrant_pcts": {
    "UNDERSUPPLY": 82.4,
    "OVERSUPPLY": 12.2,
    "INEFFICIENT": 5.4
  },
  "total_revenue": 1754570.0195631601,
  "total_contribution": 926770.0195631605,
  "total_planned_kms": 33112.0,
  "depot_avg_epk": 52.839727601315616,
  "depot_avg_or": 0.8796915574278023,
  "revenue_by_quadrant": {
    "INEFFICIENT": 17962.68595204979,
    "OVERSUPPLY": 126536.16075880088,
    "UNDERSUPPLY": 1610071.17285231
  },
  "contribution_by_quadrant": {
    "INEFFICIENT": -21137.31404795021,
    "OVERSUPPLY": 38736.160758800885,
    "UNDERSUPPLY": 909171.1728523098
  }
}