{
  "depot": "HYDERABAD-II",
  "target_date": "2026-05-18",
  "predicted_depot_pkm": 2015222.625,
  "total_services": 94,
  "count_add_slot": 60,
  "count_cut": 0,
  "count_no_change": 34,
  "total_allocated_pkm": 1932196.790048504,
  "quadrant_counts": {
    "UNDERSUPPLY": 82,
    "OVERSUPPLY": 8,
    "INEFFICIENT": 4
  },
  "quadrant_pcts": {
    "UNDERSUPPLY": 87.2,
    "OVERSUPPLY": 8.5,
    "INEFFICIENT": 4.3
  },
  "total_revenue": 2661167.331688562,
  "total_contribution": 1545042.331688561,
  "total_planned_kms": 44645.0,
  "depot_avg_epk": 62.879142780464214,
  "depot_avg_or": 0.9968361820243158,
  "revenue_by_quadrant": {
    "INEFFICIENT": 70783.91484451502,
    "OVERSUPPLY": 170046.542732797,
    "UNDERSUPPLY": 2420336.874111249
  },
  "contribution_by_quadrant": {
    "INEFFICIENT": -5616.085155484985,
    "OVERSUPPLY": 59246.54273279702,
    "UNDERSUPPLY": 1491411.874111249
  }
}