{
  "depot": "HAKIMPET",
  "target_date": "2026-05-18",
  "predicted_depot_pkm": 1420728.625,
  "total_services": 152,
  "count_add_slot": 125,
  "count_cut": 0,
  "count_no_change": 27,
  "total_allocated_pkm": 1326552.7273649399,
  "quadrant_counts": {
    "UNDERSUPPLY": 145,
    "OVERSUPPLY": 6,
    "INEFFICIENT": 1
  },
  "quadrant_pcts": {
    "UNDERSUPPLY": 95.4,
    "OVERSUPPLY": 3.9,
    "INEFFICIENT": 0.7
  },
  "total_revenue": 1788806.5186081459,
  "total_contribution": 967455.1623081458,
  "total_planned_kms": 31321.69,
  "depot_avg_epk": 57.825843769751984,
  "depot_avg_or": 0.9928012488438734,
  "revenue_by_quadrant": {
    "INEFFICIENT": 3320.1518524418934,
    "OVERSUPPLY": 41829.44889483976,
    "UNDERSUPPLY": 1743656.9178608642
  },
  "contribution_by_quadrant": {
    "INEFFICIENT": -384.28814755810663,
    "OVERSUPPLY": 13663.418894839759,
    "UNDERSUPPLY": 954176.0315608641
  }
}