{
  "depot": "WARANGAL-I",
  "target_date": "2026-05-18",
  "predicted_depot_pkm": 2238724.25,
  "total_services": 130,
  "count_add_slot": 23,
  "count_cut": 1,
  "count_no_change": 106,
  "total_allocated_pkm": 2013789.1906235856,
  "quadrant_counts": {
    "UNDERSUPPLY": 83,
    "OVERSUPPLY": 38,
    "INEFFICIENT": 9
  },
  "quadrant_pcts": {
    "UNDERSUPPLY": 63.8,
    "OVERSUPPLY": 29.2,
    "INEFFICIENT": 6.9
  },
  "total_revenue": 2996211.0094096456,
  "total_contribution": 1470816.9894096458,
  "total_planned_kms": 67106.0,
  "depot_avg_epk": 45.542216196637156,
  "depot_avg_or": 0.7042351732638127,
  "revenue_by_quadrant": {
    "INEFFICIENT": 66303.5535739927,
    "OVERSUPPLY": 906427.6436928789,
    "UNDERSUPPLY": 2023479.8121427742
  },
  "contribution_by_quadrant": {
    "INEFFICIENT": -53216.626426007286,
    "OVERSUPPLY": 425155.6236928789,
    "UNDERSUPPLY": 1098877.9921427742
  }
}