{
  "depot": "KUSHAIGUDA",
  "target_date": "2026-05-18",
  "predicted_depot_pkm": 2044619.25,
  "total_services": 226,
  "count_add_slot": 104,
  "count_cut": 0,
  "count_no_change": 122,
  "total_allocated_pkm": 1707460.6879595332,
  "quadrant_counts": {
    "UNDERSUPPLY": 160,
    "OVERSUPPLY": 48,
    "INEFFICIENT": 18
  },
  "quadrant_pcts": {
    "UNDERSUPPLY": 70.8,
    "OVERSUPPLY": 21.2,
    "INEFFICIENT": 8.0
  },
  "total_revenue": 2358084.7648954457,
  "total_contribution": 1314184.7648954461,
  "total_planned_kms": 41756.0,
  "depot_avg_epk": 61.34884352325231,
  "depot_avg_or": 0.8511281853572654,
  "revenue_by_quadrant": {
    "INEFFICIENT": 16954.159529962162,
    "OVERSUPPLY": 384411.41604424175,
    "UNDERSUPPLY": 1956719.189321242
  },
  "contribution_by_quadrant": {
    "INEFFICIENT": -100120.84047003783,
    "OVERSUPPLY": 159911.41604424172,
    "UNDERSUPPLY": 1254394.189321242
  }
}