{
  "depot": "KACHEGUDA",
  "target_date": "2026-05-18",
  "predicted_depot_pkm": 1657793.25,
  "total_services": 177,
  "count_add_slot": 127,
  "count_cut": 0,
  "count_no_change": 50,
  "total_allocated_pkm": 1517845.502698839,
  "quadrant_counts": {
    "UNDERSUPPLY": 133,
    "INEFFICIENT": 38,
    "OVERSUPPLY": 6
  },
  "quadrant_pcts": {
    "UNDERSUPPLY": 75.1,
    "INEFFICIENT": 21.5,
    "OVERSUPPLY": 3.4
  },
  "total_revenue": 2040174.5614027549,
  "total_contribution": 1256174.5614027549,
  "total_planned_kms": 31360.0,
  "depot_avg_epk": 69.28879059436598,
  "depot_avg_or": 1.1316810804900772,
  "revenue_by_quadrant": {
    "INEFFICIENT": 1861.6276868561583,
    "OVERSUPPLY": 25028.311496808885,
    "UNDERSUPPLY": 2013284.62221909
  },
  "contribution_by_quadrant": {
    "INEFFICIENT": -199488.37231314383,
    "OVERSUPPLY": 4303.311496808883,
    "UNDERSUPPLY": 1451359.62221909
  }
}