{
  "depot": "KOLLAPUR",
  "target_date": "2026-05-18",
  "predicted_depot_pkm": 1611707.375,
  "total_services": 65,
  "count_add_slot": 52,
  "count_cut": 0,
  "count_no_change": 13,
  "total_allocated_pkm": 1522022.5181701141,
  "quadrant_counts": {
    "UNDERSUPPLY": 57,
    "OVERSUPPLY": 8
  },
  "quadrant_pcts": {
    "UNDERSUPPLY": 87.7,
    "OVERSUPPLY": 12.3
  },
  "total_revenue": 1820543.158523118,
  "total_contribution": 1084368.1585231177,
  "total_planned_kms": 29447.0,
  "depot_avg_epk": 62.40765073499782,
  "depot_avg_or": 1.0152602668605675,
  "revenue_by_quadrant": {
    "OVERSUPPLY": 161360.04208067548,
    "UNDERSUPPLY": 1659183.1164424422
  },
  "contribution_by_quadrant": {
    "OVERSUPPLY": 48485.04208067547,
    "UNDERSUPPLY": 1035883.1164424423
  }
}