{
  "depot": "GWL-PRGPR",
  "target_date": "2026-05-18",
  "predicted_depot_pkm": 1864090.375,
  "total_services": 79,
  "count_add_slot": 59,
  "count_cut": 1,
  "count_no_change": 19,
  "total_allocated_pkm": 1680044.7949964528,
  "quadrant_counts": {
    "UNDERSUPPLY": 66,
    "OVERSUPPLY": 11,
    "INEFFICIENT": 2
  },
  "quadrant_pcts": {
    "UNDERSUPPLY": 83.5,
    "OVERSUPPLY": 13.9,
    "INEFFICIENT": 2.5
  },
  "total_revenue": 1920249.4691310064,
  "total_contribution": 1126399.4691310064,
  "total_planned_kms": 31754.0,
  "depot_avg_epk": 60.055741763430795,
  "depot_avg_or": 0.9213638832348685,
  "revenue_by_quadrant": {
    "INEFFICIENT": 12451.544790089314,
    "OVERSUPPLY": 169738.3958240921,
    "UNDERSUPPLY": 1738059.5285168248
  },
  "contribution_by_quadrant": {
    "INEFFICIENT": -6048.455209910686,
    "OVERSUPPLY": 59488.39582409208,
    "UNDERSUPPLY": 1072959.5285168248
  }
}