{
  "depot": "YADAGIRIGUTTA",
  "target_date": "2026-05-18",
  "predicted_depot_pkm": 2035048.125,
  "total_services": 82,
  "count_add_slot": 49,
  "count_cut": 2,
  "count_no_change": 31,
  "total_allocated_pkm": 1618410.2159621152,
  "quadrant_counts": {
    "UNDERSUPPLY": 73,
    "OVERSUPPLY": 6,
    "INEFFICIENT": 3
  },
  "quadrant_pcts": {
    "UNDERSUPPLY": 89.0,
    "OVERSUPPLY": 7.3,
    "INEFFICIENT": 3.7
  },
  "total_revenue": 1888778.3323277386,
  "total_contribution": 1047053.3323277389,
  "total_planned_kms": 33669.0,
  "depot_avg_epk": 55.64962101130574,
  "depot_avg_or": 0.8647258617446067,
  "revenue_by_quadrant": {
    "INEFFICIENT": 0.0,
    "OVERSUPPLY": 82515.12461559809,
    "UNDERSUPPLY": 1806263.2077121406
  },
  "contribution_by_quadrant": {
    "INEFFICIENT": -31450.0,
    "OVERSUPPLY": 24315.1246155981,
    "UNDERSUPPLY": 1054188.2077121406
  }
}