{
  "depot": "RANIGUNJ-I",
  "target_date": "2026-05-18",
  "predicted_depot_pkm": 1838651.5,
  "total_services": 222,
  "count_add_slot": 186,
  "count_cut": 0,
  "count_no_change": 36,
  "total_allocated_pkm": 1708741.10004219,
  "quadrant_counts": {
    "UNDERSUPPLY": 202,
    "OVERSUPPLY": 19,
    "INEFFICIENT": 1
  },
  "quadrant_pcts": {
    "UNDERSUPPLY": 91.0,
    "OVERSUPPLY": 8.6,
    "INEFFICIENT": 0.5
  },
  "total_revenue": 2506092.6872855336,
  "total_contribution": 1616930.6872855336,
  "total_planned_kms": 35566.479999999996,
  "depot_avg_epk": 71.59011033416068,
  "depot_avg_or": 1.2216454547646345,
  "revenue_by_quadrant": {
    "INEFFICIENT": 0.0,
    "OVERSUPPLY": 135113.74425127197,
    "UNDERSUPPLY": 2370978.943034262
  },
  "contribution_by_quadrant": {
    "INEFFICIENT": -5950.0,
    "OVERSUPPLY": 45138.74425127197,
    "UNDERSUPPLY": 1577741.9430342617
  }
}