{
  "depot": "PARGI",
  "target_date": "2026-05-18",
  "predicted_depot_pkm": 1728891.25,
  "total_services": 78,
  "count_add_slot": 56,
  "count_cut": 1,
  "count_no_change": 21,
  "total_allocated_pkm": 1594516.3988894492,
  "quadrant_counts": {
    "UNDERSUPPLY": 70,
    "OVERSUPPLY": 7,
    "INEFFICIENT": 1
  },
  "quadrant_pcts": {
    "UNDERSUPPLY": 89.7,
    "OVERSUPPLY": 9.0,
    "INEFFICIENT": 1.3
  },
  "total_revenue": 1837732.7226322007,
  "total_contribution": 1026107.7226322006,
  "total_planned_kms": 32465.0,
  "depot_avg_epk": 56.9206488011509,
  "depot_avg_or": 0.9386246863345056,
  "revenue_by_quadrant": {
    "INEFFICIENT": 5567.574301175866,
    "OVERSUPPLY": 100592.15468472504,
    "UNDERSUPPLY": 1731572.9936462997
  },
  "contribution_by_quadrant": {
    "INEFFICIENT": -2632.425698824134,
    "OVERSUPPLY": 32192.154684725043,
    "UNDERSUPPLY": 996547.9936462996
  }
}