{
  "depot": "BANDLAGUDA",
  "target_date": "2026-05-18",
  "predicted_depot_pkm": 1588656.875,
  "total_services": 148,
  "count_add_slot": 137,
  "count_cut": 0,
  "count_no_change": 11,
  "total_allocated_pkm": 1511767.7755855275,
  "quadrant_counts": {
    "UNDERSUPPLY": 140,
    "INEFFICIENT": 5,
    "OVERSUPPLY": 3
  },
  "quadrant_pcts": {
    "UNDERSUPPLY": 94.6,
    "INEFFICIENT": 3.4,
    "OVERSUPPLY": 2.0
  },
  "total_revenue": 2057692.5598996282,
  "total_contribution": 1407327.5598996282,
  "total_planned_kms": 26014.6,
  "depot_avg_epk": 81.20434644278428,
  "depot_avg_or": 1.2963454342896708,
  "revenue_by_quadrant": {
    "INEFFICIENT": 0.0,
    "OVERSUPPLY": 14964.922239884187,
    "UNDERSUPPLY": 2042727.6376597441
  },
  "contribution_by_quadrant": {
    "INEFFICIENT": -41000.0,
    "OVERSUPPLY": 5239.922239884187,
    "UNDERSUPPLY": 1443087.6376597441
  }
}