{
  "depot": "MADHIRA",
  "target_date": "2026-05-18",
  "predicted_depot_pkm": 1697741.0,
  "total_services": 62,
  "count_add_slot": 48,
  "count_cut": 1,
  "count_no_change": 13,
  "total_allocated_pkm": 1525659.673267014,
  "quadrant_counts": {
    "UNDERSUPPLY": 54,
    "OVERSUPPLY": 7,
    "INEFFICIENT": 1
  },
  "quadrant_pcts": {
    "UNDERSUPPLY": 87.1,
    "OVERSUPPLY": 11.3,
    "INEFFICIENT": 1.6
  },
  "total_revenue": 1966796.2751174753,
  "total_contribution": 1207346.275117475,
  "total_planned_kms": 30378.0,
  "depot_avg_epk": 63.66305030169324,
  "depot_avg_or": 1.0394100569775162,
  "revenue_by_quadrant": {
    "INEFFICIENT": 5954.465906736657,
    "OVERSUPPLY": 105254.66429874673,
    "UNDERSUPPLY": 1855587.144911992
  },
  "contribution_by_quadrant": {
    "INEFFICIENT": -1945.5340932633426,
    "OVERSUPPLY": 26329.66429874673,
    "UNDERSUPPLY": 1182962.144911992
  }
}