{
  "depot": "MIYAPUR-II",
  "target_date": "2026-05-18",
  "predicted_depot_pkm": 1434351.0,
  "total_services": 176,
  "count_add_slot": 112,
  "count_cut": 0,
  "count_no_change": 64,
  "total_allocated_pkm": 1293934.6004411434,
  "quadrant_counts": {
    "UNDERSUPPLY": 120,
    "INEFFICIENT": 42,
    "OVERSUPPLY": 14
  },
  "quadrant_pcts": {
    "UNDERSUPPLY": 68.2,
    "INEFFICIENT": 23.9,
    "OVERSUPPLY": 8.0
  },
  "total_revenue": 2313534.7125606514,
  "total_contribution": 1619261.7125606514,
  "total_planned_kms": 27770.92,
  "depot_avg_epk": 80.20830591380673,
  "depot_avg_or": 1.3042291083639002,
  "revenue_by_quadrant": {
    "INEFFICIENT": 10677.983237376786,
    "OVERSUPPLY": 158256.90419095513,
    "UNDERSUPPLY": 2144599.8251323192
  },
  "contribution_by_quadrant": {
    "INEFFICIENT": -123727.51676262321,
    "OVERSUPPLY": 87256.90419095513,
    "UNDERSUPPLY": 1655732.3251323192
  }
}