{
  "depot": "MUSHIRABAD",
  "target_date": "2026-05-18",
  "predicted_depot_pkm": 1731629.5,
  "total_services": 201,
  "count_add_slot": 160,
  "count_cut": 0,
  "count_no_change": 41,
  "total_allocated_pkm": 1607344.168050984,
  "quadrant_counts": {
    "UNDERSUPPLY": 167,
    "INEFFICIENT": 31,
    "OVERSUPPLY": 3
  },
  "quadrant_pcts": {
    "UNDERSUPPLY": 83.1,
    "INEFFICIENT": 15.4,
    "OVERSUPPLY": 1.5
  },
  "total_revenue": 2284382.479547697,
  "total_contribution": 1494832.4795476967,
  "total_planned_kms": 31582.0,
  "depot_avg_epk": 73.91875180769367,
  "depot_avg_or": 1.137396161462047,
  "revenue_by_quadrant": {
    "INEFFICIENT": 7510.420741337042,
    "OVERSUPPLY": 17565.14801938941,
    "UNDERSUPPLY": 2259306.9107869705
  },
  "contribution_by_quadrant": {
    "INEFFICIENT": -136389.57925866297,
    "OVERSUPPLY": 7115.148019389411,
    "UNDERSUPPLY": 1624106.9107869703
  }
}