{
  "depot": "MAHABOOBNAGAR",
  "target_date": "2026-05-18",
  "predicted_depot_pkm": 2622969.5,
  "total_services": 149,
  "count_add_slot": 85,
  "count_cut": 0,
  "count_no_change": 64,
  "total_allocated_pkm": 2480780.5504725873,
  "quadrant_counts": {
    "UNDERSUPPLY": 121,
    "OVERSUPPLY": 15,
    "INEFFICIENT": 13
  },
  "quadrant_pcts": {
    "UNDERSUPPLY": 81.2,
    "OVERSUPPLY": 10.1,
    "INEFFICIENT": 8.7
  },
  "total_revenue": 3096714.595820524,
  "total_contribution": 1581378.5958205233,
  "total_planned_kms": 60613.44,
  "depot_avg_epk": 51.57551188135327,
  "depot_avg_or": 0.8442951411454416,
  "revenue_by_quadrant": {
    "INEFFICIENT": 37687.74157408251,
    "OVERSUPPLY": 315322.0757350222,
    "UNDERSUPPLY": 2743704.7785114185
  },
  "contribution_by_quadrant": {
    "INEFFICIENT": -97312.25842591749,
    "OVERSUPPLY": 106223.07573502217,
    "UNDERSUPPLY": 1572467.7785114187
  }
}