{
  "depot": "GODAVARIKHANI",
  "target_date": "2026-05-18",
  "predicted_depot_pkm": 2250468.5,
  "total_services": 120,
  "count_add_slot": 46,
  "count_cut": 0,
  "count_no_change": 74,
  "total_allocated_pkm": 1981664.4797051002,
  "quadrant_counts": {
    "UNDERSUPPLY": 79,
    "OVERSUPPLY": 34,
    "INEFFICIENT": 7
  },
  "quadrant_pcts": {
    "UNDERSUPPLY": 65.8,
    "OVERSUPPLY": 28.3,
    "INEFFICIENT": 5.8
  },
  "total_revenue": 2535080.3087604195,
  "total_contribution": 1203580.308760419,
  "total_planned_kms": 53260.0,
  "depot_avg_epk": 48.865596355587876,
  "depot_avg_or": 0.7719271045050614,
  "revenue_by_quadrant": {
    "INEFFICIENT": 23355.90220881318,
    "OVERSUPPLY": 642079.1824516346,
    "UNDERSUPPLY": 1869645.2240999714
  },
  "contribution_by_quadrant": {
    "INEFFICIENT": -74494.09779118682,
    "OVERSUPPLY": 234879.1824516346,
    "UNDERSUPPLY": 1043195.2240999714
  }
}