{
  "depot": "FALAKNUMA",
  "target_date": "2026-05-18",
  "predicted_depot_pkm": 1674157.5,
  "total_services": 148,
  "count_add_slot": 113,
  "count_cut": 0,
  "count_no_change": 35,
  "total_allocated_pkm": 1533136.9682639134,
  "quadrant_counts": {
    "UNDERSUPPLY": 116,
    "INEFFICIENT": 29,
    "OVERSUPPLY": 3
  },
  "quadrant_pcts": {
    "UNDERSUPPLY": 78.4,
    "INEFFICIENT": 19.6,
    "OVERSUPPLY": 2.0
  },
  "total_revenue": 2040068.9003763532,
  "total_contribution": 1339918.9003763532,
  "total_planned_kms": 28006.0,
  "depot_avg_epk": 69.74813626636859,
  "depot_avg_or": 1.1359592172845763,
  "revenue_by_quadrant": {
    "INEFFICIENT": 3192.445902240316,
    "OVERSUPPLY": 13818.949269089084,
    "UNDERSUPPLY": 2023057.5052050238
  },
  "contribution_by_quadrant": {
    "INEFFICIENT": -100232.55409775968,
    "OVERSUPPLY": 3418.9492690890843,
    "UNDERSUPPLY": 1436732.5052050238
  }
}