{
  "depot": "DILSHUKNAGAR",
  "target_date": "2026-05-18",
  "predicted_depot_pkm": 1572618.75,
  "total_services": 149,
  "count_add_slot": 108,
  "count_cut": 0,
  "count_no_change": 41,
  "total_allocated_pkm": 1418612.000504328,
  "quadrant_counts": {
    "UNDERSUPPLY": 112,
    "INEFFICIENT": 31,
    "OVERSUPPLY": 6
  },
  "quadrant_pcts": {
    "UNDERSUPPLY": 75.2,
    "INEFFICIENT": 20.8,
    "OVERSUPPLY": 4.0
  },
  "total_revenue": 1903278.2624173968,
  "total_contribution": 1092296.2624173968,
  "total_planned_kms": 32439.28,
  "depot_avg_epk": 60.27733230878166,
  "depot_avg_or": 0.9736228639631203,
  "revenue_by_quadrant": {
    "INEFFICIENT": 4982.003590751517,
    "OVERSUPPLY": 29906.117867650828,
    "UNDERSUPPLY": 1868390.1409589944
  },
  "contribution_by_quadrant": {
    "INEFFICIENT": -182292.99640924847,
    "OVERSUPPLY": 8506.117867650828,
    "UNDERSUPPLY": 1266083.1409589944
  }
}