{
  "depot": "BARKATPURA",
  "target_date": "2026-05-18",
  "predicted_depot_pkm": 1694221.875,
  "total_services": 142,
  "count_add_slot": 99,
  "count_cut": 1,
  "count_no_change": 42,
  "total_allocated_pkm": 1608760.4139131214,
  "quadrant_counts": {
    "UNDERSUPPLY": 101,
    "INEFFICIENT": 40,
    "OVERSUPPLY": 1
  },
  "quadrant_pcts": {
    "UNDERSUPPLY": 71.1,
    "INEFFICIENT": 28.2,
    "OVERSUPPLY": 0.7
  },
  "total_revenue": 2145190.162668296,
  "total_contribution": 1424840.162668296,
  "total_planned_kms": 28814.0,
  "depot_avg_epk": 71.72766849069167,
  "depot_avg_or": 1.170183911750086,
  "revenue_by_quadrant": {
    "INEFFICIENT": 0.0,
    "OVERSUPPLY": 5102.2843284805185,
    "UNDERSUPPLY": 2140087.8783398154
  },
  "contribution_by_quadrant": {
    "INEFFICIENT": -201725.0,
    "OVERSUPPLY": 1602.2843284805185,
    "UNDERSUPPLY": 1624962.8783398154
  }
}