{
  "depot": "BHUPALAPALLAY",
  "target_date": "2026-04-16",
  "predicted_depot_pkm": 1441351.875,
  "total_services": 86,
  "count_add_slot": 20,
  "count_cut": 0,
  "count_no_change": 66,
  "total_allocated_pkm": 1386964.0876498304,
  "quadrant_counts": {
    "UNDERSUPPLY": 49,
    "OVERSUPPLY": 28,
    "INEFFICIENT": 9
  },
  "quadrant_pcts": {
    "UNDERSUPPLY": 57.0,
    "OVERSUPPLY": 32.6,
    "INEFFICIENT": 10.5
  },
  "total_revenue": 1749622.8877661137,
  "total_contribution": 912571.5477661135,
  "total_planned_kms": 40104.0,
  "depot_avg_epk": 43.44651656371179,
  "depot_avg_or": 0.6748800185255918,
  "revenue_by_quadrant": {
    "INEFFICIENT": 46152.48615815904,
    "OVERSUPPLY": 462643.6816725581,
    "UNDERSUPPLY": 1240826.7199353967
  },
  "contribution_by_quadrant": {
    "INEFFICIENT": -36118.11384184096,
    "OVERSUPPLY": 199721.7616725581,
    "UNDERSUPPLY": 748967.8999353966
  }
}