{
  "depot": "WARANGAL-I",
  "target_date": "2026-04-16",
  "predicted_depot_pkm": 1892807.75,
  "total_services": 130,
  "count_add_slot": 9,
  "count_cut": 0,
  "count_no_change": 121,
  "total_allocated_pkm": 1803996.2458220962,
  "quadrant_counts": {
    "OVERSUPPLY": 92,
    "UNDERSUPPLY": 37,
    "INEFFICIENT": 1
  },
  "quadrant_pcts": {
    "OVERSUPPLY": 70.8,
    "UNDERSUPPLY": 28.5,
    "INEFFICIENT": 0.8
  },
  "total_revenue": 2652845.999199939,
  "total_contribution": 1127451.9791999387,
  "total_planned_kms": 67106.0,
  "depot_avg_epk": 40.6850779399458,
  "depot_avg_or": 0.6308871130561718,
  "revenue_by_quadrant": {
    "INEFFICIENT": 22581.337649110992,
    "OVERSUPPLY": 1903923.4689962189,
    "UNDERSUPPLY": 726341.1925546087
  },
  "contribution_by_quadrant": {
    "INEFFICIENT": -6229.182350889005,
    "OVERSUPPLY": 790222.6689962189,
    "UNDERSUPPLY": 343458.49255460873
  }
}