{
  "depot": "IBRAHIMPATNAM",
  "target_date": "2026-04-16",
  "predicted_depot_pkm": 1984056.625,
  "total_services": 189,
  "count_add_slot": 130,
  "count_cut": 0,
  "count_no_change": 59,
  "total_allocated_pkm": 1839223.6118537725,
  "quadrant_counts": {
    "UNDERSUPPLY": 154,
    "OVERSUPPLY": 30,
    "INEFFICIENT": 5
  },
  "quadrant_pcts": {
    "UNDERSUPPLY": 81.5,
    "OVERSUPPLY": 15.9,
    "INEFFICIENT": 2.6
  },
  "total_revenue": 2458260.019134227,
  "total_contribution": 1579669.8871342272,
  "total_planned_kms": 44778.7,
  "depot_avg_epk": 57.094145168776,
  "depot_avg_or": 0.9316167504750154,
  "revenue_by_quadrant": {
    "INEFFICIENT": 32641.722336347444,
    "OVERSUPPLY": 249431.75072082467,
    "UNDERSUPPLY": 2176186.5460770554
  },
  "contribution_by_quadrant": {
    "INEFFICIENT": -2279.8376636525554,
    "OVERSUPPLY": 83896.26072082468,
    "UNDERSUPPLY": 1498053.4640770552
  }
}