{
  "depot": "NARSAMPET",
  "target_date": "2026-04-16",
  "predicted_depot_pkm": 1651111.125,
  "total_services": 94,
  "count_add_slot": 54,
  "count_cut": 0,
  "count_no_change": 40,
  "total_allocated_pkm": 1587817.7192313028,
  "quadrant_counts": {
    "UNDERSUPPLY": 70,
    "OVERSUPPLY": 18,
    "INEFFICIENT": 6
  },
  "quadrant_pcts": {
    "UNDERSUPPLY": 74.5,
    "OVERSUPPLY": 19.1,
    "INEFFICIENT": 6.4
  },
  "total_revenue": 1894469.3783227059,
  "total_contribution": 1022577.1783227059,
  "total_planned_kms": 40599.0,
  "depot_avg_epk": 46.661523100847695,
  "depot_avg_or": 0.8044427792349167,
  "revenue_by_quadrant": {
    "INEFFICIENT": 15451.166093608153,
    "OVERSUPPLY": 303205.4222580973,
    "UNDERSUPPLY": 1575812.7899710005
  },
  "contribution_by_quadrant": {
    "INEFFICIENT": -29412.433906391845,
    "OVERSUPPLY": 124001.36225809724,
    "UNDERSUPPLY": 927988.2499710006
  }
}