{
  "depot": "CONTONMENT",
  "target_date": "2026-04-16",
  "predicted_depot_pkm": 1865475.25,
  "total_services": 280,
  "count_add_slot": 148,
  "count_cut": 0,
  "count_no_change": 132,
  "total_allocated_pkm": 1530895.2301789946,
  "quadrant_counts": {
    "UNDERSUPPLY": 162,
    "OVERSUPPLY": 70,
    "INEFFICIENT": 47,
    "SOCIAL_OBLIGATION": 1
  },
  "quadrant_pcts": {
    "UNDERSUPPLY": 57.9,
    "OVERSUPPLY": 25.0,
    "INEFFICIENT": 16.8,
    "SOCIAL_OBLIGATION": 0.4
  },
  "total_revenue": 2416792.785618429,
  "total_contribution": 956021.7242184294,
  "total_planned_kms": 46115.74,
  "depot_avg_epk": 57.167487166532865,
  "depot_avg_or": 0.9100866403528881,
  "revenue_by_quadrant": {
    "INEFFICIENT": 100978.2818849756,
    "OVERSUPPLY": 497987.1873971335,
    "SOCIAL_OBLIGATION": 6198.452259453146,
    "UNDERSUPPLY": 1811628.864076867
  },
  "contribution_by_quadrant": {
    "INEFFICIENT": -273108.9243150244,
    "OVERSUPPLY": 150762.57659713353,
    "SOCIAL_OBLIGATION": -784.2877405468535,
    "UNDERSUPPLY": 1079152.359676867
  }
}