{
  "depot": "HYDERABAD-I",
  "target_date": "2026-04-16",
  "predicted_depot_pkm": 2052517.25,
  "total_services": 112,
  "count_add_slot": 47,
  "count_cut": 0,
  "count_no_change": 65,
  "total_allocated_pkm": 1818556.7071263522,
  "quadrant_counts": {
    "UNDERSUPPLY": 67,
    "OVERSUPPLY": 33,
    "INEFFICIENT": 12
  },
  "quadrant_pcts": {
    "UNDERSUPPLY": 59.8,
    "OVERSUPPLY": 29.5,
    "INEFFICIENT": 10.7
  },
  "total_revenue": 2701548.4055669243,
  "total_contribution": 1480827.1655669245,
  "total_planned_kms": 56941.0,
  "depot_avg_epk": 50.14658068700664,
  "depot_avg_or": 0.7229718431181748,
  "revenue_by_quadrant": {
    "INEFFICIENT": 24045.686684730834,
    "OVERSUPPLY": 851567.6692378749,
    "UNDERSUPPLY": 1825935.0496443186
  },
  "contribution_by_quadrant": {
    "INEFFICIENT": -123685.85331526917,
    "OVERSUPPLY": 363066.6892378749,
    "UNDERSUPPLY": 1241446.3296443187
  }
}