{
  "depot": "BANSWADA",
  "target_date": "2026-04-16",
  "predicted_depot_pkm": 1549089.75,
  "total_services": 92,
  "count_add_slot": 21,
  "count_cut": 0,
  "count_no_change": 71,
  "total_allocated_pkm": 1448791.900960697,
  "quadrant_counts": {
    "UNDERSUPPLY": 54,
    "OVERSUPPLY": 29,
    "INEFFICIENT": 9
  },
  "quadrant_pcts": {
    "UNDERSUPPLY": 58.7,
    "OVERSUPPLY": 31.5,
    "INEFFICIENT": 9.8
  },
  "total_revenue": 1732164.2386654397,
  "total_contribution": 1028793.0486654397,
  "total_planned_kms": 37832.0,
  "depot_avg_epk": 44.92881753626408,
  "depot_avg_or": 0.6786623670620593,
  "revenue_by_quadrant": {
    "INEFFICIENT": 16435.67039072988,
    "OVERSUPPLY": 406579.8131440726,
    "UNDERSUPPLY": 1309148.7551306372
  },
  "contribution_by_quadrant": {
    "INEFFICIENT": -49777.96960927013,
    "OVERSUPPLY": 203975.0531440726,
    "UNDERSUPPLY": 874595.9651306373
  }
}