{
  "depot": "BANSWADA",
  "target_date": "2026-05-04",
  "predicted_depot_pkm": 1834919.875,
  "total_services": 92,
  "count_add_slot": 41,
  "count_cut": 0,
  "count_no_change": 51,
  "total_allocated_pkm": 1656675.826962891,
  "quadrant_counts": {
    "UNDERSUPPLY": 70,
    "OVERSUPPLY": 15,
    "INEFFICIENT": 7
  },
  "quadrant_pcts": {
    "UNDERSUPPLY": 76.1,
    "OVERSUPPLY": 16.3,
    "INEFFICIENT": 7.6
  },
  "total_revenue": 1974017.4231394713,
  "total_contribution": 1270646.2331394714,
  "total_planned_kms": 37832.0,
  "depot_avg_epk": 51.32156819213087,
  "depot_avg_or": 0.7763619250172688,
  "revenue_by_quadrant": {
    "INEFFICIENT": 5760.402971873689,
    "OVERSUPPLY": 190492.50474564193,
    "UNDERSUPPLY": 1777764.5154219556
  },
  "contribution_by_quadrant": {
    "INEFFICIENT": -45171.35702812632,
    "OVERSUPPLY": 83722.56474564191,
    "UNDERSUPPLY": 1232095.0254219556
  }
}