{
  "depot": "IBRAHIMPATNAM",
  "target_date": "2026-05-04",
  "predicted_depot_pkm": 2172286.75,
  "total_services": 189,
  "count_add_slot": 139,
  "count_cut": 0,
  "count_no_change": 50,
  "total_allocated_pkm": 1953306.1892809093,
  "quadrant_counts": {
    "UNDERSUPPLY": 160,
    "OVERSUPPLY": 15,
    "INEFFICIENT": 14
  },
  "quadrant_pcts": {
    "UNDERSUPPLY": 84.7,
    "OVERSUPPLY": 7.9,
    "INEFFICIENT": 7.4
  },
  "total_revenue": 2604971.400625741,
  "total_contribution": 1726381.2686257414,
  "total_planned_kms": 44778.7,
  "depot_avg_epk": 61.22795261996807,
  "depot_avg_or": 0.9991320884869129,
  "revenue_by_quadrant": {
    "INEFFICIENT": 48550.00587298735,
    "OVERSUPPLY": 127404.05144818223,
    "UNDERSUPPLY": 2429017.3433045717
  },
  "contribution_by_quadrant": {
    "INEFFICIENT": -32491.594127012646,
    "OVERSUPPLY": 37969.931448182244,
    "UNDERSUPPLY": 1720902.9313045717
  }
}