{
  "depot": "WARANGAL-I",
  "target_date": "2026-05-04",
  "predicted_depot_pkm": 2272871.25,
  "total_services": 130,
  "count_add_slot": 41,
  "count_cut": 0,
  "count_no_change": 89,
  "total_allocated_pkm": 2105793.033310433,
  "quadrant_counts": {
    "UNDERSUPPLY": 76,
    "OVERSUPPLY": 48,
    "INEFFICIENT": 6
  },
  "quadrant_pcts": {
    "UNDERSUPPLY": 58.5,
    "OVERSUPPLY": 36.9,
    "INEFFICIENT": 4.6
  },
  "total_revenue": 3116876.170210754,
  "total_contribution": 1591482.1502107535,
  "total_planned_kms": 67106.0,
  "depot_avg_epk": 48.040376691845815,
  "depot_avg_or": 0.7437607988771752,
  "revenue_by_quadrant": {
    "INEFFICIENT": 64410.94869609418,
    "OVERSUPPLY": 1215076.389397757,
    "UNDERSUPPLY": 1837388.8321169026
  },
  "contribution_by_quadrant": {
    "INEFFICIENT": -12127.091303905818,
    "OVERSUPPLY": 576376.4093977568,
    "UNDERSUPPLY": 1027232.8321169027
  }
}