{
  "depot": "THORROR",
  "target_date": "2026-05-04",
  "predicted_depot_pkm": 2023039.375,
  "total_services": 94,
  "count_add_slot": 63,
  "count_cut": 0,
  "count_no_change": 31,
  "total_allocated_pkm": 1885440.6518084386,
  "quadrant_counts": {
    "UNDERSUPPLY": 79,
    "OVERSUPPLY": 10,
    "INEFFICIENT": 5
  },
  "quadrant_pcts": {
    "UNDERSUPPLY": 84.0,
    "OVERSUPPLY": 10.6,
    "INEFFICIENT": 5.3
  },
  "total_revenue": 2342744.275277403,
  "total_contribution": 1405013.5052774034,
  "total_planned_kms": 40942.0,
  "depot_avg_epk": 57.53903716031107,
  "depot_avg_or": 0.9115986372691736,
  "revenue_by_quadrant": {
    "INEFFICIENT": 28316.73688016021,
    "OVERSUPPLY": 171519.41091056776,
    "UNDERSUPPLY": 2142908.127486675
  },
  "contribution_by_quadrant": {
    "INEFFICIENT": -12753.963119839791,
    "OVERSUPPLY": 70037.26091056777,
    "UNDERSUPPLY": 1347730.2074866751
  }
}