{
  "depot": "HANAMKONDA",
  "target_date": "2026-03-27",
  "predicted_depot_pkm": 1649144.75,
  "total_services": 169,
  "count_add_slot": 4,
  "count_cut": 1,
  "count_no_change": 164,
  "total_allocated_pkm": 1538454.7906014328,
  "quadrant_counts": {
    "OVERSUPPLY": 104,
    "INEFFICIENT": 38,
    "UNDERSUPPLY": 26,
    "SOCIAL_OBLIGATION": 1
  },
  "quadrant_pcts": {
    "OVERSUPPLY": 61.5,
    "INEFFICIENT": 22.5,
    "UNDERSUPPLY": 15.4,
    "SOCIAL_OBLIGATION": 0.6
  },
  "total_revenue": 1898012.2627020418,
  "total_contribution": 405469.75270204176,
  "total_planned_kms": 53984.0,
  "depot_avg_epk": 39.195843892504065,
  "depot_avg_or": 0.5592618089799711,
  "revenue_by_quadrant": {
    "INEFFICIENT": 464389.0637960488,
    "OVERSUPPLY": 1145499.444781856,
    "SOCIAL_OBLIGATION": 18142.61044147119,
    "UNDERSUPPLY": 269981.1436826659
  },
  "contribution_by_quadrant": {
    "INEFFICIENT": -130383.72620395121,
    "OVERSUPPLY": 432448.46478185593,
    "SOCIAL_OBLIGATION": -1336.1895585288112,
    "UNDERSUPPLY": 104741.20368266589
  }
}