{
  "depot": "MAHABOOBABAD",
  "target_date": "2026-03-27",
  "predicted_depot_pkm": 1020626.0,
  "total_services": 76,
  "count_add_slot": 0,
  "count_cut": 3,
  "count_no_change": 73,
  "total_allocated_pkm": 963491.7670862313,
  "quadrant_counts": {
    "OVERSUPPLY": 46,
    "UNDERSUPPLY": 24,
    "INEFFICIENT": 6
  },
  "quadrant_pcts": {
    "OVERSUPPLY": 60.5,
    "UNDERSUPPLY": 31.6,
    "INEFFICIENT": 7.9
  },
  "total_revenue": 1118156.8833952658,
  "total_contribution": 559669.0933952656,
  "total_planned_kms": 31066.0,
  "depot_avg_epk": 35.483392475161004,
  "depot_avg_or": 0.589847267684982,
  "revenue_by_quadrant": {
    "INEFFICIENT": 14128.114984612961,
    "OVERSUPPLY": 658405.7734562772,
    "UNDERSUPPLY": 445622.99495437555
  },
  "contribution_by_quadrant": {
    "INEFFICIENT": -25893.065015387037,
    "OVERSUPPLY": 314199.2834562772,
    "UNDERSUPPLY": 271362.87495437555
  }
}