{
  "depot": "BANSWADA",
  "target_date": "2026-03-27",
  "predicted_depot_pkm": 1273841.125,
  "total_services": 92,
  "count_add_slot": 7,
  "count_cut": 0,
  "count_no_change": 85,
  "total_allocated_pkm": 1173032.3453652333,
  "quadrant_counts": {
    "OVERSUPPLY": 61,
    "UNDERSUPPLY": 23,
    "INEFFICIENT": 8
  },
  "quadrant_pcts": {
    "OVERSUPPLY": 66.3,
    "UNDERSUPPLY": 25.0,
    "INEFFICIENT": 8.7
  },
  "total_revenue": 1413318.4706489248,
  "total_contribution": 709947.2806489249,
  "total_planned_kms": 37832.0,
  "depot_avg_epk": 36.57770298799395,
  "depot_avg_or": 0.5874905876084865,
  "revenue_by_quadrant": {
    "INEFFICIENT": 15586.898926722244,
    "OVERSUPPLY": 914804.6667791634,
    "UNDERSUPPLY": 482926.9049430394
  },
  "contribution_by_quadrant": {
    "INEFFICIENT": -43167.59107327776,
    "OVERSUPPLY": 441754.47677916335,
    "UNDERSUPPLY": 311360.3949430394
  }
}