{
  "depot": "JANGAON",
  "target_date": "2026-03-27",
  "predicted_depot_pkm": 1645775.875,
  "total_services": 115,
  "count_add_slot": 3,
  "count_cut": 1,
  "count_no_change": 111,
  "total_allocated_pkm": 1494718.9976717974,
  "quadrant_counts": {
    "OVERSUPPLY": 89,
    "UNDERSUPPLY": 22,
    "INEFFICIENT": 4
  },
  "quadrant_pcts": {
    "OVERSUPPLY": 77.4,
    "UNDERSUPPLY": 19.1,
    "INEFFICIENT": 3.5
  },
  "total_revenue": 1733078.341687893,
  "total_contribution": 948200.661687893,
  "total_planned_kms": 49455.0,
  "depot_avg_epk": 35.071224028122685,
  "depot_avg_or": 0.584616290736044,
  "revenue_by_quadrant": {
    "INEFFICIENT": 6382.255435237084,
    "OVERSUPPLY": 1281217.8583374324,
    "UNDERSUPPLY": 445478.2279152237
  },
  "contribution_by_quadrant": {
    "INEFFICIENT": -23229.024564762916,
    "OVERSUPPLY": 683294.1583374322,
    "UNDERSUPPLY": 288135.5279152237
  }
}