{
  "depot": "BHUPALAPALLAY",
  "target_date": "2026-03-27",
  "predicted_depot_pkm": 1105463.125,
  "total_services": 86,
  "count_add_slot": 2,
  "count_cut": 0,
  "count_no_change": 84,
  "total_allocated_pkm": 1062097.798809874,
  "quadrant_counts": {
    "OVERSUPPLY": 60,
    "UNDERSUPPLY": 15,
    "INEFFICIENT": 11
  },
  "quadrant_pcts": {
    "OVERSUPPLY": 69.8,
    "UNDERSUPPLY": 17.4,
    "INEFFICIENT": 12.8
  },
  "total_revenue": 1342227.5958945847,
  "total_contribution": 505511.2158945849,
  "total_planned_kms": 40068.0,
  "depot_avg_epk": 33.2859924037122,
  "depot_avg_or": 0.5283423220106382,
  "revenue_by_quadrant": {
    "INEFFICIENT": 55525.47166145885,
    "OVERSUPPLY": 946390.2455682105,
    "UNDERSUPPLY": 340311.8786649156
  },
  "contribution_by_quadrant": {
    "INEFFICIENT": -40892.38833854116,
    "OVERSUPPLY": 356899.26556821045,
    "UNDERSUPPLY": 189504.33866491562
  }
}