{
  "depot": "WARANGAL-II",
  "target_date": "2026-03-27",
  "predicted_depot_pkm": 2637839.75,
  "total_services": 158,
  "count_add_slot": 23,
  "count_cut": 5,
  "count_no_change": 130,
  "total_allocated_pkm": 2389348.2821455034,
  "quadrant_counts": {
    "UNDERSUPPLY": 66,
    "INEFFICIENT": 58,
    "OVERSUPPLY": 34
  },
  "quadrant_pcts": {
    "UNDERSUPPLY": 41.8,
    "INEFFICIENT": 36.7,
    "OVERSUPPLY": 21.5
  },
  "total_revenue": 3156819.0799600184,
  "total_contribution": 203458.519960018,
  "total_planned_kms": 75884.0,
  "depot_avg_epk": 41.92233880334291,
  "depot_avg_or": 0.6306041907159083,
  "revenue_by_quadrant": {
    "INEFFICIENT": 790164.4059516948,
    "OVERSUPPLY": 708229.564623465,
    "UNDERSUPPLY": 1658425.109384858
  },
  "contribution_by_quadrant": {
    "INEFFICIENT": -377968.93404830515,
    "OVERSUPPLY": 65171.92462346502,
    "UNDERSUPPLY": 516255.52938485815
  }
}