{
  "depot": "WARANGAL-I",
  "target_date": "2026-03-27",
  "predicted_depot_pkm": 1747004.75,
  "total_services": 132,
  "count_add_slot": 3,
  "count_cut": 3,
  "count_no_change": 126,
  "total_allocated_pkm": 1556301.8187156492,
  "quadrant_counts": {
    "OVERSUPPLY": 100,
    "UNDERSUPPLY": 22,
    "INEFFICIENT": 10
  },
  "quadrant_pcts": {
    "OVERSUPPLY": 75.8,
    "UNDERSUPPLY": 16.7,
    "INEFFICIENT": 7.6
  },
  "total_revenue": 2295753.4234734233,
  "total_contribution": 752722.843473423,
  "total_planned_kms": 68078.0,
  "depot_avg_epk": 34.813733017981235,
  "depot_avg_or": 0.53987090128437,
  "revenue_by_quadrant": {
    "INEFFICIENT": 17113.727639062512,
    "OVERSUPPLY": 1863160.2945650402,
    "UNDERSUPPLY": 415479.4012693203
  },
  "contribution_by_quadrant": {
    "INEFFICIENT": -75036.4323609375,
    "OVERSUPPLY": 646795.8745650402,
    "UNDERSUPPLY": 180963.40126932028
  }
}