{
  "depot": "NIZAMABAD-I",
  "target_date": "2026-03-27",
  "predicted_depot_pkm": 1459219.25,
  "total_services": 125,
  "count_add_slot": 7,
  "count_cut": 0,
  "count_no_change": 118,
  "total_allocated_pkm": 1245503.9913859346,
  "quadrant_counts": {
    "OVERSUPPLY": 80,
    "UNDERSUPPLY": 29,
    "INEFFICIENT": 16
  },
  "quadrant_pcts": {
    "OVERSUPPLY": 64.0,
    "UNDERSUPPLY": 23.2,
    "INEFFICIENT": 12.8
  },
  "total_revenue": 1647658.906617497,
  "total_contribution": 659934.9266174972,
  "total_planned_kms": 51753.0,
  "depot_avg_epk": 33.76013640808455,
  "depot_avg_or": 0.5228545516486697,
  "revenue_by_quadrant": {
    "INEFFICIENT": 19194.285901799758,
    "OVERSUPPLY": 1113328.169650104,
    "UNDERSUPPLY": 515136.45106559363
  },
  "contribution_by_quadrant": {
    "INEFFICIENT": -147580.35409820025,
    "OVERSUPPLY": 497188.1696501039,
    "UNDERSUPPLY": 310327.1110655936
  }
}