{
  "depot": "HAKIMPET",
  "target_date": "2026-04-12",
  "predicted_depot_pkm": 1213876.5,
  "total_services": 147,
  "count_add_slot": 80,
  "count_cut": 0,
  "count_no_change": 67,
  "total_allocated_pkm": 1103582.2368565314,
  "quadrant_counts": {
    "UNDERSUPPLY": 122,
    "OVERSUPPLY": 17,
    "INEFFICIENT": 8
  },
  "quadrant_pcts": {
    "UNDERSUPPLY": 83.0,
    "OVERSUPPLY": 11.6,
    "INEFFICIENT": 5.4
  },
  "total_revenue": 1488484.7674835632,
  "total_contribution": 679700.357183563,
  "total_planned_kms": 30758.690000000002,
  "depot_avg_epk": 48.27839820265964,
  "depot_avg_or": 0.826856346203791,
  "revenue_by_quadrant": {
    "INEFFICIENT": 0.0,
    "OVERSUPPLY": 129123.07086994765,
    "UNDERSUPPLY": 1359361.6966136154
  },
  "contribution_by_quadrant": {
    "INEFFICIENT": -36393.62,
    "OVERSUPPLY": 39795.61886994765,
    "UNDERSUPPLY": 676298.3583136154
  }
}