{
  "depot": "HYDERABAD-II",
  "target_date": "2026-04-12",
  "predicted_depot_pkm": 1549045.375,
  "total_services": 94,
  "count_add_slot": 40,
  "count_cut": 0,
  "count_no_change": 54,
  "total_allocated_pkm": 1519988.3263009621,
  "quadrant_counts": {
    "UNDERSUPPLY": 50,
    "OVERSUPPLY": 44
  },
  "quadrant_pcts": {
    "UNDERSUPPLY": 53.2,
    "OVERSUPPLY": 46.8
  },
  "total_revenue": 2104773.445921689,
  "total_contribution": 1281071.9459216893,
  "total_planned_kms": 44645.0,
  "depot_avg_epk": 48.7000156951412,
  "depot_avg_or": 0.7741436954879855,
  "revenue_by_quadrant": {
    "OVERSUPPLY": 757057.7817333332,
    "UNDERSUPPLY": 1347715.6641883554
  },
  "contribution_by_quadrant": {
    "OVERSUPPLY": 334347.28173333325,
    "UNDERSUPPLY": 946724.6641883554
  }
}