{
  "depot": "IBRAHIMPATNAM",
  "target_date": "2026-04-12",
  "predicted_depot_pkm": 1835887.5,
  "total_services": 189,
  "count_add_slot": 104,
  "count_cut": 0,
  "count_no_change": 85,
  "total_allocated_pkm": 1718284.3627232932,
  "quadrant_counts": {
    "UNDERSUPPLY": 148,
    "OVERSUPPLY": 37,
    "INEFFICIENT": 4
  },
  "quadrant_pcts": {
    "UNDERSUPPLY": 78.3,
    "OVERSUPPLY": 19.6,
    "INEFFICIENT": 2.1
  },
  "total_revenue": 2295803.4132897872,
  "total_contribution": 1417213.2812897875,
  "total_planned_kms": 44778.7,
  "depot_avg_epk": 53.21391870324738,
  "depot_avg_or": 0.8685016871917323,
  "revenue_by_quadrant": {
    "INEFFICIENT": 25189.702783931214,
    "OVERSUPPLY": 325743.50810826046,
    "UNDERSUPPLY": 1944870.2023975959
  },
  "contribution_by_quadrant": {
    "INEFFICIENT": -2736.6572160687847,
    "OVERSUPPLY": 132539.92210826045,
    "UNDERSUPPLY": 1287410.0163975959
  }
}