{
  "depot": "BHUPALAPALLAY",
  "target_date": "2026-04-12",
  "predicted_depot_pkm": 1305073.375,
  "total_services": 86,
  "count_add_slot": 7,
  "count_cut": 0,
  "count_no_change": 79,
  "total_allocated_pkm": 1262975.4228530538,
  "quadrant_counts": {
    "OVERSUPPLY": 45,
    "UNDERSUPPLY": 34,
    "INEFFICIENT": 7
  },
  "quadrant_pcts": {
    "OVERSUPPLY": 52.3,
    "UNDERSUPPLY": 39.5,
    "INEFFICIENT": 8.1
  },
  "total_revenue": 1593378.624734049,
  "total_contribution": 756327.2847340491,
  "total_planned_kms": 40104.0,
  "depot_avg_epk": 39.50765163584698,
  "depot_avg_or": 0.6135823661095535,
  "revenue_by_quadrant": {
    "INEFFICIENT": 30938.40262819227,
    "OVERSUPPLY": 723594.2607231139,
    "UNDERSUPPLY": 838845.9613827431
  },
  "contribution_by_quadrant": {
    "INEFFICIENT": -32409.99737180773,
    "OVERSUPPLY": 301498.08072311385,
    "UNDERSUPPLY": 487239.201382743
  }
}