{
  "depot": "NIZAMABAD-I",
  "target_date": "2026-04-12",
  "predicted_depot_pkm": 1616284.875,
  "total_services": 125,
  "count_add_slot": 14,
  "count_cut": 0,
  "count_no_change": 111,
  "total_allocated_pkm": 1301631.2047473802,
  "quadrant_counts": {
    "OVERSUPPLY": 68,
    "UNDERSUPPLY": 40,
    "INEFFICIENT": 17
  },
  "quadrant_pcts": {
    "OVERSUPPLY": 54.4,
    "UNDERSUPPLY": 32.0,
    "INEFFICIENT": 13.6
  },
  "total_revenue": 1737365.7839963182,
  "total_contribution": 749641.803996318,
  "total_planned_kms": 51753.0,
  "depot_avg_epk": 35.73055214615116,
  "depot_avg_or": 0.5496130261063256,
  "revenue_by_quadrant": {
    "INEFFICIENT": 10175.309715274701,
    "OVERSUPPLY": 956015.3610521907,
    "UNDERSUPPLY": 771175.1132288526
  },
  "contribution_by_quadrant": {
    "INEFFICIENT": -165752.7502847253,
    "OVERSUPPLY": 431676.18105219066,
    "UNDERSUPPLY": 483718.3732288526
  }
}