{
  "depot": "NIZAMABAD-I",
  "target_date": "2026-04-05",
  "predicted_depot_pkm": 1622000.125,
  "total_services": 125,
  "count_add_slot": 15,
  "count_cut": 0,
  "count_no_change": 110,
  "total_allocated_pkm": 1351126.5432499892,
  "quadrant_counts": {
    "OVERSUPPLY": 66,
    "UNDERSUPPLY": 43,
    "INEFFICIENT": 16
  },
  "quadrant_pcts": {
    "OVERSUPPLY": 52.8,
    "UNDERSUPPLY": 34.4,
    "INEFFICIENT": 12.8
  },
  "total_revenue": 1793817.0341747985,
  "total_contribution": 806093.0541747988,
  "total_planned_kms": 51753.0,
  "depot_avg_epk": 36.91751263335063,
  "depot_avg_or": 0.5695321737737156,
  "revenue_by_quadrant": {
    "INEFFICIENT": 3737.9436880371554,
    "OVERSUPPLY": 971945.1034725121,
    "UNDERSUPPLY": 818133.9870142494
  },
  "contribution_by_quadrant": {
    "INEFFICIENT": -165735.55631196284,
    "OVERSUPPLY": 460207.6834725122,
    "UNDERSUPPLY": 511620.92701424944
  }
}