{
  "depot": "HAKIMPET",
  "target_date": "2026-04-05",
  "predicted_depot_pkm": 1094544.5,
  "total_services": 147,
  "count_add_slot": 40,
  "count_cut": 0,
  "count_no_change": 107,
  "total_allocated_pkm": 1019330.8523359754,
  "quadrant_counts": {
    "UNDERSUPPLY": 105,
    "OVERSUPPLY": 34,
    "INEFFICIENT": 8
  },
  "quadrant_pcts": {
    "UNDERSUPPLY": 71.4,
    "OVERSUPPLY": 23.1,
    "INEFFICIENT": 5.4
  },
  "total_revenue": 1373780.6908302158,
  "total_contribution": 564996.2805302159,
  "total_planned_kms": 30758.690000000002,
  "depot_avg_epk": 44.76331145986381,
  "depot_avg_or": 0.766824741893724,
  "revenue_by_quadrant": {
    "INEFFICIENT": 38771.75934287732,
    "OVERSUPPLY": 255282.03173206068,
    "UNDERSUPPLY": 1079726.8997552781
  },
  "contribution_by_quadrant": {
    "INEFFICIENT": -2648.2726571226835,
    "OVERSUPPLY": 75093.67493206069,
    "UNDERSUPPLY": 492550.87825527805
  }
}