{
  "depot": "BHUPALAPALLAY",
  "target_date": "2026-04-05",
  "predicted_depot_pkm": 1319687.75,
  "total_services": 86,
  "count_add_slot": 9,
  "count_cut": 0,
  "count_no_change": 77,
  "total_allocated_pkm": 1272088.7039277665,
  "quadrant_counts": {
    "OVERSUPPLY": 45,
    "UNDERSUPPLY": 31,
    "INEFFICIENT": 10
  },
  "quadrant_pcts": {
    "OVERSUPPLY": 52.3,
    "UNDERSUPPLY": 36.0,
    "INEFFICIENT": 11.6
  },
  "total_revenue": 1608634.6586633734,
  "total_contribution": 771583.3186633734,
  "total_planned_kms": 40104.0,
  "depot_avg_epk": 39.73701051259841,
  "depot_avg_or": 0.6158986588438995,
  "revenue_by_quadrant": {
    "INEFFICIENT": 60954.68225679036,
    "OVERSUPPLY": 760290.8698749132,
    "UNDERSUPPLY": 787389.1065316699
  },
  "contribution_by_quadrant": {
    "INEFFICIENT": -24306.41774320964,
    "OVERSUPPLY": 338049.8298749132,
    "UNDERSUPPLY": 457839.90653166984
  }
}