{
  "depot": "NARSAMPET",
  "target_date": "2026-03-15",
  "predicted_depot_pkm": 1822184.125,
  "total_services": 94,
  "count_add_slot": 56,
  "count_cut": 2,
  "count_no_change": 36,
  "total_allocated_pkm": 1758484.4451878734,
  "quadrant_counts": {
    "UNDERSUPPLY": 73,
    "OVERSUPPLY": 19,
    "INEFFICIENT": 2
  },
  "quadrant_pcts": {
    "UNDERSUPPLY": 77.7,
    "OVERSUPPLY": 20.2,
    "INEFFICIENT": 2.1
  },
  "total_revenue": 2102261.9111793283,
  "total_contribution": 1230369.7111793284,
  "total_planned_kms": 40599.0,
  "depot_avg_epk": 51.86346028389455,
  "depot_avg_or": 0.8574807724188624,
  "revenue_by_quadrant": {
    "INEFFICIENT": 0.0,
    "OVERSUPPLY": 288469.5320803255,
    "UNDERSUPPLY": 1813792.3790990028
  },
  "contribution_by_quadrant": {
    "INEFFICIENT": -17323.6,
    "OVERSUPPLY": 106835.31208032549,
    "UNDERSUPPLY": 1140857.999099003
  }
}