{
  "depot": "WARANGAL-II",
  "target_date": "2026-03-15",
  "predicted_depot_pkm": 2831774.5,
  "total_services": 158,
  "count_add_slot": 47,
  "count_cut": 5,
  "count_no_change": 106,
  "total_allocated_pkm": 2743553.146193983,
  "quadrant_counts": {
    "UNDERSUPPLY": 83,
    "INEFFICIENT": 42,
    "OVERSUPPLY": 33
  },
  "quadrant_pcts": {
    "UNDERSUPPLY": 52.5,
    "INEFFICIENT": 26.6,
    "OVERSUPPLY": 20.9
  },
  "total_revenue": 3618118.2508531325,
  "total_contribution": 664757.6908531322,
  "total_planned_kms": 75884.0,
  "depot_avg_epk": 48.01860547687458,
  "depot_avg_or": 0.7197734356251937,
  "revenue_by_quadrant": {
    "INEFFICIENT": 682775.9357570239,
    "OVERSUPPLY": 708871.2538879365,
    "UNDERSUPPLY": 2226471.061208172
  },
  "contribution_by_quadrant": {
    "INEFFICIENT": -199338.06424297608,
    "OVERSUPPLY": 80731.11388793647,
    "UNDERSUPPLY": 783364.6412081718
  }
}