{
  "depot": "MAHABOOBABAD",
  "target_date": "2026-03-15",
  "predicted_depot_pkm": 1304397.125,
  "total_services": 76,
  "count_add_slot": 33,
  "count_cut": 3,
  "count_no_change": 40,
  "total_allocated_pkm": 1255832.9942389869,
  "quadrant_counts": {
    "UNDERSUPPLY": 54,
    "OVERSUPPLY": 18,
    "INEFFICIENT": 4
  },
  "quadrant_pcts": {
    "UNDERSUPPLY": 71.1,
    "OVERSUPPLY": 23.7,
    "INEFFICIENT": 5.3
  },
  "total_revenue": 1459268.75123757,
  "total_contribution": 900780.9612375698,
  "total_planned_kms": 31066.0,
  "depot_avg_epk": 46.51569106451824,
  "depot_avg_or": 0.7718403296267943,
  "revenue_by_quadrant": {
    "INEFFICIENT": 10879.08352716339,
    "OVERSUPPLY": 251089.7792246994,
    "UNDERSUPPLY": 1197299.888485707
  },
  "contribution_by_quadrant": {
    "INEFFICIENT": -17341.36647283661,
    "OVERSUPPLY": 118287.5792246994,
    "UNDERSUPPLY": 799834.748485707
  }
}