{
  "depot": "CONTONMENT",
  "target_date": "2026-03-15",
  "predicted_depot_pkm": 1734638.875,
  "total_services": 280,
  "count_add_slot": 118,
  "count_cut": 0,
  "count_no_change": 162,
  "total_allocated_pkm": 1599913.1919648955,
  "quadrant_counts": {
    "UNDERSUPPLY": 161,
    "OVERSUPPLY": 83,
    "INEFFICIENT": 35,
    "SOCIAL_OBLIGATION": 1
  },
  "quadrant_pcts": {
    "UNDERSUPPLY": 57.5,
    "OVERSUPPLY": 29.6,
    "INEFFICIENT": 12.5,
    "SOCIAL_OBLIGATION": 0.4
  },
  "total_revenue": 2496963.4098058683,
  "total_contribution": 1035764.7248058682,
  "total_planned_kms": 46119.0,
  "depot_avg_epk": 56.87826734127251,
  "depot_avg_or": 0.8333344474407521,
  "revenue_by_quadrant": {
    "INEFFICIENT": 118525.87121421195,
    "OVERSUPPLY": 600385.9122075833,
    "SOCIAL_OBLIGATION": 7483.805733597096,
    "UNDERSUPPLY": 1770567.820650476
  },
  "contribution_by_quadrant": {
    "INEFFICIENT": -185597.86378578804,
    "OVERSUPPLY": 188628.5322075833,
    "SOCIAL_OBLIGATION": -43.19426640290385,
    "UNDERSUPPLY": 1032777.250650476
  }
}