{
  "depot": "NIZAMABAD-I",
  "target_date": "2026-03-15",
  "predicted_depot_pkm": 1710852.625,
  "total_services": 125,
  "count_add_slot": 28,
  "count_cut": 0,
  "count_no_change": 97,
  "total_allocated_pkm": 1551268.3661047558,
  "quadrant_counts": {
    "OVERSUPPLY": 62,
    "UNDERSUPPLY": 55,
    "INEFFICIENT": 8
  },
  "quadrant_pcts": {
    "OVERSUPPLY": 49.6,
    "UNDERSUPPLY": 44.0,
    "INEFFICIENT": 6.4
  },
  "total_revenue": 2049661.5818434935,
  "total_contribution": 1061937.6018434935,
  "total_planned_kms": 51753.0,
  "depot_avg_epk": 41.54397858404161,
  "depot_avg_or": 0.6413426682179794,
  "revenue_by_quadrant": {
    "INEFFICIENT": 33667.022661147166,
    "OVERSUPPLY": 904646.9580876605,
    "UNDERSUPPLY": 1111347.601094686
  },
  "contribution_by_quadrant": {
    "INEFFICIENT": -64720.017338852835,
    "OVERSUPPLY": 408929.8180876605,
    "UNDERSUPPLY": 717727.801094686
  }
}