{
  "depot": "BANSWADA",
  "target_date": "2026-03-15",
  "predicted_depot_pkm": 1627712.0,
  "total_services": 92,
  "count_add_slot": 40,
  "count_cut": 0,
  "count_no_change": 52,
  "total_allocated_pkm": 1547273.6319721306,
  "quadrant_counts": {
    "UNDERSUPPLY": 71,
    "OVERSUPPLY": 14,
    "INEFFICIENT": 7
  },
  "quadrant_pcts": {
    "UNDERSUPPLY": 77.2,
    "OVERSUPPLY": 15.2,
    "INEFFICIENT": 7.6
  },
  "total_revenue": 1863756.5736370254,
  "total_contribution": 1160385.3836370257,
  "total_planned_kms": 37832.0,
  "depot_avg_epk": 48.297374061434915,
  "depot_avg_or": 0.7761844050698928,
  "revenue_by_quadrant": {
    "INEFFICIENT": 32029.408554558606,
    "OVERSUPPLY": 143521.40153783126,
    "UNDERSUPPLY": 1688205.7635446356
  },
  "contribution_by_quadrant": {
    "INEFFICIENT": -17371.411445441398,
    "OVERSUPPLY": 44405.841537831264,
    "UNDERSUPPLY": 1133350.9535446356
  }
}