{
  "depot": "NIZAMABAD-I",
  "target_date": "2026-05-03",
  "predicted_depot_pkm": 1623075.25,
  "total_services": 125,
  "count_add_slot": 19,
  "count_cut": 0,
  "count_no_change": 106,
  "total_allocated_pkm": 1376717.907361713,
  "quadrant_counts": {
    "OVERSUPPLY": 64,
    "UNDERSUPPLY": 45,
    "INEFFICIENT": 16
  },
  "quadrant_pcts": {
    "OVERSUPPLY": 51.2,
    "UNDERSUPPLY": 36.0,
    "INEFFICIENT": 12.8
  },
  "total_revenue": 1829732.5928869045,
  "total_contribution": 842008.6128869045,
  "total_planned_kms": 51753.0,
  "depot_avg_epk": 37.53893339273465,
  "depot_avg_or": 0.5787180098090603,
  "revenue_by_quadrant": {
    "INEFFICIENT": 10015.61182250104,
    "OVERSUPPLY": 901707.2846187701,
    "UNDERSUPPLY": 918009.6964456334
  },
  "contribution_by_quadrant": {
    "INEFFICIENT": -156243.66817749897,
    "OVERSUPPLY": 407416.66461877007,
    "UNDERSUPPLY": 590835.6164456333
  }
}