{
  "depot": "HANAMKONDA",
  "target_date": "2026-03-25",
  "predicted_depot_pkm": 2321483.75,
  "total_services": 169,
  "count_add_slot": 65,
  "count_cut": 1,
  "count_no_change": 103,
  "total_allocated_pkm": 2154868.8212433117,
  "quadrant_counts": {
    "UNDERSUPPLY": 104,
    "OVERSUPPLY": 58,
    "INEFFICIENT": 6,
    "SOCIAL_OBLIGATION": 1
  },
  "quadrant_pcts": {
    "UNDERSUPPLY": 61.5,
    "OVERSUPPLY": 34.3,
    "INEFFICIENT": 3.6,
    "SOCIAL_OBLIGATION": 0.6
  },
  "total_revenue": 2656618.7567519,
  "total_contribution": 1164076.2467519,
  "total_planned_kms": 53984.0,
  "depot_avg_epk": 54.96545523494145,
  "depot_avg_or": 0.7842679183856617,
  "revenue_by_quadrant": {
    "INEFFICIENT": 53468.62420545533,
    "OVERSUPPLY": 861260.1409290951,
    "SOCIAL_OBLIGATION": 13552.655815344986,
    "UNDERSUPPLY": 1728337.3358020047
  },
  "contribution_by_quadrant": {
    "INEFFICIENT": -13827.11579454468,
    "OVERSUPPLY": 424704.2109290951,
    "SOCIAL_OBLIGATION": -879.3641846550145,
    "UNDERSUPPLY": 754078.5158020046
  }
}