{
  "depot": "HAKIMPET",
  "target_date": "2026-03-25",
  "predicted_depot_pkm": 1374908.375,
  "total_services": 147,
  "count_add_slot": 34,
  "count_cut": 0,
  "count_no_change": 113,
  "total_allocated_pkm": 1309684.0546971732,
  "quadrant_counts": {
    "UNDERSUPPLY": 104,
    "OVERSUPPLY": 43
  },
  "quadrant_pcts": {
    "UNDERSUPPLY": 70.7,
    "OVERSUPPLY": 29.3
  },
  "total_revenue": 1762611.8819469186,
  "total_contribution": 953876.5719469185,
  "total_planned_kms": 30757.0,
  "depot_avg_epk": 57.69575068022097,
  "depot_avg_or": 0.7802467531351922,
  "revenue_by_quadrant": {
    "OVERSUPPLY": 425137.32950778183,
    "UNDERSUPPLY": 1337474.5524391367
  },
  "contribution_by_quadrant": {
    "OVERSUPPLY": 197156.34950778182,
    "UNDERSUPPLY": 756720.2224391366
  }
}