{
  "depot": "NIZAMABAD-I",
  "target_date": "2026-04-15",
  "predicted_depot_pkm": 1697993.125,
  "total_services": 125,
  "count_add_slot": 19,
  "count_cut": 0,
  "count_no_change": 106,
  "total_allocated_pkm": 1375685.3379723849,
  "quadrant_counts": {
    "OVERSUPPLY": 65,
    "UNDERSUPPLY": 43,
    "INEFFICIENT": 17
  },
  "quadrant_pcts": {
    "OVERSUPPLY": 52.0,
    "UNDERSUPPLY": 34.4,
    "INEFFICIENT": 13.6
  },
  "total_revenue": 1830924.8695826896,
  "total_contribution": 843200.8895826897,
  "total_planned_kms": 51753.0,
  "depot_avg_epk": 37.57153740653935,
  "depot_avg_or": 0.5790510385210218,
  "revenue_by_quadrant": {
    "INEFFICIENT": 17280.552690347264,
    "OVERSUPPLY": 963438.4903792605,
    "UNDERSUPPLY": 850205.826513082
  },
  "contribution_by_quadrant": {
    "INEFFICIENT": -159982.78730965275,
    "OVERSUPPLY": 461757.6903792605,
    "UNDERSUPPLY": 541425.9865130819
  }
}