{
  "depot": "BANSWADA",
  "target_date": "2026-03-19",
  "predicted_depot_pkm": 1149330.5,
  "total_services": 92,
  "count_add_slot": 1,
  "count_cut": 0,
  "count_no_change": 91,
  "total_allocated_pkm": 1084589.862956265,
  "quadrant_counts": {
    "OVERSUPPLY": 64,
    "UNDERSUPPLY": 16,
    "INEFFICIENT": 12
  },
  "quadrant_pcts": {
    "OVERSUPPLY": 69.6,
    "UNDERSUPPLY": 17.4,
    "INEFFICIENT": 13.0
  },
  "total_revenue": 1306622.3080989185,
  "total_contribution": 603251.1180989185,
  "total_planned_kms": 37832.0,
  "depot_avg_epk": 33.9544666358888,
  "depot_avg_or": 0.5457427999577771,
  "revenue_by_quadrant": {
    "INEFFICIENT": 44259.33713950029,
    "OVERSUPPLY": 961336.1544558605,
    "UNDERSUPPLY": 301026.8165035577
  },
  "contribution_by_quadrant": {
    "INEFFICIENT": -43153.60286049971,
    "OVERSUPPLY": 458931.8244558605,
    "UNDERSUPPLY": 187472.8965035577
  }
}