{
  "depot": "HANAMKONDA",
  "target_date": "2026-03-19",
  "predicted_depot_pkm": 1878037.25,
  "total_services": 169,
  "count_add_slot": 32,
  "count_cut": 0,
  "count_no_change": 137,
  "total_allocated_pkm": 1827833.7380596446,
  "quadrant_counts": {
    "OVERSUPPLY": 73,
    "UNDERSUPPLY": 64,
    "INEFFICIENT": 25,
    "SOCIAL_OBLIGATION": 7
  },
  "quadrant_pcts": {
    "OVERSUPPLY": 43.2,
    "UNDERSUPPLY": 37.9,
    "INEFFICIENT": 14.8,
    "SOCIAL_OBLIGATION": 4.1
  },
  "total_revenue": 2277334.9052262995,
  "total_contribution": 784792.3952262994,
  "total_planned_kms": 53984.0,
  "depot_avg_epk": 48.00950713649409,
  "depot_avg_or": 0.6789946316324857,
  "revenue_by_quadrant": {
    "INEFFICIENT": 319335.2181269436,
    "OVERSUPPLY": 1029373.5946789791,
    "SOCIAL_OBLIGATION": 105800.98498167118,
    "UNDERSUPPLY": 822825.1074387056
  },
  "contribution_by_quadrant": {
    "INEFFICIENT": -61679.681873056434,
    "OVERSUPPLY": 444295.6646789791,
    "SOCIAL_OBLIGATION": -3457.3750183288375,
    "UNDERSUPPLY": 405633.7874387056
  }
}