{
  "depot": "WARANGAL-I",
  "target_date": "2026-03-19",
  "predicted_depot_pkm": 1728903.25,
  "total_services": 132,
  "count_add_slot": 3,
  "count_cut": 1,
  "count_no_change": 128,
  "total_allocated_pkm": 1609484.7515853536,
  "quadrant_counts": {
    "OVERSUPPLY": 95,
    "UNDERSUPPLY": 30,
    "INEFFICIENT": 7
  },
  "quadrant_pcts": {
    "OVERSUPPLY": 72.0,
    "UNDERSUPPLY": 22.7,
    "INEFFICIENT": 5.3
  },
  "total_revenue": 2355394.713940153,
  "total_contribution": 812364.1339401532,
  "total_planned_kms": 68078.0,
  "depot_avg_epk": 36.46779868651413,
  "depot_avg_or": 0.5652264042285862,
  "revenue_by_quadrant": {
    "INEFFICIENT": 76999.93120042371,
    "OVERSUPPLY": 1736304.4436869652,
    "UNDERSUPPLY": 542090.3390527643
  },
  "contribution_by_quadrant": {
    "INEFFICIENT": -14986.288799576292,
    "OVERSUPPLY": 594000.3836869652,
    "UNDERSUPPLY": 233350.03905276427
  }
}