{
  "depot": "NIZAMABAD-I",
  "target_date": "2026-03-19",
  "predicted_depot_pkm": 1255015.125,
  "total_services": 125,
  "count_add_slot": 0,
  "count_cut": 0,
  "count_no_change": 125,
  "total_allocated_pkm": 1115726.9042138327,
  "quadrant_counts": {
    "OVERSUPPLY": 103,
    "INEFFICIENT": 13,
    "UNDERSUPPLY": 9
  },
  "quadrant_pcts": {
    "OVERSUPPLY": 82.4,
    "INEFFICIENT": 10.4,
    "UNDERSUPPLY": 7.2
  },
  "total_revenue": 1473107.5958299735,
  "total_contribution": 485383.61582997395,
  "total_planned_kms": 51753.0,
  "depot_avg_epk": 30.088445178453302,
  "depot_avg_or": 0.4647362922442538,
  "revenue_by_quadrant": {
    "INEFFICIENT": 53669.61706296626,
    "OVERSUPPLY": 1271687.80577374,
    "UNDERSUPPLY": 147750.17299326765
  },
  "contribution_by_quadrant": {
    "INEFFICIENT": -93088.20293703374,
    "OVERSUPPLY": 492703.09577374,
    "UNDERSUPPLY": 85768.72299326767
  }
}