{
  "depot": "NIZAMABAD-I",
  "target_date": "2026-02-27",
  "predicted_depot_pkm": 2026716.75,
  "total_services": 125,
  "count_add_slot": 28,
  "count_cut": 0,
  "count_no_change": 97,
  "total_allocated_pkm": 1602750.6915388976,
  "quadrant_counts": {
    "UNDERSUPPLY": 58,
    "OVERSUPPLY": 57,
    "INEFFICIENT": 8,
    "SOCIAL_OBLIGATION": 2
  },
  "quadrant_pcts": {
    "UNDERSUPPLY": 46.4,
    "OVERSUPPLY": 45.6,
    "INEFFICIENT": 6.4,
    "SOCIAL_OBLIGATION": 1.6
  },
  "total_revenue": 2046126.0236699672,
  "total_contribution": 1058402.0436699672,
  "total_planned_kms": 51753.0,
  "depot_avg_epk": 41.30040951007228,
  "depot_avg_or": 0.6602075303831664,
  "revenue_by_quadrant": {
    "INEFFICIENT": 10939.783649390134,
    "OVERSUPPLY": 874849.2734622874,
    "SOCIAL_OBLIGATION": 0.0,
    "UNDERSUPPLY": 1160336.96655829
  },
  "contribution_by_quadrant": {
    "INEFFICIENT": -70680.23635060986,
    "OVERSUPPLY": 398568.2334622873,
    "SOCIAL_OBLIGATION": -15711.72,
    "UNDERSUPPLY": 746225.7665582898
  }
}