{
  "depot": "HANAMKONDA",
  "target_date": "2026-02-27",
  "predicted_depot_pkm": 2290257.25,
  "total_services": 169,
  "count_add_slot": 2,
  "count_cut": 1,
  "count_no_change": 166,
  "total_allocated_pkm": 1370979.320711787,
  "quadrant_counts": {
    "OVERSUPPLY": 92,
    "INEFFICIENT": 58,
    "UNDERSUPPLY": 17,
    "SOCIAL_OBLIGATION": 2
  },
  "quadrant_pcts": {
    "OVERSUPPLY": 54.4,
    "INEFFICIENT": 34.3,
    "UNDERSUPPLY": 10.1,
    "SOCIAL_OBLIGATION": 1.2
  },
  "total_revenue": 1637186.0096678608,
  "total_contribution": 144643.49966786068,
  "total_planned_kms": 53984.0,
  "depot_avg_epk": 34.24236685849179,
  "depot_avg_or": 0.5125066116220466,
  "revenue_by_quadrant": {
    "INEFFICIENT": 570698.1191121897,
    "OVERSUPPLY": 899065.982691987,
    "SOCIAL_OBLIGATION": 0.0,
    "UNDERSUPPLY": 167421.90786368403
  },
  "contribution_by_quadrant": {
    "INEFFICIENT": -208426.44088781034,
    "OVERSUPPLY": 288804.23269198695,
    "SOCIAL_OBLIGATION": -4736.8,
    "UNDERSUPPLY": 69002.50786368402
  }
}