{
  "depot": "THORROR",
  "target_date": "2026-02-27",
  "predicted_depot_pkm": 1894861.0,
  "total_services": 94,
  "count_add_slot": 57,
  "count_cut": 1,
  "count_no_change": 36,
  "total_allocated_pkm": 1826003.2902844225,
  "quadrant_counts": {
    "UNDERSUPPLY": 77,
    "OVERSUPPLY": 9,
    "INEFFICIENT": 5,
    "SOCIAL_OBLIGATION": 3
  },
  "quadrant_pcts": {
    "UNDERSUPPLY": 81.9,
    "OVERSUPPLY": 9.6,
    "INEFFICIENT": 5.3,
    "SOCIAL_OBLIGATION": 3.2
  },
  "total_revenue": 2146263.18412811,
  "total_contribution": 1208532.4141281096,
  "total_planned_kms": 40942.0,
  "depot_avg_epk": 52.42643498342928,
  "depot_avg_or": 0.882205834719236,
  "revenue_by_quadrant": {
    "INEFFICIENT": 0.0,
    "OVERSUPPLY": 163201.1587185642,
    "SOCIAL_OBLIGATION": 0.0,
    "UNDERSUPPLY": 1983062.0254095453
  },
  "contribution_by_quadrant": {
    "INEFFICIENT": -35171.48,
    "OVERSUPPLY": 76327.0987185642,
    "SOCIAL_OBLIGATION": -31135.41,
    "UNDERSUPPLY": 1198512.2054095452
  }
}