{
  "depot": "NARSAMPET",
  "target_date": "2026-02-27",
  "predicted_depot_pkm": 1738476.75,
  "total_services": 94,
  "count_add_slot": 48,
  "count_cut": 8,
  "count_no_change": 38,
  "total_allocated_pkm": 1643637.531154295,
  "quadrant_counts": {
    "UNDERSUPPLY": 62,
    "OVERSUPPLY": 14,
    "INEFFICIENT": 14,
    "SOCIAL_OBLIGATION": 4
  },
  "quadrant_pcts": {
    "UNDERSUPPLY": 66.0,
    "OVERSUPPLY": 14.9,
    "INEFFICIENT": 14.9,
    "SOCIAL_OBLIGATION": 4.3
  },
  "total_revenue": 1767729.1072907154,
  "total_contribution": 895836.9072907156,
  "total_planned_kms": 40599.0,
  "depot_avg_epk": 43.46127601914602,
  "depot_avg_or": 0.8008228596888108,
  "revenue_by_quadrant": {
    "INEFFICIENT": 14817.685194022539,
    "OVERSUPPLY": 256924.25014692137,
    "SOCIAL_OBLIGATION": 0.0,
    "UNDERSUPPLY": 1495987.1719497717
  },
  "contribution_by_quadrant": {
    "INEFFICIENT": -101764.87480597745,
    "OVERSUPPLY": 119120.47014692136,
    "SOCIAL_OBLIGATION": -39349.86,
    "UNDERSUPPLY": 917831.1719497716
  }
}