{
  "depot": "HYDERABAD-I",
  "target_date": "2026-02-27",
  "predicted_depot_pkm": 1651646.75,
  "total_services": 112,
  "count_add_slot": 36,
  "count_cut": 4,
  "count_no_change": 72,
  "total_allocated_pkm": 1584376.7628828706,
  "quadrant_counts": {
    "OVERSUPPLY": 50,
    "UNDERSUPPLY": 48,
    "INEFFICIENT": 13,
    "SOCIAL_OBLIGATION": 1
  },
  "quadrant_pcts": {
    "OVERSUPPLY": 44.6,
    "UNDERSUPPLY": 42.9,
    "INEFFICIENT": 11.6,
    "SOCIAL_OBLIGATION": 0.9
  },
  "total_revenue": 2129855.769769461,
  "total_contribution": 909134.529769461,
  "total_planned_kms": 56941.0,
  "depot_avg_epk": 40.900490414805596,
  "depot_avg_or": 0.6716523809548018,
  "revenue_by_quadrant": {
    "INEFFICIENT": 30563.3302918033,
    "OVERSUPPLY": 938644.5289146736,
    "SOCIAL_OBLIGATION": 0.0,
    "UNDERSUPPLY": 1160647.9105629842
  },
  "contribution_by_quadrant": {
    "INEFFICIENT": -186294.2697081967,
    "OVERSUPPLY": 332035.4689146736,
    "SOCIAL_OBLIGATION": -8142.64,
    "UNDERSUPPLY": 771535.9705629841
  }
}