{
  "depot": "JANGAON",
  "target_date": "2026-02-27",
  "predicted_depot_pkm": 2209087.5,
  "total_services": 115,
  "count_add_slot": 54,
  "count_cut": 0,
  "count_no_change": 61,
  "total_allocated_pkm": 2080632.4740555824,
  "quadrant_counts": {
    "UNDERSUPPLY": 82,
    "OVERSUPPLY": 20,
    "INEFFICIENT": 8,
    "SOCIAL_OBLIGATION": 5
  },
  "quadrant_pcts": {
    "UNDERSUPPLY": 71.3,
    "OVERSUPPLY": 17.4,
    "INEFFICIENT": 7.0,
    "SOCIAL_OBLIGATION": 4.3
  },
  "total_revenue": 2235045.7281855736,
  "total_contribution": 1450168.048185574,
  "total_planned_kms": 49455.0,
  "depot_avg_epk": 45.21535452478048,
  "depot_avg_or": 0.8159345331791752,
  "revenue_by_quadrant": {
    "INEFFICIENT": 12902.513821867644,
    "OVERSUPPLY": 347717.3548447674,
    "SOCIAL_OBLIGATION": 0.0,
    "UNDERSUPPLY": 1874425.859518939
  },
  "contribution_by_quadrant": {
    "INEFFICIENT": -41535.40617813236,
    "OVERSUPPLY": 190798.31484476745,
    "SOCIAL_OBLIGATION": -21901.440000000002,
    "UNDERSUPPLY": 1322806.579518939
  }
}