{
  "depot": "BODHAN",
  "target_date": "2026-02-28",
  "predicted_depot_pkm": 1785457.75,
  "total_services": 101,
  "count_add_slot": 31,
  "count_cut": 0,
  "count_no_change": 70,
  "total_allocated_pkm": 1530567.0994754836,
  "quadrant_counts": {
    "UNDERSUPPLY": 51,
    "OVERSUPPLY": 42,
    "INEFFICIENT": 7,
    "SOCIAL_OBLIGATION": 1
  },
  "quadrant_pcts": {
    "UNDERSUPPLY": 50.5,
    "OVERSUPPLY": 41.6,
    "INEFFICIENT": 6.9,
    "SOCIAL_OBLIGATION": 1.0
  },
  "total_revenue": 1948979.0473852954,
  "total_contribution": 1012990.6873852955,
  "total_planned_kms": 49952.0,
  "depot_avg_epk": 40.61731109254747,
  "depot_avg_or": 0.6785464654750248,
  "revenue_by_quadrant": {
    "INEFFICIENT": 15289.8964930334,
    "OVERSUPPLY": 841979.558259716,
    "SOCIAL_OBLIGATION": 0.0,
    "UNDERSUPPLY": 1091709.5926325459
  },
  "contribution_by_quadrant": {
    "INEFFICIENT": -35707.5235069666,
    "OVERSUPPLY": 332687.678259716,
    "SOCIAL_OBLIGATION": -5451.84,
    "UNDERSUPPLY": 721462.3726325459
  }
}