{
  "depot": "HAKIMPET",
  "target_date": "2026-04-29",
  "predicted_depot_pkm": 1334416.625,
  "total_services": 147,
  "count_add_slot": 85,
  "count_cut": 0,
  "count_no_change": 62,
  "total_allocated_pkm": 999405.7377262842,
  "quadrant_counts": {
    "UNDERSUPPLY": 111,
    "INEFFICIENT": 23,
    "OVERSUPPLY": 13
  },
  "quadrant_pcts": {
    "UNDERSUPPLY": 75.5,
    "INEFFICIENT": 15.6,
    "OVERSUPPLY": 8.8
  },
  "total_revenue": 1343476.360842427,
  "total_contribution": 534691.9505424269,
  "total_planned_kms": 30758.690000000002,
  "depot_avg_epk": 45.23970920089145,
  "depot_avg_or": 0.7758995535277854,
  "revenue_by_quadrant": {
    "INEFFICIENT": 9019.76518838951,
    "OVERSUPPLY": 100219.41872911814,
    "UNDERSUPPLY": 1234237.1769249192
  },
  "contribution_by_quadrant": {
    "INEFFICIENT": -128968.1996116105,
    "OVERSUPPLY": 28335.87192911814,
    "UNDERSUPPLY": 635324.2782249192
  }
}