{
  "depot": "BANSWADA",
  "target_date": "2026-04-29",
  "predicted_depot_pkm": 1519277.75,
  "total_services": 92,
  "count_add_slot": 10,
  "count_cut": 0,
  "count_no_change": 82,
  "total_allocated_pkm": 1370541.9676336898,
  "quadrant_counts": {
    "OVERSUPPLY": 43,
    "UNDERSUPPLY": 41,
    "INEFFICIENT": 8
  },
  "quadrant_pcts": {
    "OVERSUPPLY": 46.7,
    "UNDERSUPPLY": 44.6,
    "INEFFICIENT": 8.7
  },
  "total_revenue": 1634594.4056676186,
  "total_contribution": 931223.2156676188,
  "total_planned_kms": 37832.0,
  "depot_avg_epk": 42.321620648309796,
  "depot_avg_or": 0.63984584237485,
  "revenue_by_quadrant": {
    "INEFFICIENT": 7698.870907943175,
    "OVERSUPPLY": 652677.913303783,
    "UNDERSUPPLY": 974217.6214558926
  },
  "contribution_by_quadrant": {
    "INEFFICIENT": -51055.61909205683,
    "OVERSUPPLY": 338634.183303783,
    "UNDERSUPPLY": 643644.6514558925
  }
}