{
  "depot": "CONTONMENT",
  "target_date": "2026-04-29",
  "predicted_depot_pkm": 1805171.5,
  "total_services": 280,
  "count_add_slot": 133,
  "count_cut": 0,
  "count_no_change": 147,
  "total_allocated_pkm": 1378797.225634975,
  "quadrant_counts": {
    "UNDERSUPPLY": 159,
    "OVERSUPPLY": 61,
    "INEFFICIENT": 55,
    "SOCIAL_OBLIGATION": 5
  },
  "quadrant_pcts": {
    "UNDERSUPPLY": 56.8,
    "OVERSUPPLY": 21.8,
    "INEFFICIENT": 19.6,
    "SOCIAL_OBLIGATION": 1.8
  },
  "total_revenue": 2231187.959216278,
  "total_contribution": 770416.897816278,
  "total_planned_kms": 46115.74,
  "depot_avg_epk": 52.9667527884666,
  "depot_avg_or": 0.8350825356830216,
  "revenue_by_quadrant": {
    "INEFFICIENT": 97184.60106972622,
    "OVERSUPPLY": 438370.1333093612,
    "SOCIAL_OBLIGATION": 33464.80429111721,
    "UNDERSUPPLY": 1662168.4205460735
  },
  "contribution_by_quadrant": {
    "INEFFICIENT": -311992.8731302738,
    "OVERSUPPLY": 140390.36730936117,
    "SOCIAL_OBLIGATION": -4679.715708882791,
    "UNDERSUPPLY": 946699.1193460735
  }
}