{
  "depot": "THORROR",
  "target_date": "2026-04-29",
  "predicted_depot_pkm": 1600672.75,
  "total_services": 94,
  "count_add_slot": 28,
  "count_cut": 0,
  "count_no_change": 66,
  "total_allocated_pkm": 1497612.351159729,
  "quadrant_counts": {
    "UNDERSUPPLY": 61,
    "OVERSUPPLY": 28,
    "INEFFICIENT": 5
  },
  "quadrant_pcts": {
    "UNDERSUPPLY": 64.9,
    "OVERSUPPLY": 29.8,
    "INEFFICIENT": 5.3
  },
  "total_revenue": 1857274.1347255562,
  "total_contribution": 919543.3647255561,
  "total_planned_kms": 40942.0,
  "depot_avg_epk": 45.66903420172928,
  "depot_avg_or": 0.7244957055811369,
  "revenue_by_quadrant": {
    "INEFFICIENT": 28379.69496983207,
    "OVERSUPPLY": 452065.0519231668,
    "UNDERSUPPLY": 1376829.3878325573
  },
  "contribution_by_quadrant": {
    "INEFFICIENT": -16348.485030167927,
    "OVERSUPPLY": 171478.61192316678,
    "UNDERSUPPLY": 764413.2378325572
  }
}