{
  "depot": "MANCHERIAL",
  "target_date": "2026-05-08",
  "predicted_depot_pkm": 2132117.5,
  "total_services": 146,
  "count_add_slot": 42,
  "count_cut": 0,
  "count_no_change": 104,
  "total_allocated_pkm": 2084139.9297387954,
  "quadrant_counts": {
    "UNDERSUPPLY": 83,
    "OVERSUPPLY": 53,
    "INEFFICIENT": 10
  },
  "quadrant_pcts": {
    "UNDERSUPPLY": 56.8,
    "OVERSUPPLY": 36.3,
    "INEFFICIENT": 6.8
  },
  "total_revenue": 2625619.8344557276,
  "total_contribution": 1082044.8344557278,
  "total_planned_kms": 61743.0,
  "depot_avg_epk": 42.95444981053247,
  "depot_avg_or": 0.7002761714597842,
  "revenue_by_quadrant": {
    "INEFFICIENT": 57370.80979973802,
    "OVERSUPPLY": 904722.6977447207,
    "UNDERSUPPLY": 1663526.326911269
  },
  "contribution_by_quadrant": {
    "INEFFICIENT": -36529.19020026198,
    "OVERSUPPLY": 261772.69774472076,
    "UNDERSUPPLY": 856801.326911269
  }
}