{
  "depot": "RANIGUNJ-I",
  "target_date": "2026-05-08",
  "predicted_depot_pkm": 1606652.0,
  "total_services": 222,
  "count_add_slot": 162,
  "count_cut": 0,
  "count_no_change": 60,
  "total_allocated_pkm": 1517292.2636229256,
  "quadrant_counts": {
    "UNDERSUPPLY": 194,
    "OVERSUPPLY": 22,
    "INEFFICIENT": 6
  },
  "quadrant_pcts": {
    "UNDERSUPPLY": 87.4,
    "OVERSUPPLY": 9.9,
    "INEFFICIENT": 2.7
  },
  "total_revenue": 2230672.495717853,
  "total_contribution": 1341510.4957178528,
  "total_planned_kms": 35566.479999999996,
  "depot_avg_epk": 65.51271079698438,
  "depot_avg_or": 1.1234845424136077,
  "revenue_by_quadrant": {
    "INEFFICIENT": 23281.75950973657,
    "OVERSUPPLY": 145206.6577199855,
    "UNDERSUPPLY": 2062184.078488131
  },
  "contribution_by_quadrant": {
    "INEFFICIENT": -7993.24049026343,
    "OVERSUPPLY": 37206.6577199855,
    "UNDERSUPPLY": 1312297.078488131
  }
}