{
  "depot": "MIDHANI",
  "target_date": "2026-05-08",
  "predicted_depot_pkm": 1284148.125,
  "total_services": 144,
  "count_add_slot": 107,
  "count_cut": 0,
  "count_no_change": 37,
  "total_allocated_pkm": 1170961.7048580167,
  "quadrant_counts": {
    "UNDERSUPPLY": 118,
    "INEFFICIENT": 23,
    "OVERSUPPLY": 3
  },
  "quadrant_pcts": {
    "UNDERSUPPLY": 81.9,
    "INEFFICIENT": 16.0,
    "OVERSUPPLY": 2.1
  },
  "total_revenue": 1607927.372160127,
  "total_contribution": 935445.8721601269,
  "total_planned_kms": 26899.260000000002,
  "depot_avg_epk": 63.22007483789082,
  "depot_avg_or": 1.0026615542572053,
  "revenue_by_quadrant": {
    "INEFFICIENT": 45642.36137071293,
    "OVERSUPPLY": 16181.561439830395,
    "UNDERSUPPLY": 1546103.4493495836
  },
  "contribution_by_quadrant": {
    "INEFFICIENT": -91732.63862928707,
    "OVERSUPPLY": 5656.561439830394,
    "UNDERSUPPLY": 1021521.9493495835
  }
}