{
  "depot": "NARSAMPET",
  "target_date": "2026-05-08",
  "predicted_depot_pkm": 1606547.125,
  "total_services": 94,
  "count_add_slot": 46,
  "count_cut": 6,
  "count_no_change": 42,
  "total_allocated_pkm": 1514777.2206912257,
  "quadrant_counts": {
    "UNDERSUPPLY": 68,
    "OVERSUPPLY": 17,
    "INEFFICIENT": 9
  },
  "quadrant_pcts": {
    "UNDERSUPPLY": 72.3,
    "OVERSUPPLY": 18.1,
    "INEFFICIENT": 9.6
  },
  "total_revenue": 1810440.2320180428,
  "total_contribution": 938548.0320180426,
  "total_planned_kms": 40599.0,
  "depot_avg_epk": 44.728980190173864,
  "depot_avg_or": 0.7693949243134576,
  "revenue_by_quadrant": {
    "INEFFICIENT": 17508.791954216988,
    "OVERSUPPLY": 296494.986878474,
    "UNDERSUPPLY": 1496436.453185352
  },
  "contribution_by_quadrant": {
    "INEFFICIENT": -49274.60804578301,
    "OVERSUPPLY": 123233.566878474,
    "UNDERSUPPLY": 864589.0731853519
  }
}