{
  "depot": "BARKATPURA",
  "target_date": "2026-05-08",
  "predicted_depot_pkm": 1459897.5,
  "total_services": 142,
  "count_add_slot": 98,
  "count_cut": 1,
  "count_no_change": 43,
  "total_allocated_pkm": 1420182.612595667,
  "quadrant_counts": {
    "UNDERSUPPLY": 100,
    "INEFFICIENT": 41,
    "OVERSUPPLY": 1
  },
  "quadrant_pcts": {
    "UNDERSUPPLY": 70.4,
    "INEFFICIENT": 28.9,
    "OVERSUPPLY": 0.7
  },
  "total_revenue": 1901552.171198234,
  "total_contribution": 1181202.1711982342,
  "total_planned_kms": 28814.0,
  "depot_avg_epk": 64.76134791064675,
  "depot_avg_or": 1.0548950145720952,
  "revenue_by_quadrant": {
    "INEFFICIENT": 43149.545290466805,
    "OVERSUPPLY": 4417.568107878997,
    "UNDERSUPPLY": 1853985.0577998883
  },
  "contribution_by_quadrant": {
    "INEFFICIENT": -162375.4547095332,
    "OVERSUPPLY": 617.5681078789967,
    "UNDERSUPPLY": 1342960.0577998883
  }
}