{
  "depot": "GWL-PRGPR",
  "target_date": "2026-05-08",
  "predicted_depot_pkm": 1552213.25,
  "total_services": 79,
  "count_add_slot": 38,
  "count_cut": 2,
  "count_no_change": 39,
  "total_allocated_pkm": 1459975.6597336256,
  "quadrant_counts": {
    "UNDERSUPPLY": 59,
    "OVERSUPPLY": 17,
    "INEFFICIENT": 3
  },
  "quadrant_pcts": {
    "UNDERSUPPLY": 74.7,
    "OVERSUPPLY": 21.5,
    "INEFFICIENT": 3.8
  },
  "total_revenue": 1663420.7651612258,
  "total_contribution": 869570.7651612256,
  "total_planned_kms": 31754.0,
  "depot_avg_epk": 52.54742183111152,
  "depot_avg_or": 0.8078182725186381,
  "revenue_by_quadrant": {
    "INEFFICIENT": 15309.915988577224,
    "OVERSUPPLY": 280225.0004175729,
    "UNDERSUPPLY": 1367885.8487550756
  },
  "contribution_by_quadrant": {
    "INEFFICIENT": -10190.084011422776,
    "OVERSUPPLY": 95400.00041757291,
    "UNDERSUPPLY": 784360.8487550756
  }
}