{
  "depot": "WARANGAL-II",
  "target_date": "2026-05-08",
  "predicted_depot_pkm": 2399663.25,
  "total_services": 158,
  "count_add_slot": 18,
  "count_cut": 1,
  "count_no_change": 139,
  "total_allocated_pkm": 2367972.977453687,
  "quadrant_counts": {
    "UNDERSUPPLY": 61,
    "INEFFICIENT": 55,
    "OVERSUPPLY": 38,
    "SOCIAL_OBLIGATION": 4
  },
  "quadrant_pcts": {
    "UNDERSUPPLY": 38.6,
    "INEFFICIENT": 34.8,
    "OVERSUPPLY": 24.1,
    "SOCIAL_OBLIGATION": 2.5
  },
  "total_revenue": 3105453.3475093646,
  "total_contribution": 182022.38750936516,
  "total_planned_kms": 75132.0,
  "depot_avg_epk": 41.56142510365023,
  "depot_avg_or": 0.646211912674738,
  "revenue_by_quadrant": {
    "INEFFICIENT": 728999.6310677505,
    "OVERSUPPLY": 716707.7532077227,
    "SOCIAL_OBLIGATION": 82267.9817607381,
    "UNDERSUPPLY": 1577477.9814731537
  },
  "contribution_by_quadrant": {
    "INEFFICIENT": -358384.06893224944,
    "OVERSUPPLY": 82222.21320772266,
    "SOCIAL_OBLIGATION": -2426.4182392618895,
    "UNDERSUPPLY": 460610.6614731538
  }
}