{
  "depot": "FALAKNUMA",
  "target_date": "2026-05-08",
  "predicted_depot_pkm": 1497152.5,
  "total_services": 148,
  "count_add_slot": 114,
  "count_cut": 0,
  "count_no_change": 34,
  "total_allocated_pkm": 1396710.532379625,
  "quadrant_counts": {
    "UNDERSUPPLY": 116,
    "INEFFICIENT": 19,
    "OVERSUPPLY": 13
  },
  "quadrant_pcts": {
    "UNDERSUPPLY": 78.4,
    "INEFFICIENT": 12.8,
    "OVERSUPPLY": 8.8
  },
  "total_revenue": 1862599.725917293,
  "total_contribution": 1162449.725917293,
  "total_planned_kms": 28006.0,
  "depot_avg_epk": 64.90674527680744,
  "depot_avg_or": 1.0542863402861928,
  "revenue_by_quadrant": {
    "INEFFICIENT": 14735.488347640852,
    "OVERSUPPLY": 58186.894684106475,
    "UNDERSUPPLY": 1789677.3428855457
  },
  "contribution_by_quadrant": {
    "INEFFICIENT": -52964.51165235915,
    "OVERSUPPLY": 12061.894684106475,
    "UNDERSUPPLY": 1203352.3428855457
  }
}